year,month,monthDay,weekDay,hour,numVictims,numSlightlyInjured,numSeverelyInjured,numMortallyInjured,numDiedWithin24Hours,numDiedWithin30Days,victimType,roadUserType,roadType,lightConditions,collisionType,areaType,age,sex,municipality
1995,1,,4,21,1,1,0,0,0,0,1,22,2,3,5,1,44,1,11002
1995,1,,7,17,0,0,0,0,0,0,1,1,2,1,3,1,47,2,11002
1995,1,,2,9,1,1,0,0,0,0,1,18,2,1,2,2,12,1,11050
1995,1,,1,8,0,0,0,0,0,0,1,1,1,3,1,2,36,1,11052
1995,1,,5,16,1,1,0,0,0,0,2,1,2,1,3,2,68,2,11024
1995,1,,6,19,0,0,0,0,0,0,1,1,1,3,1,2,22,1,11009
1995,1,,4,13,1,1,0,0,0,0,1,22,2,1,5,1,19,2,11002
1995,1,,1,9,1,1,0,0,0,0,1,15,2,1,3,1,17,2,11002
1995,1,,4,3,1,1,0,0,0,0,1,1,2,3,4,1,25,1,31005
1995,1,,4,2,0,0,0,0,0,0,1,1,2,3,4,1,25,1,21018
1995,1,,5,0,1,1,0,0,0,0,1,1,2,3,2,1,51,2,21018
1995,1,,2,21,1,0,1,0,0,0,1,1,2,3,3,1,50,2,21010
1995,1,,5,2,1,1,0,0,0,0,2,1,2,3,6,1,42,2,21008
1995,1,,6,21,0,0,0,0,0,0,1,1,2,3,,1,33,1,21009
1995,1,,4,20,1,1,0,0,0,0,1,1,2,3,3,2,22,2,21004
1995,1,,6,17,1,1,0,0,0,0,1,1,2,3,4,1,18,2,21004
1995,1,,7,11,0,0,0,0,0,0,1,2,2,1,4,1,34,2,21005
1995,1,,4,20,1,1,0,0,0,0,1,1,2,3,3,2,26,1,21004
1995,1,,3,14,1,1,0,0,0,0,1,16,2,1,4,2,30,1,13040
1995,1,,3,13,0,0,0,0,0,0,1,1,2,1,3,2,34,1,13011
1995,1,,5,8,1,1,0,0,0,0,2,1,2,2,1,2,47,2,12030
1995,1,,7,19,0,0,0,0,0,0,1,1,2,3,4,1,56,1,12025
1995,1,,6,14,0,0,0,0,0,0,1,1,2,1,4,2,37,1,25105
1995,1,,6,2,0,0,0,0,0,0,1,1,2,3,1,1,21,1,25014
1995,1,,4,19,1,0,1,0,0,0,1,1,2,3,3,2,81,1,24133
1995,1,,6,16,0,0,0,0,0,0,1,1,2,1,5,1,47,1,24137
1995,1,,5,13,1,1,0,0,0,0,1,18,2,1,4,1,26,2,24062
1995,1,,5,22,1,1,0,0,0,0,1,6,1,3,7,2,32,1,23099
1995,1,,7,16,0,0,0,0,0,0,1,1,2,1,4,2,37,1,23060
1995,1,,1,16,0,0,0,0,0,0,1,1,1,1,4,2,33,1,23016
1995,1,,6,15,1,1,0,0,0,0,1,1,2,1,4,2,28,1,23033
1995,1,,3,11,0,0,0,0,0,0,1,1,2,1,1,2,41,1,23002
1995,1,,7,12,1,0,1,0,0,0,2,1,2,1,4,1,19,2,72039
1995,1,,2,5,1,0,1,0,0,0,1,1,1,3,3,2,24,1,62119
1995,1,,7,15,1,1,0,0,0,0,1,1,2,1,4,2,23,2,45063
1995,1,,3,19,1,1,0,0,0,0,1,22,2,3,5,1,58,2,53082
1995,1,,7,16,1,1,0,0,0,0,2,1,2,1,7,2,,1,93088
1995,1,,3,19,1,1,0,0,0,0,1,22,2,3,5,2,33,1,93056
1995,1,,3,19,1,0,1,0,0,0,1,2,2,3,4,2,39,2,92048
1995,1,,7,5,1,0,1,0,0,0,1,22,2,3,5,2,19,2,92048
1995,1,,7,19,1,1,0,0,0,0,2,1,2,3,4,1,62,2,91141
1995,1,,1,6,1,1,0,0,0,0,1,2,2,3,7,2,25,2,85009
1995,1,,7,8,1,1,0,0,0,0,1,14,2,2,7,2,23,1,73083
1995,1,,3,17,0,0,0,0,0,0,1,1,2,1,4,2,29,2,82003
1995,1,,5,0,1,0,1,0,0,0,2,1,2,3,2,2,26,1,81001
1995,1,,6,14,0,0,0,0,0,0,1,1,2,1,4,1,47,1,73107
1995,1,,7,12,1,0,1,0,0,0,1,1,2,1,3,2,30,1,73006
1995,1,,7,14,0,0,0,0,0,0,1,1,2,1,3,1,39,1,71067
1995,1,,2,13,1,1,0,0,0,0,1,18,2,1,4,2,14,2,72025
1995,1,,3,18,0,0,0,0,0,0,1,1,2,3,4,1,26,1,73009
1995,1,,3,18,1,1,0,0,0,0,1,3,2,3,4,1,34,2,73009
1995,1,,1,5,1,1,0,0,0,0,1,1,2,3,7,2,27,1,71057
1995,1,,3,9,1,1,0,0,0,0,1,1,2,1,2,1,69,1,71004
1995,1,,7,1,1,0,0,0,1,1,1,22,2,3,5,1,62,1,63058
1995,1,,4,15,1,1,0,0,0,0,1,1,2,1,2,1,21,1,63076
1995,1,,4,8,1,1,0,0,0,0,1,1,2,2,2,2,28,1,63076
1995,1,,6,18,1,1,0,0,0,0,1,1,2,3,4,1,37,1,62063
1995,1,,4,20,1,1,0,0,0,0,1,22,2,3,5,1,58,2,62063
1995,1,,1,8,0,0,0,0,0,0,1,1,2,3,4,1,32,1,62063
1995,1,,5,18,1,1,0,0,0,0,1,22,2,2,5,1,16,2,62051
1995,1,,2,15,1,1,0,0,0,0,1,16,2,1,4,2,16,1,61068
1995,1,,1,11,1,1,0,0,0,0,1,22,2,1,5,1,46,1,57081
1995,1,,3,12,1,1,0,0,0,0,1,1,2,1,3,2,51,1,53053
1995,1,,7,18,1,1,0,0,0,0,1,1,2,3,2,1,35,1,53014
1995,1,,7,9,0,0,0,0,0,0,1,10,2,1,4,1,43,1,53053
1995,1,,1,19,0,0,0,0,0,0,1,1,2,3,4,1,73,1,52011
1995,1,,1,18,1,1,0,0,0,0,1,1,2,1,4,1,19,1,46021
1995,1,,1,18,1,1,0,0,0,0,1,18,2,2,4,1,73,2,46021
1995,1,,3,18,1,1,0,0,0,0,1,1,2,3,2,2,59,2,46021
1995,1,,3,14,1,1,0,0,0,0,2,1,2,1,4,1,19,2,46021
1995,1,,3,19,0,0,0,0,0,0,1,1,2,3,,2,37,1,46021
1995,1,,7,16,0,0,0,0,0,0,1,1,2,1,1,2,31,1,46020
1995,1,,7,15,1,1,0,0,0,0,2,1,2,1,3,2,2,1,45017
1995,1,,5,9,1,1,0,0,0,0,1,1,2,1,2,2,30,2,46003
1995,1,,7,15,1,1,0,0,0,0,2,1,2,1,2,2,25,2,45041
1995,1,,5,18,0,0,0,0,0,0,1,1,2,2,2,2,50,1,46003
1995,1,,3,16,1,1,0,0,0,0,1,1,2,1,4,1,65,1,46003
1995,1,,6,11,0,0,0,0,0,0,1,1,2,1,4,1,28,1,44049
1995,1,,1,15,1,1,0,0,0,0,2,1,2,1,4,2,65,2,44043
1995,1,,3,15,0,0,0,0,0,0,1,1,2,1,2,2,30,1,44048
1995,1,,2,0,1,1,0,0,0,0,1,1,2,3,3,2,19,1,44021
1995,1,,7,9,1,1,0,0,0,0,1,1,2,1,7,2,23,1,44021
1995,1,,4,17,0,0,0,0,0,0,1,1,2,2,3,2,26,1,43018
1995,1,,5,17,1,0,1,0,0,0,1,15,2,1,4,2,18,2,43005
1995,1,,1,15,1,1,0,0,0,0,2,10,1,1,3,2,29,1,41034
1995,1,,4,8,1,0,1,0,0,0,2,1,1,2,7,2,53,1,38016
1995,1,,2,17,1,1,0,0,0,0,1,16,2,1,2,1,17,1,34041
1995,1,,7,22,1,0,1,0,0,0,2,1,2,3,3,1,12,2,35006
1995,1,,2,15,1,1,0,0,0,0,1,1,2,1,4,1,36,1,35002
1995,1,,7,12,0,0,0,0,0,0,1,1,2,1,4,1,25,1,34027
1995,1,,7,12,1,1,0,0,0,0,2,1,2,1,4,1,42,2,34027
1995,1,,2,17,0,0,0,0,0,0,1,9,2,1,4,2,,1,31022
1995,1,,3,8,0,0,0,0,0,0,1,2,2,3,4,1,22,1,31033
1995,1,,4,17,1,0,1,0,0,0,2,1,2,2,3,2,7,2,31040
1995,1,,1,17,1,1,0,0,0,0,2,1,2,1,4,1,2,2,31043
1995,2,,2,14,1,1,0,0,0,0,1,2,2,1,3,2,30,2,31040
1995,2,,7,3,1,0,1,0,0,0,2,1,2,3,7,2,19,1,31012
1995,2,,1,23,0,0,0,0,0,0,1,1,2,3,4,1,24,1,31043
1995,2,,2,16,1,0,1,0,0,0,1,1,2,1,4,2,30,1,31033
1995,2,,4,13,1,0,1,0,0,0,1,1,2,1,4,2,26,2,31022
1995,2,,4,19,1,1,0,0,0,0,1,15,2,3,2,2,17,2,31033
1995,2,,5,14,1,1,0,0,0,0,1,1,2,1,2,2,54,1,33011
1995,2,,5,14,0,0,0,0,0,0,1,6,2,1,2,2,41,1,32011
1995,2,,2,17,1,1,0,0,0,0,1,15,2,1,3,1,20,1,33011
1995,2,,3,11,0,0,0,0,0,0,1,1,2,1,4,2,40,2,34023
1995,2,,2,13,1,1,0,0,0,0,1,18,2,1,3,1,15,1,34022
1995,2,,4,5,1,0,1,0,0,0,1,16,2,3,3,1,44,2,34022
1995,2,,6,16,1,1,0,0,0,0,1,1,2,1,2,2,33,1,34041
1995,2,,7,14,1,1,0,0,0,0,1,1,2,1,2,1,46,2,35013
1995,2,,3,13,1,1,0,0,0,0,2,1,2,1,4,1,9,2,37011
1995,2,,2,17,1,1,0,0,0,0,2,1,1,1,7,2,6,1,41002
1995,2,,3,16,0,0,0,0,0,0,1,1,2,1,5,1,56,1,41018
1995,2,,6,13,0,0,0,0,0,0,1,2,2,1,4,1,35,1,42011
1995,2,,7,21,0,0,0,0,0,0,1,4,2,3,2,1,41,1,42003
1995,2,,5,15,1,1,0,0,0,0,1,1,2,1,3,2,28,2,44021
1995,2,,5,14,0,0,0,0,0,0,1,2,2,1,4,2,20,2,44019
1995,2,,3,19,0,0,0,0,0,0,1,22,2,2,5,1,13,1,44021
1995,2,,1,18,1,1,0,0,0,0,1,18,2,2,3,1,11,1,45041
1995,2,,7,1,1,0,1,0,0,0,1,1,2,3,2,1,22,1,52010
1995,2,,7,15,1,1,0,0,0,0,1,1,2,1,1,2,42,1,52011
1995,2,,6,5,1,0,1,0,0,0,1,2,2,3,7,1,41,1,52011
1995,2,,2,15,1,1,0,0,0,0,1,1,2,1,2,1,35,2,53065
1995,2,,7,18,1,1,0,0,0,0,2,1,2,1,1,1,0,2,53053
1995,2,,2,8,0,0,0,0,0,0,1,1,2,1,5,1,27,1,53014
1995,2,,2,15,1,1,0,0,0,0,2,1,2,1,7,2,18,1,53028
1995,2,,5,10,0,0,0,0,0,0,1,1,2,1,5,1,24,1,55022
1995,2,,2,16,0,0,0,0,0,0,1,1,2,1,3,1,25,2,55022
1995,2,,6,10,1,1,0,0,0,0,1,1,2,1,7,2,35,1,56049
1995,2,,6,19,1,0,1,0,0,0,1,1,2,4,2,2,30,1,55040
1995,2,,6,22,1,0,0,0,1,1,1,1,2,3,7,1,54,1,57018
1995,2,,7,20,0,0,0,0,0,0,1,1,2,3,4,1,24,2,57081
1995,2,,3,14,0,0,0,0,0,0,1,1,2,1,5,2,54,2,61068
1995,2,,7,16,1,1,0,0,0,0,1,22,2,1,5,2,29,1,61012
1995,2,,7,18,1,1,0,0,0,0,1,1,2,1,4,2,18,2,61039
1995,2,,3,18,0,0,0,0,0,0,1,1,2,1,5,1,63,1,62063
1995,2,,3,2,0,0,0,0,0,0,1,1,2,3,3,1,29,1,62063
1995,2,,3,17,1,1,0,0,0,0,1,22,2,2,5,1,39,2,62063
1995,2,,4,11,0,0,0,0,0,0,1,1,2,1,3,1,21,2,62096
1995,2,,7,10,1,1,0,0,0,0,1,1,2,1,7,2,34,1,71017
1995,2,,7,10,1,1,0,0,0,0,2,1,2,1,7,2,58,1,71017
1995,2,,5,12,0,0,0,0,0,0,1,6,2,1,4,2,34,1,71057
1995,2,,4,21,1,1,0,0,0,0,1,1,2,3,4,2,39,2,71047
1995,2,,7,3,1,0,1,0,0,0,1,18,2,3,3,2,18,2,72004
1995,2,,5,11,1,1,0,0,0,0,1,1,2,1,4,2,45,2,73001
1995,2,,2,6,1,1,0,0,0,0,1,1,2,3,4,2,29,1,73107
1995,2,,7,20,1,1,0,0,0,0,1,22,2,3,5,1,47,1,92094
1995,2,,6,11,1,1,0,0,0,0,2,1,2,1,4,2,30,2,91114
1995,2,,7,6,1,0,1,0,0,0,1,1,2,3,7,2,30,2,92097
1995,2,,6,22,1,0,1,0,0,0,2,14,2,3,4,1,20,2,62120
1995,2,,6,22,0,0,0,0,0,0,1,3,2,3,3,2,41,1,72039
1995,2,,3,18,1,1,0,0,0,0,1,1,2,2,4,1,35,2,84077
1995,2,,4,17,1,1,0,0,0,0,1,18,2,1,4,2,16,1,91142
1995,2,,6,11,1,1,0,0,0,0,1,1,2,1,4,1,69,1,23002
1995,2,,1,23,1,1,0,0,0,0,1,1,1,3,7,2,21,1,23003
1995,2,,1,9,0,0,0,0,0,0,1,6,2,1,3,2,39,1,54010
1995,2,,3,13,1,1,0,0,0,0,1,1,2,1,3,1,26,2,92137
1995,2,,2,9,1,1,0,0,0,0,2,1,2,1,4,2,19,1,23038
1995,2,,5,17,1,1,0,0,0,0,2,14,2,1,8,2,39,2,23045
1995,2,,3,18,1,1,0,0,0,0,1,18,2,1,4,1,11,1,23044
1995,2,,4,23,0,0,0,0,0,0,1,1,1,3,3,2,49,1,23103
1995,2,,5,9,0,0,0,0,0,0,1,1,2,1,4,1,26,2,24007
1995,2,,1,23,1,1,0,0,0,0,2,1,2,3,4,2,20,1,24009
1995,2,,3,15,1,1,0,0,0,0,1,18,2,1,3,1,,1,24062
1995,2,,2,11,1,1,0,0,0,0,1,6,2,1,4,1,38,1,24062
1995,2,,7,7,1,1,0,0,0,0,1,1,2,2,3,2,22,1,24038
1995,2,,6,22,1,1,0,0,0,0,1,1,2,3,7,1,20,2,25091
1995,2,,3,13,0,0,0,0,0,0,1,1,2,1,7,2,,,25043
1995,2,,3,12,1,0,1,0,0,0,1,22,2,1,5,1,84,1,12029
1995,2,,6,19,1,1,0,0,0,0,1,1,2,3,7,2,45,2,13013
1995,2,,6,6,1,0,1,0,0,0,2,1,1,3,7,2,31,1,13019
1995,2,,7,20,1,1,0,0,0,0,1,1,2,3,4,2,28,2,13040
1995,2,,6,18,0,0,0,0,0,0,1,1,2,1,4,1,41,1,13037
1995,2,,2,20,1,1,0,0,0,0,1,1,2,2,4,1,23,1,21004
1995,2,,2,16,1,1,0,0,0,0,1,22,2,1,5,1,70,2,21002
1995,2,,6,5,1,1,0,0,0,0,1,1,2,3,7,1,36,1,21004
1995,2,,6,5,1,1,0,0,0,0,1,1,2,3,7,1,31,1,21014
1995,2,,4,23,1,1,0,0,0,0,1,1,2,1,4,1,25,1,21010
1995,2,,2,15,1,1,0,0,0,0,1,18,2,1,3,1,10,1,31004
1995,2,,3,15,1,1,0,0,0,0,1,18,2,1,4,1,,1,31004
1995,2,,6,19,0,0,0,0,0,0,1,1,2,3,2,1,27,1,31005
1995,2,,2,15,1,1,0,0,0,0,1,15,2,1,2,1,36,2,11008
1995,2,,6,16,1,1,0,0,0,0,1,1,2,1,4,2,43,1,11004
1995,2,,3,16,1,0,1,0,0,0,1,7,1,1,3,2,29,1,11035
1995,2,,6,14,1,0,1,0,0,0,1,22,2,1,5,1,41,1,11029
1995,2,,6,9,1,1,0,0,0,0,2,1,1,2,6,2,47,2,11009
1995,2,,5,9,0,0,0,0,0,0,1,1,2,1,3,2,21,1,11024
1995,2,,6,3,1,1,0,0,0,0,1,1,2,3,3,2,41,1,11050
1995,2,,4,11,0,0,0,0,0,0,1,4,2,1,4,1,31,1,11050
1995,2,,3,9,1,1,0,0,0,0,1,18,2,2,4,1,10,2,12021
1995,2,,3,8,0,0,0,0,0,0,1,7,2,1,2,1,37,1,11056
1995,2,,2,9,1,1,0,0,0,0,1,1,2,1,3,1,24,2,11002
1995,2,,6,20,0,0,0,0,0,0,1,1,1,3,3,1,22,1,11001
1995,2,,5,20,1,1,0,0,0,0,1,1,2,,3,1,57,1,11002
1995,2,,1,8,0,0,0,0,0,0,1,1,2,2,5,1,47,1,11002
1995,3,,4,20,0,0,0,0,0,0,1,2,2,1,4,1,38,2,11002
1995,3,,2,20,1,1,0,0,0,0,1,1,2,3,2,1,38,1,11002
1995,3,,6,19,1,1,0,0,0,0,1,22,2,1,5,1,60,1,11002
1995,3,,2,21,1,1,0,0,0,0,2,1,1,3,7,2,28,1,11002
1995,3,,7,8,1,1,0,0,0,0,1,1,1,1,7,2,25,1,11002
1995,3,,3,15,0,0,0,0,0,0,1,1,2,1,3,2,23,2,11052
1995,3,,1,12,0,0,0,0,0,0,1,1,2,1,4,1,19,1,31005
1995,3,,3,19,0,0,0,0,0,0,1,1,2,1,,1,50,1,21009
1995,3,,3,13,1,1,0,0,0,0,1,1,2,1,4,1,48,1,21004
1995,3,,5,22,0,0,0,0,0,0,1,1,1,3,3,2,42,2,21007
1995,3,,4,13,1,1,0,0,0,0,1,22,2,1,5,1,7,2,21004
1995,3,,4,17,0,0,0,0,0,0,1,1,2,1,5,1,38,1,21004
1995,3,,5,13,1,1,0,0,0,0,1,1,2,1,3,2,32,2,13029
1995,3,,5,18,0,0,0,0,0,0,1,1,2,1,3,2,42,1,13036
1995,3,,2,9,0,0,0,0,0,0,1,7,1,1,3,2,51,1,13029
1995,3,,4,11,0,0,0,0,0,0,1,1,2,1,4,1,22,2,13040
1995,3,,5,17,1,1,0,0,0,0,1,18,2,1,4,2,76,1,13021
1995,3,,1,17,1,1,0,0,0,0,2,1,2,1,3,1,18,2,13008
1995,3,,5,14,1,1,0,0,0,0,1,1,2,1,4,1,53,1,13001
1995,3,,1,22,0,0,0,0,0,0,1,1,2,3,4,1,37,1,25072
1995,3,,1,21,1,1,0,0,0,0,2,1,2,3,4,1,59,2,25112
1995,3,,2,9,0,0,0,0,0,0,1,1,2,1,4,2,55,1,24094
1995,3,,5,17,0,0,0,0,0,0,1,1,2,1,4,2,24,1,24107
1995,3,,7,21,0,0,0,0,0,0,1,1,2,3,4,1,63,1,24107
1995,3,,1,17,1,1,0,0,0,0,1,10,2,1,2,1,54,1,24133
1995,3,,1,18,1,1,0,0,0,0,1,1,2,1,4,2,76,1,24135
1995,3,,3,14,1,1,0,0,0,0,1,18,2,1,,1,15,2,24038
1995,3,,4,17,1,1,0,0,0,0,1,16,2,1,4,1,17,1,24062
1995,3,,3,7,1,1,0,0,0,0,1,1,2,1,4,1,33,2,24059
1995,3,,4,11,0,0,0,0,0,0,1,1,1,1,1,2,58,1,23105
1995,3,,6,16,1,1,0,0,0,0,2,1,2,1,3,2,,1,23096
1995,3,,3,13,1,1,0,0,0,0,2,1,2,1,2,2,26,2,23047
1995,3,,5,22,0,0,0,0,0,0,1,1,2,3,1,1,55,1,92137
1995,3,,5,16,1,0,1,0,0,0,1,18,2,1,4,1,23,2,72037
1995,3,,5,20,1,1,0,0,0,0,1,22,2,3,5,1,19,2,56086
1995,3,,5,17,0,0,0,0,0,0,1,1,2,1,4,1,26,1,56088
1995,3,,5,13,1,1,0,0,0,0,1,14,2,1,4,2,35,1,37020
1995,3,,3,16,0,0,0,0,0,0,1,7,1,1,3,2,50,1,91141
1995,3,,3,21,1,1,0,0,0,0,1,7,1,4,3,2,40,1,91030
1995,3,,6,1,2,2,0,0,0,0,2,1,1,3,8,2,17,2,82014
1995,3,,7,4,1,0,1,0,0,0,2,1,2,3,2,2,21,2,85007
1995,3,,5,11,0,0,0,0,0,0,1,1,2,1,4,2,24,1,84029
1995,3,,1,23,1,1,0,0,0,0,1,1,2,3,2,1,20,1,73107
1995,3,,4,18,1,1,0,0,0,0,1,18,2,1,3,2,16,1,72021
1995,3,,2,7,0,0,0,0,0,0,1,1,2,3,4,2,34,1,71057
1995,3,,5,17,0,0,0,0,0,0,1,1,2,1,4,1,65,1,71037
1995,3,,4,20,1,1,0,0,0,0,1,4,2,,4,1,32,1,71024
1995,3,,6,4,1,0,1,0,0,0,2,1,2,3,2,2,21,1,63079
1995,3,,1,11,0,0,0,0,0,0,1,1,2,1,4,2,27,1,64029
1995,3,,7,17,1,1,0,0,0,0,1,15,2,1,5,1,16,1,63035
1995,3,,7,15,1,1,0,0,0,0,2,1,1,1,3,2,52,1,63045
1995,3,,1,13,1,1,0,0,0,0,2,1,1,1,7,2,21,2,63035
1995,3,,7,15,0,0,0,0,0,0,1,1,2,1,4,2,35,1,62079
1995,3,,6,11,0,0,0,0,0,0,1,1,2,1,4,1,30,1,62096
1995,3,,5,18,1,1,0,0,0,0,2,1,1,1,1,2,34,1,62051
1995,3,,5,8,0,0,0,0,0,0,1,1,2,1,4,1,50,1,57081
1995,3,,6,18,0,0,0,0,0,0,1,1,2,1,5,1,44,1,57081
1995,3,,1,9,0,0,0,0,0,0,1,1,2,1,4,2,41,2,56022
1995,3,,1,12,0,0,0,0,0,0,1,1,2,1,2,1,23,1,55022
1995,3,,6,12,0,0,0,0,0,0,1,1,2,1,3,1,18,1,54007
1995,3,,5,2,1,0,1,0,0,0,2,1,2,3,7,1,18,1,55040
1995,3,,3,22,1,1,0,0,0,0,1,1,2,3,7,2,30,1,53070
1995,3,,5,18,1,1,0,0,0,0,1,18,2,1,2,1,15,1,54007
1995,3,,5,0,0,0,0,0,0,0,1,1,1,3,3,2,60,1,53053
1995,3,,5,22,0,0,0,0,0,0,1,1,2,3,2,1,37,1,52043
1995,3,,3,18,1,1,0,0,0,0,2,1,1,1,1,2,26,1,53053
1995,3,,3,15,1,0,1,0,0,0,2,1,2,1,7,2,3,2,52063
1995,3,,7,17,1,1,0,0,0,0,1,1,2,1,2,2,33,1,52043
1995,3,,5,9,1,1,0,0,0,0,1,4,1,1,6,2,37,1,52011
1995,3,,4,19,0,0,0,0,0,0,1,1,2,1,2,1,60,2,51004
1995,3,,5,20,0,0,0,0,0,0,1,1,2,3,5,1,,,52011
1995,3,,5,17,1,0,1,0,0,0,1,1,2,1,4,2,79,1,45057
1995,3,,1,19,1,0,1,0,0,0,1,1,2,1,4,2,23,2,44036
1995,3,,4,9,1,1,0,0,0,0,1,16,2,1,2,1,18,1,44034
1995,3,,2,9,1,1,0,0,0,0,1,22,2,1,5,1,9,2,44043
1995,3,,7,17,1,1,0,0,0,0,1,22,2,1,5,1,19,2,44021
1995,3,,3,13,0,0,0,0,0,0,1,1,2,1,4,1,19,1,44021
1995,3,,5,17,1,1,0,0,0,0,1,18,2,1,4,1,19,1,44011
1995,3,,4,18,0,0,0,0,0,0,1,1,2,1,4,1,38,2,44013
1995,3,,3,11,1,0,1,0,0,0,1,1,2,1,4,2,80,1,42006
1995,3,,1,23,1,1,0,0,0,0,1,1,2,3,3,1,31,2,41002
1995,3,,1,19,0,0,0,0,0,0,1,1,2,1,5,1,,,41002
1995,3,,5,9,1,1,0,0,0,0,1,13,2,1,3,2,20,1,38025
1995,3,,4,16,0,0,0,0,0,0,1,1,2,1,3,2,31,2,34040
1995,3,,3,14,1,1,0,0,0,0,2,1,2,1,2,1,16,1,35006
1995,3,,6,14,0,0,0,0,0,0,1,1,2,1,4,1,34,1,35013
1995,3,,3,12,0,0,0,0,0,0,1,1,2,1,4,1,37,1,35013
1995,3,,5,11,1,0,1,0,0,0,1,1,2,1,2,2,51,2,31033
1995,3,,1,18,1,1,0,0,0,0,2,1,2,1,4,1,51,1,31043
1995,4,,7,10,0,0,0,0,0,0,1,1,2,1,4,1,31,2,31043
1995,4,,2,17,1,1,0,0,0,0,1,15,2,1,4,1,17,1,31043
1995,4,,5,20,1,0,1,0,0,0,1,1,1,1,3,2,22,2,36015
1995,4,,4,12,0,0,0,0,0,0,1,1,2,1,2,1,55,2,41027
1995,4,,5,17,1,1,0,0,0,0,2,1,2,1,3,2,,2,41048
1995,4,,5,21,1,1,0,0,0,0,1,1,2,1,4,1,63,1,44012
1995,4,,6,22,0,0,0,0,0,0,1,1,2,2,2,1,40,1,44011
1995,4,,6,13,0,0,0,0,0,0,1,1,2,1,4,1,19,2,44019
1995,4,,7,4,1,0,1,0,0,0,1,15,2,3,2,1,26,1,52021
1995,4,,5,16,1,0,1,0,0,0,1,14,2,1,3,1,19,1,53053
1995,4,,5,18,1,1,0,0,0,0,1,1,1,1,7,2,31,2,52063
1995,4,,7,0,1,0,1,0,0,0,1,1,2,3,7,2,51,1,53020
1995,4,,4,21,1,1,0,0,0,0,1,22,2,2,5,1,75,2,52022
1995,4,,2,16,1,0,1,0,0,0,1,22,2,1,5,1,12,1,56001
1995,4,,7,16,1,1,0,0,0,0,1,15,2,1,4,2,33,1,56078
1995,4,,7,18,1,1,0,0,0,0,1,14,2,1,2,1,25,1,57064
1995,4,,6,11,1,1,0,0,0,0,1,1,2,1,4,1,38,2,57081
1995,4,,3,17,1,1,0,0,0,0,2,1,2,1,2,2,40,1,56001
1995,4,,3,0,1,0,1,0,0,0,1,14,2,3,4,2,30,1,57081
1995,4,,4,15,1,1,0,0,0,0,1,4,2,1,4,1,32,1,57081
1995,4,,3,11,1,1,0,0,0,0,1,22,2,1,4,1,61,1,61031
1995,4,,4,9,1,0,1,0,0,0,1,1,1,1,3,2,21,2,62051
1995,4,,1,17,0,0,0,0,0,0,1,1,2,1,3,1,58,1,62063
1995,4,,7,13,0,0,0,0,0,0,1,1,2,1,4,1,54,1,62063
1995,4,,4,18,1,0,1,0,0,0,1,22,2,1,5,1,44,1,62093
1995,4,,4,15,0,0,0,0,0,0,1,1,2,1,3,1,22,2,62096
1995,4,,2,17,1,1,0,0,0,0,1,16,2,1,4,1,16,1,62096
1995,4,,6,21,1,1,0,0,0,0,1,22,2,3,5,1,34,1,63079
1995,4,,3,17,1,0,1,0,0,0,1,1,1,1,3,2,42,1,71004
1995,4,,2,22,1,1,0,0,0,0,1,1,2,3,2,2,36,1,71016
1995,4,,3,23,0,0,0,0,0,0,1,2,2,3,3,2,25,2,71022
1995,4,,6,22,0,0,0,0,0,0,1,1,2,3,4,1,42,2,71034
1995,4,,7,2,1,1,0,0,0,0,1,1,2,3,4,2,19,1,71053
1995,4,,7,21,1,0,1,0,0,0,1,1,2,2,7,2,28,1,71047
1995,4,,6,17,0,0,0,0,0,0,1,1,2,1,4,2,21,1,72020
1995,4,,7,10,1,0,1,0,0,0,1,1,2,1,4,2,25,2,72030
1995,4,,4,11,0,0,0,0,0,0,1,4,2,1,4,2,66,1,73032
1995,4,,2,19,1,1,0,0,0,0,1,1,2,1,2,2,37,2,73107
1995,4,,2,15,0,0,0,0,0,0,1,1,2,1,5,1,29,2,81015
1995,4,,6,12,1,1,0,0,0,0,1,1,2,1,4,1,67,2,92114
1995,4,,2,8,0,0,0,0,0,0,1,16,2,1,4,1,57,1,92094
1995,4,,4,22,1,1,0,0,0,0,2,1,2,3,4,1,20,2,84077
1995,4,,7,12,0,0,0,0,0,0,1,1,2,1,7,2,20,2,73109
1995,4,,2,17,0,0,0,0,0,0,1,1,2,1,2,2,20,1,23009
1995,4,,4,16,0,0,0,0,0,0,1,1,2,1,4,1,33,2,23016
1995,4,,1,20,0,0,0,0,0,0,1,1,2,1,4,1,61,1,23025
1995,4,,6,4,1,1,0,0,0,0,1,1,2,3,7,2,22,1,23052
1995,4,,5,7,1,1,0,0,0,0,1,14,1,1,3,2,34,1,23086
1995,4,,2,8,1,0,1,0,0,0,2,4,1,1,1,2,23,1,24001
1995,4,,1,9,1,0,1,0,0,0,1,14,2,1,4,1,28,1,24033
1995,4,,7,19,1,1,0,0,0,0,2,1,2,1,4,2,70,2,24104
1995,4,,6,17,1,0,1,0,0,0,1,1,2,1,7,2,33,1,24094
1995,4,,7,17,1,1,0,0,0,0,2,1,1,1,3,2,7,2,24107
1995,4,,5,21,0,0,0,0,0,0,1,1,2,2,4,1,18,2,25119
1995,4,,1,12,1,1,0,0,0,0,2,1,1,1,7,2,50,1,25112
1995,4,,1,12,1,0,1,0,0,0,1,15,2,1,4,1,33,1,12040
1995,4,,7,16,0,0,0,0,0,0,1,1,2,1,3,1,40,1,13008
1995,4,,7,15,1,1,0,0,0,0,2,14,1,1,3,2,23,2,13011