year,month,monthDay,weekDay,hour,numVictims,numSlightlyInjured,numSeverelyInjured,numMortallyInjured,numDiedWithin24Hours,numDiedWithin30Days,victimType,roadUserType,roadType,lightConditions,collisionType,areaType,age,sex,municipality
1995,4,,3,13,1,1,0,0,0,0,1,14,2,1,3,2,37,1,13040
1995,4,,1,15,1,1,0,0,0,0,2,1,2,1,,1,3,2,21001
1995,4,,2,20,0,0,0,0,0,0,1,1,2,3,3,1,45,1,21002
1995,4,,7,19,0,0,0,0,0,0,1,1,2,1,3,1,30,1,21009
1995,4,,4,17,1,1,0,0,0,0,1,22,2,1,5,1,12,1,21010
1995,4,,1,16,1,1,0,0,0,0,2,1,2,1,8,1,26,1,21014
1995,4,,7,16,0,0,0,0,0,0,1,1,2,1,5,1,20,1,21012
1995,4,,7,2,0,0,0,0,0,0,1,1,2,3,4,1,20,1,31004
1995,4,,6,17,1,1,0,0,0,0,1,14,2,1,4,1,30,1,21015
1995,4,,2,16,0,0,0,0,0,0,1,18,2,1,4,1,23,1,11005
1995,4,,7,15,1,1,0,0,0,0,2,1,2,1,1,1,44,2,11039
1995,4,,4,17,1,0,1,0,0,0,1,1,2,1,2,2,29,1,12007
1995,4,,4,18,1,1,0,0,0,0,1,1,2,1,2,1,31,2,12025
1995,4,,4,15,1,1,0,0,0,0,1,15,2,1,4,1,28,1,11002
1995,4,,5,16,0,0,0,0,0,0,1,1,2,1,3,1,58,1,11002
1995,5,,6,16,1,1,0,0,0,0,1,16,2,1,4,2,25,1,11002
1995,5,,5,23,1,1,0,0,0,0,1,1,2,3,8,2,40,1,11001
1995,5,,3,15,1,1,0,0,0,0,1,1,2,1,4,1,26,2,12025
1995,5,,3,12,1,1,0,0,0,0,1,1,2,1,3,2,29,2,12014
1995,5,,1,8,1,1,0,0,0,0,1,1,2,2,3,2,30,1,12021
1995,5,,4,4,1,1,0,0,0,0,1,1,2,3,3,1,21,1,12014
1995,5,,1,14,0,0,0,0,0,0,1,1,2,1,3,2,45,1,11055
1995,5,,5,16,0,0,0,0,0,0,1,1,2,1,3,1,44,1,11023
1995,5,,5,18,0,0,0,0,0,0,1,1,2,1,3,1,42,2,11008
1995,5,,7,15,1,1,0,0,0,0,1,18,2,1,4,1,13,1,11008
1995,5,,3,15,0,0,0,0,0,0,1,6,2,1,3,1,32,1,11007
1995,5,,5,22,1,1,0,0,0,0,1,1,2,3,4,2,21,1,11004
1995,5,,3,17,1,1,0,0,0,0,1,22,2,1,5,1,4,2,11002
1995,5,,5,20,0,0,0,0,0,0,1,5,2,1,4,1,40,1,31005
1995,5,,4,18,1,1,0,0,0,0,1,18,2,1,3,1,83,1,31005
1995,5,,3,17,1,0,0,0,1,1,1,1,2,1,7,1,80,2,31005
1995,5,,4,17,1,1,0,0,0,0,1,18,2,1,4,1,56,1,21016
1995,5,,6,15,0,0,0,0,0,0,1,1,2,1,1,1,22,1,21018
1995,5,,2,19,1,1,0,0,0,0,2,1,2,1,4,1,23,2,21012
1995,5,,5,19,0,0,0,0,0,0,1,1,2,1,4,1,,1,21011
1995,5,,1,2,1,1,0,0,0,0,1,2,2,3,4,1,21,1,21012
1995,5,,5,15,0,0,0,0,0,0,1,1,2,1,4,1,40,2,21011
1995,5,,3,19,1,1,0,0,0,0,1,18,2,1,3,1,17,2,21014
1995,5,,1,17,0,0,0,0,0,0,1,1,2,1,4,1,22,1,21006
1995,5,,6,11,1,1,0,0,0,0,1,7,1,1,7,2,69,1,13029
1995,5,,3,17,0,0,0,0,0,0,1,4,2,1,3,1,33,1,13046
1995,5,,3,11,0,0,0,0,0,0,1,4,2,1,2,2,19,1,13008
1995,5,,2,14,0,0,0,0,0,0,1,1,2,1,4,1,86,1,12025
1995,5,,4,17,1,1,0,0,0,0,1,15,2,1,4,1,20,1,12026
1995,5,,2,12,0,0,0,0,0,0,1,1,2,1,2,1,30,1,25091
1995,5,,6,23,1,1,0,0,0,0,1,2,2,3,2,1,48,2,25044
1995,5,,1,9,1,1,0,0,0,0,1,2,2,1,4,2,29,1,24107
1995,5,,2,4,1,0,1,0,0,0,1,1,2,3,7,2,23,1,24135
1995,5,,4,19,0,0,0,0,0,0,1,1,2,1,2,1,20,2,25005
1995,5,,1,8,1,1,0,0,0,0,1,1,2,1,2,2,27,2,24066
1995,5,,2,17,0,0,0,0,0,0,1,1,2,1,5,1,42,1,24062
1995,5,,7,21,0,0,0,0,0,0,1,1,2,1,2,2,40,1,24062
1995,5,,6,14,1,1,0,0,0,0,2,1,1,1,7,2,28,2,23105
1995,5,,1,9,1,0,1,0,0,0,1,14,2,1,3,1,34,1,23094
1995,5,,2,3,0,0,0,0,0,0,1,7,1,4,3,2,27,1,23062
1995,5,,3,22,1,1,0,0,0,0,1,22,2,1,5,1,5,1,23077
1995,5,,5,9,1,1,0,0,0,0,2,10,2,1,2,2,14,2,93090
1995,5,,2,10,0,0,0,0,0,0,1,5,1,1,3,2,59,1,92137
1995,5,,5,6,1,1,0,0,0,0,2,4,2,1,3,1,33,1,11057
1995,5,,6,11,1,1,0,0,0,0,1,22,2,1,5,1,7,2,92142
1995,5,,2,2,0,0,0,0,0,0,1,2,2,3,4,1,42,1,11057
1995,5,,5,21,0,0,0,0,0,0,1,7,2,1,1,2,40,1,72038
1995,5,,3,14,0,0,0,0,0,0,1,1,2,1,4,2,31,1,72038
1995,5,,2,9,1,0,1,0,0,0,1,1,2,1,7,2,22,2,84077
1995,5,,7,21,1,0,1,0,0,0,1,1,2,1,2,2,60,1,45065
1995,5,,4,16,1,1,0,0,0,0,2,1,2,1,3,2,40,2,57094
1995,5,,7,22,1,1,0,0,0,0,2,1,2,1,3,2,6,1,51065
1995,5,,4,1,0,0,0,0,0,0,1,1,2,3,7,2,20,1,41082
1995,5,,7,0,1,0,1,0,0,0,1,1,2,3,7,1,66,1,93022
1995,5,,7,11,0,0,0,0,0,0,1,1,2,1,2,1,22,1,92114
1995,5,,4,18,0,0,0,0,0,0,1,1,2,1,3,1,22,1,93014
1995,5,,7,4,1,1,0,0,0,0,1,1,2,4,7,2,24,1,93022
1995,5,,6,23,0,0,0,0,0,0,1,1,2,3,3,2,43,2,92006
1995,5,,3,19,0,0,0,0,0,0,1,1,2,1,4,2,66,1,92048
1995,5,,3,14,0,0,0,0,0,0,1,1,2,1,4,2,23,1,85045
1995,5,,7,15,1,0,1,0,0,0,1,14,2,1,6,1,19,1,91013
1995,5,,4,16,1,0,1,0,0,0,1,18,2,1,3,1,14,2,73107
1995,5,,4,15,1,1,0,0,0,0,1,1,2,1,4,2,43,1,72020
1995,5,,3,14,0,0,0,0,0,0,1,1,2,1,4,2,35,2,71022
1995,5,,3,10,0,0,0,0,0,0,1,1,2,1,3,2,61,1,71016
1995,5,,3,14,1,0,1,0,0,0,1,22,2,1,5,2,15,2,63023
1995,5,,3,17,0,0,0,0,0,0,1,1,2,1,4,1,31,2,63079
1995,5,,4,9,1,1,0,0,0,0,1,1,2,1,4,2,31,1,62063
1995,5,,7,4,1,1,0,0,0,0,1,1,2,3,7,1,28,2,62063
1995,5,,1,18,1,1,0,0,0,0,2,1,2,1,3,1,27,2,62063
1995,5,,5,16,0,0,0,0,0,0,1,1,2,1,2,2,26,1,61028
1995,5,,7,5,0,0,0,0,0,0,1,1,2,3,3,2,31,1,56011
1995,5,,1,19,0,0,0,0,0,0,1,1,2,1,4,1,59,1,57081
1995,5,,7,17,1,1,0,0,0,0,1,1,2,1,3,2,58,1,55004
1995,5,,4,18,0,0,0,0,0,0,1,1,2,1,4,2,50,1,54007
1995,5,,5,20,1,1,0,0,0,0,1,14,2,1,7,1,36,1,53053
1995,5,,6,14,1,0,1,0,0,0,1,22,2,1,5,1,12,2,53053
1995,5,,3,11,1,1,0,0,0,0,1,1,2,1,2,1,23,2,53065
1995,5,,7,18,1,1,0,0,0,0,1,1,2,1,3,1,48,2,53028
1995,5,,2,0,1,0,0,0,1,1,2,14,1,3,3,2,31,2,52011
1995,5,,4,12,1,1,0,0,0,0,1,1,2,1,3,1,48,2,52015
1995,5,,5,21,1,1,0,0,0,0,2,1,2,1,3,1,34,2,52011
1995,5,,4,16,1,0,1,0,0,0,2,1,2,1,4,1,17,2,52011
1995,5,,6,20,0,0,0,0,0,0,1,1,2,1,4,1,35,1,51004
1995,5,,5,14,0,0,0,0,0,0,1,1,2,1,4,1,24,1,46021
1995,5,,1,21,1,0,1,0,0,0,1,1,2,1,4,1,25,2,45041
1995,5,,4,11,1,1,0,0,0,0,1,1,2,1,2,2,33,1,44049
1995,5,,7,13,1,0,1,0,0,0,1,14,2,1,4,2,51,1,44064
1995,5,,7,23,1,1,0,0,0,0,2,1,2,1,2,1,55,1,44043
1995,5,,5,13,1,1,0,0,0,0,1,1,2,1,3,1,49,2,44021
1995,5,,1,16,0,0,0,0,0,0,1,1,2,1,4,1,63,1,44021
1995,5,,3,15,0,0,0,0,0,0,1,7,2,1,4,1,33,1,44021
1995,5,,4,20,1,1,0,0,0,0,1,1,2,1,2,2,19,1,44012
1995,5,,2,2,1,1,0,0,0,0,1,1,2,4,6,2,36,1,43010
1995,5,,1,19,1,1,0,0,0,0,1,18,2,1,4,2,16,2,44001
1995,5,,2,20,1,1,0,0,0,0,1,4,2,1,2,2,34,2,44001
1995,5,,4,13,1,1,0,0,0,0,1,1,2,1,7,2,26,2,41081
1995,5,,7,17,0,0,0,0,0,0,1,1,2,1,4,1,31,1,41034
1995,5,,5,22,1,1,0,0,0,0,2,1,1,2,7,2,34,1,41002
1995,5,,5,21,0,0,0,0,0,0,1,2,2,1,4,2,44,2,41002
1995,5,,3,18,0,0,0,0,0,0,1,1,2,1,4,1,41,2,41063
1995,5,,7,16,1,1,0,0,0,0,1,15,2,1,3,1,16,2,41002
1995,5,,4,18,1,1,0,0,0,0,1,1,2,1,4,2,28,2,37011
1995,5,,2,19,1,1,0,0,0,0,1,18,2,1,4,2,13,1,37007
1995,5,,4,18,1,0,1,0,0,0,1,18,2,1,3,1,45,2,36015
1995,5,,2,17,1,0,1,0,0,0,1,14,2,1,3,1,30,1,35013
1995,5,,3,15,0,0,0,0,0,0,1,1,2,1,4,1,47,1,35013
1995,5,,3,14,1,1,0,0,0,0,1,22,2,1,5,2,2,2,34027
1995,5,,1,17,1,0,1,0,0,0,1,14,2,1,7,2,42,1,34027
1995,5,,6,14,0,0,0,0,0,0,1,2,2,1,3,2,32,1,34002
1995,5,,1,16,0,0,0,0,0,0,1,1,2,1,4,2,30,2,33037
1995,5,,5,19,1,1,0,0,0,0,1,1,2,1,4,1,48,2,33011
1995,5,,2,19,0,0,0,0,0,0,1,1,2,1,3,2,42,2,32003
1995,6,,1,17,1,0,1,0,0,0,1,13,2,1,4,2,26,1,31040
1995,6,,6,16,0,0,0,0,0,0,1,1,2,1,4,1,24,1,31043
1995,6,,4,2,0,0,0,0,0,0,1,2,2,3,6,1,36,1,34013
1995,6,,3,13,1,0,1,0,0,0,1,1,2,1,7,2,23,1,36006
1995,6,,4,15,1,0,1,0,0,0,1,18,2,1,4,1,15,1,35013
1995,6,,5,10,0,0,0,0,0,0,1,1,2,1,4,1,29,1,41002
1995,6,,4,17,1,1,0,0,0,0,1,18,2,1,4,1,25,1,41048
1995,6,,1,7,1,0,1,0,0,0,1,16,2,1,4,1,22,1,42006
1995,6,,2,16,1,1,0,0,0,0,1,18,2,1,4,1,24,1,42028
1995,6,,3,9,0,0,0,0,0,0,1,1,2,1,2,1,52,1,44013
1995,6,,6,20,1,1,0,0,0,0,1,1,2,1,2,2,28,1,44019
1995,6,,4,10,0,0,0,0,0,0,1,1,2,1,3,1,42,2,44021
1995,6,,1,21,1,0,1,0,0,0,2,1,2,1,2,1,51,2,44052
1995,6,,7,9,1,0,1,0,0,0,1,1,2,1,7,2,22,1,44043
1995,6,,6,22,1,0,1,0,0,0,2,1,2,2,2,2,54,2,44043
1995,6,,5,17,0,0,0,0,0,0,1,1,2,1,1,2,29,2,44043
1995,6,,5,8,0,0,0,0,0,0,1,1,2,1,3,2,19,1,45035
1995,6,,6,10,0,0,0,0,0,0,1,1,2,1,4,1,41,2,45017
1995,6,,6,14,0,0,0,0,0,0,1,1,2,1,4,1,55,1,45041
1995,6,,4,9,0,0,0,0,0,0,1,2,2,1,3,1,31,2,46024
1995,6,,4,9,0,0,0,0,0,0,1,1,2,1,3,1,59,2,46021
1995,6,,2,18,0,0,0,0,0,0,1,1,2,1,3,2,24,1,46020
1995,6,,6,19,0,0,0,0,0,0,1,1,2,1,4,1,26,1,46024
1995,6,,4,0,1,0,1,0,0,0,1,21,2,3,5,2,30,1,51004
1995,6,,4,14,0,0,0,0,0,0,1,1,1,1,7,2,19,1,52011
1995,6,,5,21,0,0,0,0,0,0,1,1,2,1,,1,40,2,52011
1995,6,,5,15,1,1,0,0,0,0,2,10,2,1,4,1,23,2,52011
1995,6,,4,15,0,0,0,0,0,0,1,1,2,1,3,1,45,2,52011
1995,6,,3,7,1,0,1,0,0,0,1,7,2,1,2,1,28,1,52011
1995,6,,1,18,1,1,0,0,0,0,1,1,2,1,3,2,47,1,53014
1995,6,,5,15,1,1,0,0,0,0,1,1,2,1,4,1,32,2,57081
1995,6,,3,22,1,1,0,0,0,0,1,14,2,1,6,1,19,1,62011
1995,6,,2,22,1,1,0,0,0,0,1,1,2,2,4,1,62,2,62038
1995,6,,7,7,1,0,1,0,0,0,2,1,2,1,7,1,18,2,61003
1995,6,,2,14,0,0,0,0,0,0,1,1,2,1,4,1,32,1,62063
1995,6,,4,12,0,0,0,0,0,0,1,1,2,1,5,1,35,1,62096
1995,6,,7,19,0,0,0,0,0,0,1,1,2,1,4,1,43,1,62096
1995,6,,6,13,1,1,0,0,0,0,1,1,2,1,4,1,19,1,62063
1995,6,,4,19,1,1,0,0,0,0,1,22,2,1,5,1,30,1,63023
1995,6,,2,13,0,0,0,0,0,0,1,7,2,1,4,2,30,1,63073
1995,6,,3,7,1,0,1,0,0,0,1,1,2,2,7,2,19,1,63023
1995,6,,3,12,0,0,0,0,0,0,1,4,2,1,4,1,29,1,63084
1995,6,,2,1,1,1,0,0,0,0,1,1,2,3,4,2,19,1,71002
1995,6,,6,17,1,1,0,0,0,0,1,18,2,1,3,2,12,2,71002
1995,6,,7,20,0,0,0,0,0,0,1,1,2,1,4,2,69,1,71022
1995,6,,7,22,0,0,0,0,0,0,1,1,2,1,4,2,71,2,71016
1995,6,,6,12,2,2,0,0,0,0,2,1,2,1,4,2,24,2,71020
1995,6,,5,11,1,1,0,0,0,0,1,1,2,1,4,2,21,2,71022
1995,6,,2,18,0,0,0,0,0,0,1,1,2,1,2,2,25,1,71053
1995,6,,2,9,1,1,0,0,0,0,1,18,2,1,4,1,16,2,72025
1995,6,,2,11,1,0,1,0,0,0,2,1,2,1,3,2,35,1,82003
1995,6,,5,14,0,0,0,0,0,0,1,4,2,1,3,2,58,1,73098
1995,6,,4,13,0,0,0,0,0,0,1,1,2,1,2,1,27,2,83034
1995,6,,4,10,1,0,1,0,0,0,1,15,2,1,4,1,60,1,82014
1995,6,,5,0,0,0,0,0,0,0,1,2,2,3,7,1,36,1,92094
1995,6,,2,12,1,1,0,0,0,0,1,22,2,1,5,1,50,2,91114
1995,6,,1,16,1,1,0,0,0,0,2,1,2,1,2,2,21,2,91114
1995,6,,7,18,1,1,0,0,0,0,2,1,2,1,4,1,38,2,91064
1995,6,,2,21,1,1,0,0,0,0,1,14,2,1,3,1,,1,56087
1995,6,,3,1,0,0,0,0,0,0,1,1,2,3,4,1,37,1,52074
1995,6,,6,17,0,0,0,0,0,0,1,2,2,1,3,1,24,1,56088
1995,6,,7,13,0,0,0,0,0,0,1,1,2,1,4,2,64,1,62121
1995,6,,4,7,0,0,0,0,0,0,1,6,2,1,4,1,21,1,72039
1995,6,,7,4,1,1,0,0,0,0,1,1,2,3,4,2,28,1,23002
1995,6,,7,22,3,3,0,0,0,0,2,6,2,1,8,1,,1,23016
1995,6,,3,7,1,0,1,0,0,0,1,4,2,1,4,1,52,1,23003
1995,6,,5,0,0,0,0,0,0,0,1,1,2,3,2,2,42,1,92137
1995,6,,6,0,1,0,1,0,0,0,1,18,2,3,4,2,19,2,23044
1995,6,,5,14,1,1,0,0,0,0,1,15,2,1,4,1,18,1,23023
1995,6,,2,9,1,1,0,0,0,0,1,16,2,1,2,1,17,1,23094
1995,6,,1,16,1,0,1,0,0,0,1,18,2,1,8,1,12,2,24020
1995,6,,6,22,1,0,1,0,0,0,1,18,2,1,8,2,63,1,24001
1995,6,,2,17,1,1,0,0,0,0,1,1,2,1,7,1,18,2,24020
1995,6,,6,14,0,0,0,0,0,0,1,1,2,1,3,1,32,1,24062
1995,6,,7,16,1,1,0,0,0,0,2,1,1,1,3,2,16,1,24086
1995,6,,6,7,1,0,1,0,0,0,1,1,2,1,3,2,49,1,24109
1995,6,,5,20,1,1,0,0,0,0,2,1,2,1,3,2,10,2,24066
1995,6,,1,20,0,0,0,0,0,0,1,1,2,1,4,2,52,2,25014
1995,6,,4,20,1,1,0,0,0,0,1,1,2,1,2,2,67,1,25044
1995,6,,7,19,0,0,0,0,0,0,1,16,2,1,5,1,16,1,25091
1995,6,,3,7,0,0,0,0,0,0,1,1,2,1,3,1,63,1,25105
1995,6,,5,0,0,0,0,0,0,0,1,1,2,3,3,1,,1,25110
1995,6,,3,17,1,0,1,0,0,0,1,18,2,1,4,1,7,1,12040
1995,6,,6,16,1,1,0,0,0,0,1,18,2,1,3,2,80,1,12035
1995,6,,6,3,0,0,0,0,0,0,1,1,2,3,4,2,22,1,13025
1995,6,,1,21,1,1,0,0,0,0,1,14,2,1,4,1,24,1,13040
1995,6,,5,17,0,0,0,0,0,0,1,7,2,1,3,2,29,1,13036
1995,6,,6,14,0,0,0,0,0,0,1,1,2,1,2,1,41,2,13049
1995,6,,2,0,0,0,0,0,0,0,1,,2,3,,1,,,21004
1995,6,,3,18,1,1,0,0,0,0,1,1,2,1,4,1,25,1,21013
1995,6,,2,19,1,1,0,0,0,0,1,22,2,1,5,1,6,1,21013
1995,6,,5,17,0,0,0,0,0,0,1,1,2,1,5,1,27,2,21013
1995,6,,7,16,0,0,0,0,0,0,1,18,2,1,5,1,8,1,31005
1995,6,,5,9,1,1,0,0,0,0,1,18,2,1,3,1,19,2,31005
1995,6,,3,22,0,0,0,0,0,0,1,1,2,1,7,2,26,1,31005
1995,6,,6,12,2,2,0,0,0,0,2,2,1,1,1,2,,2,11002
1995,6,,5,21,1,1,0,0,0,0,1,15,2,1,2,1,32,2,11007
1995,6,,4,15,1,1,0,0,0,0,1,15,2,1,3,1,45,2,11029
1995,6,,1,2,0,0,0,0,0,0,1,1,2,3,3,1,30,1,11029
1995,6,,4,13,0,0,0,0,0,0,1,9,2,1,4,2,42,1,11024
1995,6,,6,11,0,0,0,0,0,0,1,1,2,1,4,2,35,2,11023
1995,6,,3,15,1,1,0,0,0,0,1,15,2,1,3,2,40,1,11023
1995,6,,7,18,0,0,0,0,0,0,1,1,2,1,3,2,44,1,11052
1995,6,,3,18,1,1,0,0,0,0,1,15,2,1,4,1,18,2,12021
1995,6,,1,14,1,1,0,0,0,0,1,1,2,1,4,2,39,2,11001
1995,6,,5,1,1,1,0,0,0,0,1,1,2,4,3,2,32,1,11001
1995,6,,1,14,1,1,0,0,0,0,1,1,2,1,4,2,26,2,11001
1995,6,,3,20,0,0,0,0,0,0,1,1,2,1,4,1,34,1,11002
1995,6,,5,13,1,1,0,0,0,0,1,4,1,1,1,2,58,1,11002
1995,6,,1,13,0,0,0,0,0,0,1,1,2,1,3,1,55,2,11002
1995,6,,3,15,0,0,0,0,0,0,1,1,2,1,4,2,21,1,25121
1995,7,,7,5,1,0,1,0,0,0,1,1,2,3,7,1,39,1,11002
1995,7,,1,14,1,1,0,0,0,0,1,14,2,1,5,1,46,1,11002
1995,7,,6,21,1,1,0,0,0,0,1,1,1,1,7,2,34,1,11002
1995,7,,2,9,0,0,0,0,0,0,1,4,2,1,4,2,33,1,11055
1995,7,,7,15,1,0,1,0,0,0,2,1,1,1,7,2,81,2,11037
1995,7,,4,12,0,0,0,0,0,0,1,1,2,1,4,1,25,2,11050
1995,7,,6,12,1,0,0,0,1,1,1,1,2,1,4,2,38,1,11040
1995,7,,2,20,0,0,0,0,0,0,1,1,2,1,4,1,,1,11029
1995,7,,7,15,0,0,0,0,0,0,1,1,2,1,4,1,48,1,11007
1995,7,,3,18,1,1,0,0,0,0,1,1,2,1,4,1,24,2,31005
1995,7,,1,19,0,0,0,0,0,0,1,1,2,1,4,1,41,2,31005
1995,7,,7,12,0,0,0,0,0,0,1,18,2,1,2,1,42,2,31005
1995,7,,1,11,0,0,0,0,0,0,1,7,2,1,4,1,30,1,31005
1995,7,,1,9,1,1,0,0,0,0,1,1,2,1,2,1,47,2,31005
1995,7,,3,9,0,0,0,0,0,0,1,1,2,1,4,1,48,1,21010
1995,7,,5,8,0,0,0,0,0,0,1,1,2,1,4,1,28,1,21001
1995,7,,2,17,0,0,0,0,0,0,1,1,2,1,3,2,18,2,13049
1995,7,,5,16,0,0,0,0,0,0,1,4,2,1,2,2,23,1,13010
1995,7,,4,11,0,0,0,0,0,0,1,1,2,1,4,1,20,2,13001
1995,7,,1,17,0,0,0,0,0,0,1,1,2,1,3,2,20,1,12025
1995,7,,4,10,1,1,0,0,0,0,1,1,2,1,7,1,35,2,25072
1995,7,,7,15,0,0,0,0,0,0,1,1,2,1,4,1,51,1,25072
1995,7,,3,18,1,1,0,0,0,0,2,1,2,1,2,2,11,1,24094
1995,7,,4,7,1,0,0,0,1,1,1,1,2,1,2,2,63,1,24048
1995,7,,4,21,1,0,1,0,0,0,1,18,2,1,2,2,41,1,24045
1995,7,,1,16,0,0,0,0,0,0,1,1,2,1,5,1,26,2,24048
1995,7,,1,20,1,1,0,0,0,0,1,1,1,1,7,2,23,1,24055
1995,7,,3,20,0,0,0,0,0,0,1,1,2,1,4,1,34,1,23102
1995,7,,3,12,1,1,0,0,0,0,1,1,2,1,3,1,35,2,24020
1995,7,,4,18,0,0,0,0,0,0,1,1,2,1,4,2,25,1,23088
1995,7,,4,18,1,1,0,0,0,0,2,1,2,1,4,1,3,2,23086
1995,7,,1,20,0,0,0,0,0,0,1,1,2,1,4,1,24,2,23025
1995,7,,2,15,1,1,0,0,0,0,1,1,2,1,3,2,59,2,23038
1995,7,,2,21,0,0,0,0,0,0,1,1,2,1,4,1,42,1,54010
1995,7,,2,23,0,0,0,0,0,0,1,1,2,1,4,1,57,1,92137
1995,7,,1,14,1,1,0,0,0,0,1,16,2,1,4,1,16,1,92137
1995,7,,4,20,1,1,0,0,0,0,1,18,2,1,2,1,35,1,63088
1995,7,,3,15,0,0,0,0,0,0,1,7,1,1,3,2,53,1,62119
1995,7,,6,16,1,1,0,0,0,0,1,1,2,1,7,1,66,1,93088
1995,7,,2,16,0,0,0,0,0,0,1,1,2,1,5,1,33,1,93022
1995,7,,6,20,1,1,0,0,0,0,1,18,2,1,6,2,23,1,91034
1995,7,,5,18,1,1,0,0,0,0,2,1,2,1,4,2,34,2,82003
1995,7,,2,20,0,0,0,0,0,0,1,1,2,1,4,1,21,1,84050
1995,7,,3,17,1,0,1,0,0,0,1,16,2,1,2,2,17,1,85045
1995,7,,1,21,1,0,1,0,0,0,1,18,2,1,3,2,28,1,84035
1995,7,,7,18,1,1,0,0,0,0,2,1,2,1,4,1,38,2,73107
1995,7,,3,16,0,0,0,0,0,0,1,2,2,1,4,2,44,1,71053
1995,7,,3,8,0,0,0,0,0,0,1,1,1,1,3,2,20,1,71037
1995,7,,2,13,1,1,0,0,0,0,1,6,2,1,4,2,37,1,71016
1995,7,,4,12,1,1,0,0,0,0,1,1,2,1,4,2,41,1,71016
1995,7,,2,17,0,0,0,0,0,0,1,1,2,1,4,1,26,2,71022
1995,7,,4,14,1,0,1,0,0,0,1,4,2,1,4,2,18,2,71016
1995,7,,1,13,1,1,0,0,0,0,1,18,2,1,3,1,13,1,71016
1995,7,,7,13,1,1,0,0,0,0,1,18,2,1,8,2,15,2,63023
1995,7,,7,19,1,1,0,0,0,0,2,1,2,1,8,2,35,2,63073
1995,7,,5,14,1,0,1,0,0,0,1,1,2,1,7,2,41,1,63003
1995,7,,3,15,1,1,0,0,0,0,2,18,2,1,4,1,2,2,62063
1995,7,,7,22,0,0,0,0,0,0,1,1,2,3,5,1,20,2,62118
1995,7,,2,16,1,1,0,0,0,0,2,1,2,1,3,1,39,2,62063
1995,7,,3,17,0,0,0,0,0,0,1,1,2,1,4,1,45,2,62063
1995,7,,2,19,1,1,0,0,0,0,1,1,2,1,4,2,19,1,62006
1995,7,,5,17,1,1,0,0,0,0,2,1,2,1,7,2,,1,56044
1995,7,,2,20,1,1,0,0,0,0,1,1,2,1,4,1,26,1,56078
1995,7,,4,20,0,0,0,0,0,0,1,1,2,1,3,1,41,2,57081
1995,7,,5,20,1,1,0,0,0,0,1,22,2,1,5,1,14,1,56011
1995,7,,7,7,0,0,0,0,0,0,1,12,1,1,6,2,62,1,53039
1995,7,,7,15,1,1,0,0,0,0,1,22,2,1,5,1,,2,52011
1995,7,,4,14,1,0,1,0,0,0,1,16,2,1,4,1,49,2,45041
1995,7,,1,10,0,0,0,0,0,0,1,6,1,1,3,2,27,1,44048
1995,7,,6,7,1,1,0,0,0,0,1,1,2,1,2,2,23,2,44034
1995,7,,7,19,1,1,0,0,0,0,1,18,2,1,4,1,6,1,44021
1995,7,,6,9,0,0,0,0,0,0,1,1,1,1,1,2,28,1,44021
1995,7,,7,0,1,1,0,0,0,0,1,2,1,3,7,2,30,2,44021
1995,7,,4,12,1,1,0,0,0,0,1,1,2,1,7,2,19,2,43005
1995,7,,2,10,0,0,0,0,0,0,1,1,2,1,3,2,20,2,43018
1995,7,,5,19,1,1,0,0,0,0,2,2,1,1,7,2,1,1,42025
1995,7,,1,19,0,0,0,0,0,0,1,1,2,1,3,1,63,2,42006
1995,7,,3,15,1,1,0,0,0,0,1,16,2,1,3,2,22,1,42011
1995,7,,3,17,1,1,0,0,0,0,1,18,2,1,4,1,,1,41034
1995,7,,7,23,1,0,1,0,0,0,1,18,2,3,4,2,32,1,41048
1995,7,,2,22,0,0,0,0,0,0,1,1,2,1,4,1,24,1,37018
1995,7,,1,18,1,1,0,0,0,0,1,18,2,1,8,2,67,1,38014
1995,7,,2,18,0,0,0,0,0,0,1,1,2,1,4,1,70,1,38014
1995,7,,6,13,0,0,0,0,0,0,1,1,1,1,1,2,53,1,38016
1995,7,,7,2,1,1,0,0,0,0,1,1,2,3,4,1,24,1,38016
1995,7,,6,15,1,1,0,0,0,0,1,1,2,1,4,1,20,1,35013
1995,7,,7,0,0,0,0,0,0,0,1,1,2,3,4,1,,1,35013
1995,7,,1,10,1,1,0,0,0,0,1,18,2,1,4,2,24,2,34041
1995,7,,2,12,1,1,0,0,0,0,2,1,2,1,4,2,9,1,35002
1995,7,,7,9,0,0,0,0,0,0,1,1,2,1,5,1,33,2,35002
1995,7,,6,13,1,0,1,0,0,0,2,1,2,1,2,2,53,2,34022
1995,7,,4,21,1,1,0,0,0,0,1,1,2,2,3,1,54,1,33011
1995,7,,3,17,0,0,0,0,0,0,1,1,2,1,2,1,39,1,32003
1995,7,,7,15,1,1,0,0,0,0,1,18,2,1,3,2,47,2,31042
1995,8,,4,19,0,0,0,0,0,0,1,1,2,1,3,2,27,1,32003
1995,8,,2,20,1,1,0,0,0,0,1,14,2,1,4,1,30,1,31040
1995,8,,4,12,1,1,0,0,0,0,1,18,2,1,6,2,43,1,31006
1995,8,,7,2,1,0,1,0,0,0,1,18,2,3,4,2,17,2,33029
1995,8,,1,5,1,1,0,0,0,0,1,1,2,3,4,1,25,1,34022
1995,8,,2,18,1,1,0,0,0,0,1,1,2,1,4,1,23,1,36008
1995,8,,5,18,1,1,0,0,0,0,1,14,2,1,4,1,21,1,38016