year,month,monthDay,weekDay,hour,numVictims,numSlightlyInjured,numSeverelyInjured,numMortallyInjured,numDiedWithin24Hours,numDiedWithin30Days,victimType,roadUserType,roadType,lightConditions,collisionType,areaType,age,sex,municipality
1995,8,,5,23,1,1,0,0,0,0,2,4,1,3,7,2,15,2,41002
1995,8,,6,12,1,1,0,0,0,0,1,14,2,1,3,2,41,1,37012
1995,8,,2,20,1,1,0,0,0,0,1,15,2,1,4,2,25,1,41018
1995,8,,6,16,1,1,0,0,0,0,1,18,2,1,4,1,12,1,41018
1995,8,,1,23,1,1,0,0,0,0,1,16,2,3,2,1,,2,42006
1995,8,,6,11,0,0,0,0,0,0,1,1,2,1,4,1,20,1,41081
1995,8,,3,14,1,1,0,0,0,0,1,1,2,1,2,1,26,2,42023
1995,8,,7,13,0,0,0,0,0,0,1,1,2,1,1,2,70,1,42003
1995,8,,1,19,1,1,0,0,0,0,2,1,2,1,2,2,9,2,43010
1995,8,,5,22,1,1,0,0,0,0,1,1,2,3,4,2,24,2,42025
1995,8,,4,11,1,0,1,0,0,0,1,1,2,1,7,1,34,1,44021
1995,8,,3,8,0,0,0,0,0,0,1,7,2,1,3,2,38,1,44072
1995,8,,3,18,1,1,0,0,0,0,1,16,2,1,6,1,28,2,44048
1995,8,,7,8,0,0,0,0,0,0,1,1,1,1,3,2,70,2,44049
1995,8,,6,5,0,0,0,0,0,0,1,1,2,3,5,2,27,1,46003
1995,8,,3,8,1,1,0,0,0,0,1,18,2,1,4,2,23,2,45035
1995,8,,4,13,0,0,0,0,0,0,1,4,2,1,3,2,50,1,46025
1995,8,,5,21,1,1,0,0,0,0,1,1,2,1,4,1,23,2,52012
1995,8,,5,11,1,1,0,0,0,0,1,1,2,1,4,1,36,1,52011
1995,8,,6,11,0,0,0,0,0,0,1,1,2,1,4,1,23,1,52021
1995,8,,2,20,0,0,0,0,0,0,1,1,2,1,3,2,19,1,53014
1995,8,,3,16,1,1,0,0,0,0,1,22,2,1,5,1,65,2,53053
1995,8,,4,17,1,0,1,0,0,0,1,18,2,1,4,1,10,1,54007
1995,8,,2,12,0,0,0,0,0,0,1,1,2,1,5,1,70,1,62063
1995,8,,4,12,1,1,0,0,0,0,1,1,2,1,,1,21,1,62051
1995,8,,1,16,1,1,0,0,0,0,1,1,1,1,4,2,33,1,62063
1995,8,,7,4,1,0,1,0,0,0,1,1,1,3,7,2,21,1,62051
1995,8,,1,6,1,1,0,0,0,0,1,5,2,3,3,1,48,1,62063
1995,8,,5,0,0,0,0,0,0,0,1,4,2,3,4,1,45,1,63020
1995,8,,7,19,1,1,0,0,0,0,2,1,1,1,1,2,7,2,63035
1995,8,,4,5,1,1,0,0,0,0,2,4,1,3,6,2,39,1,64074
1995,8,,5,15,1,0,1,0,0,0,2,1,2,1,3,2,25,2,71016
1995,8,,4,13,1,1,0,0,0,0,1,18,2,1,4,2,58,1,71022
1995,8,,4,8,1,1,0,0,0,0,1,1,2,1,4,2,26,2,71022
1995,8,,3,19,0,0,0,0,0,0,1,1,2,1,4,1,33,1,71024
1995,8,,6,12,1,1,0,0,0,0,2,1,2,1,4,2,37,2,72004
1995,8,,1,13,1,1,0,0,0,0,1,1,2,1,3,2,47,1,72025
1995,8,,6,18,1,1,0,0,0,0,1,14,2,1,3,1,25,1,73040
1995,8,,4,14,1,0,1,0,0,0,2,1,2,1,4,2,2,1,85007
1995,8,,2,12,1,1,0,0,0,0,2,2,2,1,3,2,12,2,84033
1995,8,,6,18,0,0,0,0,0,0,1,1,2,1,3,2,20,2,91030
1995,8,,2,18,1,1,0,0,0,0,1,14,2,1,8,2,,1,92087
1995,8,,4,9,1,1,0,0,0,0,2,1,2,1,3,2,13,2,92006
1995,8,,7,12,0,0,0,0,0,0,1,1,2,1,3,2,22,1,92045
1995,8,,5,16,0,0,0,0,0,0,1,9,2,1,3,2,61,1,92045
1995,8,,5,12,0,0,0,0,0,0,1,1,2,1,4,2,71,1,93088
1995,8,,3,18,0,0,0,0,0,0,1,1,2,1,5,1,55,1,92094
1995,8,,3,1,1,1,0,0,0,0,1,1,2,3,7,2,,1,93010
1995,8,,6,22,0,0,0,0,0,0,1,1,2,2,4,1,,,92094
1995,8,,4,9,0,0,0,0,0,0,1,1,2,1,3,1,41,1,53082
1995,8,,1,7,0,0,0,0,0,0,1,1,2,2,4,2,47,1,45063
1995,8,,3,19,1,1,0,0,0,0,1,15,2,1,4,2,19,1,37020
1995,8,,4,9,1,1,0,0,0,0,1,15,2,1,3,1,17,1,53082
1995,8,,3,23,1,0,1,0,0,0,1,1,2,3,4,2,24,1,72039
1995,8,,2,22,1,1,0,0,0,0,1,18,2,3,4,1,15,2,72039
1995,8,,3,20,1,1,0,0,0,0,1,16,2,1,4,1,16,1,11057
1995,8,,3,15,1,1,0,0,0,0,1,6,1,1,1,2,58,1,23002
1995,8,,4,19,0,0,0,0,0,0,1,1,2,1,4,2,32,2,23016
1995,8,,1,16,1,1,0,0,0,0,1,18,2,1,3,1,16,1,23104
1995,8,,7,23,0,0,0,0,0,0,1,8,2,3,4,1,34,1,24001
1995,8,,5,19,1,1,0,0,0,0,1,1,2,1,7,2,23,1,24109
1995,8,,5,19,1,0,1,0,0,0,2,1,2,1,7,2,21,2,24109
1995,8,,5,18,0,0,0,0,0,0,1,1,2,1,3,2,52,1,24062
1995,8,,2,17,0,0,0,0,0,0,1,1,2,1,3,2,44,1,24094
1995,8,,2,16,1,1,0,0,0,0,2,2,2,1,2,1,24,2,25015
1995,8,,6,0,1,1,0,0,0,0,1,1,2,3,2,2,25,1,25043
1995,8,,2,23,0,0,0,0,0,0,1,4,2,3,2,1,33,1,25110
1995,8,,3,8,1,0,1,0,0,0,1,13,2,1,4,2,25,1,25044
1995,8,,2,23,1,1,0,0,0,0,1,1,2,3,2,1,53,1,25110
1995,8,,5,18,0,0,0,0,0,0,1,1,2,1,3,2,,1,25037
1995,8,,3,12,0,0,0,0,0,0,1,1,2,1,4,1,57,1,13003
1995,8,,1,17,0,0,0,0,0,0,1,1,2,1,4,2,57,1,13001
1995,8,,2,19,1,0,1,0,0,0,1,22,2,1,5,1,13,1,13012
1995,8,,7,13,1,1,0,0,0,0,1,1,2,1,4,1,70,1,13016
1995,8,,6,18,0,0,0,0,0,0,1,1,2,1,3,1,60,1,21009
1995,8,,1,12,0,0,0,0,0,0,1,1,2,1,3,1,23,2,31005
1995,8,,7,20,1,1,0,0,0,0,1,1,2,1,4,1,52,1,31005
1995,8,,1,9,0,0,0,0,0,0,1,4,2,1,4,1,38,1,11005
1995,8,,2,17,1,1,0,0,0,0,1,1,2,1,4,2,18,1,11002
1995,8,,5,20,1,0,1,0,0,0,1,18,2,1,2,1,17,2,11002
1995,8,,6,10,2,2,0,0,0,0,2,1,2,1,4,1,,,11016
1995,8,,2,10,1,1,0,0,0,0,1,18,2,1,,1,28,1,11023
1995,8,,6,16,1,1,0,0,0,0,2,1,2,1,4,2,18,1,11008
1995,8,,6,1,1,1,0,0,0,0,2,1,2,3,4,1,6,1,11013
1995,8,,4,15,0,0,0,0,0,0,1,1,2,1,4,1,27,2,11054
1995,8,,3,0,0,0,0,0,0,0,1,1,2,3,3,2,49,1,12009
1995,8,,7,15,0,0,0,0,0,0,1,2,2,1,3,2,37,1,11001
1995,9,,2,15,0,0,0,0,0,0,1,1,2,1,2,2,21,1,25123
1995,9,,3,17,0,0,0,0,0,0,1,2,1,1,3,2,52,2,11002
1995,9,,2,14,1,1,0,0,0,0,1,15,2,1,4,1,25,2,11002
1995,9,,7,15,0,0,0,0,0,0,1,2,2,1,3,2,53,1,12014
1995,9,,3,13,0,0,0,0,0,0,1,1,2,1,3,1,29,2,12025
1995,9,,7,3,1,0,1,0,0,0,2,14,2,3,2,2,41,2,11040
1995,9,,6,10,1,0,1,0,0,0,1,22,2,1,5,2,13,1,11054
1995,9,,6,13,1,1,0,0,0,0,1,16,2,1,3,1,28,1,11016
1995,9,,7,9,1,1,0,0,0,0,2,1,2,1,4,2,65,2,11009
1995,9,,5,22,1,1,0,0,0,0,1,14,2,3,4,1,28,1,11013
1995,9,,3,13,1,0,1,0,0,0,1,15,2,1,4,1,52,1,11008
1995,9,,5,19,0,0,0,0,0,0,1,1,2,1,4,1,28,1,31005
1995,9,,5,17,0,0,0,0,0,0,1,1,2,1,1,1,29,1,31005
1995,9,,6,17,0,0,0,0,0,0,1,2,2,1,3,1,20,1,31005
1995,9,,4,13,0,0,0,0,0,0,1,1,2,1,4,1,19,1,21004
1995,9,,7,20,1,1,0,0,0,0,2,1,2,1,4,1,,2,21001
1995,9,,5,10,0,0,0,0,0,0,1,1,2,1,3,1,65,1,13008
1995,9,,5,22,1,1,0,0,0,0,2,14,2,3,4,1,20,2,25110
1995,9,,2,22,1,0,1,0,0,0,1,22,2,3,5,1,17,2,25072
1995,9,,3,22,0,0,0,0,0,0,1,2,2,4,4,2,21,1,25048
1995,9,,2,16,1,1,0,0,0,0,1,1,1,1,7,2,58,2,24094
1995,9,,1,20,0,0,0,0,0,0,1,2,2,1,2,2,21,1,24135
1995,9,,5,14,1,1,0,0,0,0,2,1,2,1,3,2,24,1,24062
1995,9,,5,19,0,0,0,0,0,0,1,1,2,1,3,1,67,1,24048
1995,9,,6,4,1,1,0,0,0,0,1,14,2,3,4,1,42,1,24062
1995,9,,2,23,0,0,0,0,0,0,1,1,2,3,4,1,,1,24062
1995,9,,1,15,0,0,0,0,0,0,1,1,2,1,3,1,53,1,23088
1995,9,,6,15,1,1,0,0,0,0,2,1,2,1,2,1,20,2,23088
1995,9,,1,9,0,0,0,0,0,0,1,1,1,1,3,2,53,1,23016
1995,9,,7,20,3,3,0,0,0,0,2,1,2,4,3,2,,2,92137
1995,9,,1,4,1,1,0,0,0,0,1,2,1,4,3,2,23,1,85046
1995,9,,6,9,1,1,0,0,0,0,1,2,2,1,4,2,44,2,51065
1995,9,,1,16,0,0,0,0,0,0,1,1,2,1,4,1,69,2,52048
1995,9,,4,20,1,1,0,0,0,0,2,1,2,3,4,1,20,1,92094
1995,9,,7,16,1,1,0,0,0,0,1,1,2,1,3,1,22,1,92094
1995,9,,7,20,1,1,0,0,0,0,2,1,2,3,3,2,26,2,91114
1995,9,,6,18,1,1,0,0,0,0,1,1,2,1,2,2,37,1,92006
1995,9,,7,13,0,0,0,0,0,0,1,1,2,1,2,2,48,1,83012
1995,9,,6,18,1,1,0,0,0,0,1,1,2,1,7,2,18,2,84075
1995,9,,3,13,1,1,0,0,0,0,2,1,2,1,4,2,19,2,91013
1995,9,,6,15,1,0,1,0,0,0,1,1,2,1,2,2,20,1,84050
1995,9,,1,19,1,1,0,0,0,0,2,2,2,2,4,2,27,2,81001
1995,9,,7,23,0,0,0,0,0,0,1,1,2,3,4,1,49,1,81013
1995,9,,7,17,0,0,0,0,0,0,1,1,2,1,3,1,23,1,73107
1995,9,,2,12,1,1,0,0,0,0,2,18,2,1,4,1,22,1,73006
1995,9,,3,17,0,0,0,0,0,0,1,6,2,1,3,2,23,1,71037
1995,9,,3,10,1,1,0,0,0,0,2,1,2,1,4,2,45,2,71053
1995,9,,5,17,1,0,1,0,0,0,1,18,2,1,4,2,21,1,71022
1995,9,,2,9,1,1,0,0,0,0,1,15,2,1,3,2,16,1,71022
1995,9,,3,4,1,1,0,0,0,0,1,1,2,3,6,2,32,1,71022
1995,9,,4,17,1,1,0,0,0,0,2,1,2,1,3,2,47,2,71016
1995,9,,5,10,0,0,0,0,0,0,1,1,2,1,3,1,50,1,71002
1995,9,,4,10,1,1,0,0,0,0,1,15,2,1,4,1,29,1,63079
1995,9,,7,1,1,1,0,0,0,0,1,1,2,3,7,2,22,1,62118
1995,9,,6,12,1,1,0,0,0,0,2,1,2,1,3,2,41,2,63012
1995,9,,2,12,1,1,0,0,0,0,1,2,2,1,7,2,45,1,63001
1995,9,,3,20,1,1,0,0,0,0,1,1,2,1,7,2,21,1,62063
1995,9,,6,18,0,0,0,0,0,0,1,1,2,3,4,1,22,1,62099
1995,9,,3,17,0,0,0,0,0,0,1,1,2,1,4,2,44,1,62096
1995,9,,2,19,1,1,0,0,0,0,1,1,2,2,4,1,53,1,62063
1995,9,,2,8,1,1,0,0,0,0,1,1,2,1,2,1,23,2,62063
1995,9,,2,11,1,1,0,0,0,0,1,22,2,1,5,1,47,2,62063
1995,9,,7,15,0,0,0,0,0,0,1,1,2,1,5,1,45,1,62063
1995,9,,3,18,1,1,0,0,0,0,1,1,2,1,2,2,25,1,61072
1995,9,,4,12,1,1,0,0,0,0,1,22,2,1,5,1,23,1,57081
1995,9,,6,17,1,0,1,0,0,0,1,16,2,1,8,1,46,2,57064
1995,9,,5,20,0,0,0,0,0,0,1,1,2,1,2,1,35,1,55022
1995,9,,4,11,1,1,0,0,0,0,1,1,2,1,2,2,,1,55023
1995,9,,5,17,2,2,0,0,0,0,1,22,2,1,5,1,15,2,54007
1995,9,,1,9,1,1,0,0,0,0,1,15,2,1,3,1,17,1,54007
1995,9,,5,13,1,1,0,0,0,0,1,22,2,1,5,1,18,1,53014
1995,9,,4,12,0,0,0,0,0,0,1,1,2,1,4,2,27,1,52021
1995,9,,4,12,0,0,0,0,0,0,1,1,2,1,3,1,45,2,52011
1995,9,,6,20,1,0,1,0,0,0,1,1,1,1,7,2,50,2,52011
1995,9,,5,12,0,0,0,0,0,0,1,1,2,1,4,1,,1,52011
1995,9,,6,14,0,0,0,0,0,0,1,1,2,1,4,1,,2,46021
1995,9,,4,16,1,1,0,0,0,0,1,1,2,1,4,2,51,1,46021
1995,9,,6,21,1,1,0,0,0,0,2,1,2,3,3,2,17,2,46024
1995,9,,5,22,1,1,0,0,0,0,2,1,2,3,3,1,,2,44021
1995,9,,3,17,0,0,0,0,0,0,1,2,1,1,1,2,20,1,44021
1995,9,,1,13,1,1,0,0,0,0,1,1,2,1,4,1,25,2,44021
1995,9,,7,21,0,0,0,0,0,0,1,1,2,3,2,2,25,1,44020
1995,9,,5,14,1,1,0,0,0,0,1,1,2,1,2,2,36,2,43010
1995,9,,3,16,1,0,1,0,0,0,1,18,2,1,4,1,77,1,42006
1995,9,,5,15,1,1,0,0,0,0,1,1,2,1,4,2,25,2,42008
1995,9,,6,16,1,0,1,0,0,0,1,18,2,1,3,2,45,1,42006
1995,9,,1,17,0,0,0,0,0,0,1,15,2,1,4,1,17,1,42006
1995,9,,6,16,0,0,0,0,0,0,1,1,2,1,3,1,25,1,41081
1995,9,,5,13,1,1,0,0,0,0,1,18,2,1,4,1,63,1,38025
1995,9,,2,21,1,1,0,0,0,0,1,1,2,3,4,1,40,2,36015
1995,9,,4,9,1,1,0,0,0,0,1,15,2,1,4,1,18,1,36012
1995,9,,7,14,1,0,1,0,0,0,1,1,2,1,4,1,65,1,35006
1995,9,,3,13,1,1,0,0,0,0,1,13,2,1,4,2,38,1,35011
1995,9,,7,14,1,0,1,0,0,0,1,1,2,1,4,2,30,2,35006
1995,9,,7,5,1,1,0,0,0,0,2,1,2,3,7,1,25,1,35005
1995,9,,6,18,0,0,0,0,0,0,1,1,2,1,3,1,23,1,35013
1995,9,,5,13,1,0,1,0,0,0,1,14,2,1,4,1,19,2,35013
1995,9,,7,14,1,1,0,0,0,0,2,4,2,1,4,2,23,2,35006
1995,9,,2,9,1,1,0,0,0,0,1,21,2,1,5,1,67,2,34027
1995,9,,6,23,1,1,0,0,0,0,2,16,2,3,2,1,33,2,34027
1995,9,,5,13,1,1,0,0,0,0,1,1,2,1,4,1,50,1,34013
1995,9,,1,19,0,0,0,0,0,0,1,1,2,1,4,1,64,1,32003
1995,9,,2,16,1,1,0,0,0,0,1,1,2,1,3,1,69,2,31006
1995,9,,5,17,0,0,0,0,0,0,1,1,2,1,3,1,20,1,31040
1995,10,,7,22,1,1,0,0,0,0,1,1,2,3,2,2,27,1,31022
1995,10,,3,19,0,0,0,0,0,0,1,7,1,3,4,2,38,1,31022
1995,10,,7,14,1,1,0,0,0,0,1,18,2,1,3,1,47,2,31043
1995,10,,1,11,1,1,0,0,0,0,1,1,2,1,4,1,73,1,33029
1995,10,,3,8,0,0,0,0,0,0,1,1,2,1,3,1,29,2,34027
1995,10,,2,19,0,0,0,0,0,0,1,4,2,3,3,2,20,1,34040
1995,10,,1,14,1,1,0,0,0,0,1,15,2,1,4,1,66,1,35006
1995,10,,6,23,0,0,0,0,0,0,1,1,2,3,5,1,38,1,36007
1995,10,,2,19,1,0,1,0,0,0,1,1,2,2,2,1,28,1,36015
1995,10,,5,20,0,0,0,0,0,0,1,1,2,3,4,1,55,1,36008
1995,10,,3,20,1,1,0,0,0,0,1,1,2,3,3,2,24,2,37007
1995,10,,1,12,1,1,0,0,0,0,1,1,2,1,3,2,,2,36012
1995,10,,7,17,1,1,0,0,0,0,1,18,2,1,5,1,,2,35013
1995,10,,2,8,1,1,0,0,0,0,1,15,2,1,3,2,17,1,36019
1995,10,,6,15,1,1,0,0,0,0,2,2,2,1,4,2,30,2,37002
1995,10,,4,18,0,0,0,0,0,0,1,18,2,1,4,2,16,1,38014
1995,10,,5,13,1,1,0,0,0,0,1,1,2,1,3,1,19,2,41002
1995,10,,7,22,1,1,0,0,0,0,1,1,2,1,4,1,19,1,41018
1995,10,,4,9,1,1,0,0,0,0,1,18,2,1,4,1,17,1,41081
1995,10,,5,21,2,2,0,0,0,0,1,1,2,3,2,1,,1,41081
1995,10,,3,8,0,0,0,0,0,0,1,,2,1,4,2,,,43010
1995,10,,6,5,1,0,0,0,1,1,1,1,2,3,7,1,26,1,44021
1995,10,,2,17,1,1,0,0,0,0,1,1,2,1,4,2,34,1,44021
1995,10,,1,14,1,1,0,0,0,0,1,18,2,1,4,1,15,2,44021
1995,10,,5,16,1,0,1,0,0,0,1,1,2,1,4,2,45,1,45035
1995,10,,2,18,0,0,0,0,0,0,1,1,2,1,4,1,43,1,46020
1995,10,,1,21,1,1,0,0,0,0,1,16,2,3,2,1,16,1,46021
1995,10,,6,22,1,1,0,0,0,0,2,15,2,3,4,1,20,2,46021
1995,10,,7,20,1,1,0,0,0,0,1,1,2,3,7,2,19,1,51008
1995,10,,5,19,0,0,0,0,0,0,1,1,2,3,4,2,45,1,46025
1995,10,,6,19,1,1,0,0,0,0,1,1,2,3,7,2,65,1,51004
1995,10,,5,20,1,1,0,0,0,0,1,1,2,3,3,2,42,2,51008
1995,10,,5,9,0,0,0,0,0,0,1,1,2,1,5,1,,1,52011
1995,10,,2,22,1,1,0,0,0,0,2,1,1,3,3,2,,1,52011
1995,10,,4,16,1,1,0,0,0,0,1,2,2,1,2,1,32,1,52011
1995,10,,2,19,1,1,0,0,0,0,2,1,2,3,2,2,51,1,52063
1995,10,,1,16,1,1,0,0,0,0,1,22,2,1,5,1,4,1,53053
1995,10,,3,14,0,0,0,0,0,0,1,1,2,1,3,1,68,1,52022
1995,10,,5,12,1,0,1,0,0,0,1,15,2,1,4,1,22,2,54007
1995,10,,3,19,0,0,0,0,0,0,1,4,2,3,4,2,23,1,55023
1995,10,,7,11,0,0,0,0,0,0,1,1,2,1,1,2,34,2,55023
1995,10,,2,20,0,0,0,0,0,0,1,2,2,3,3,1,40,2,57081
1995,10,,1,17,1,1,0,0,0,0,1,22,2,1,5,1,81,1,57081
1995,10,,6,19,1,1,0,0,0,0,2,1,2,3,3,2,20,2,57064
1995,10,,1,15,1,1,0,0,0,0,2,1,2,1,1,1,65,2,62003
1995,10,,5,15,1,1,0,0,0,0,1,1,1,1,7,2,25,2,57081
1995,10,,7,19,1,0,1,0,0,0,1,15,2,4,7,2,73,1,61031
1995,10,,7,20,0,0,0,0,0,0,1,1,1,3,1,2,45,1,63020
1995,10,,5,13,0,0,0,0,0,0,1,22,2,1,5,1,39,1,71022
1995,10,,1,8,1,1,0,0,0,0,1,1,2,1,4,2,21,1,71045
1995,10,,5,21,0,0,0,0,0,0,1,1,2,3,2,1,19,1,72021
1995,10,,2,23,1,1,0,0,0,0,1,1,2,4,7,2,22,1,73107
1995,10,,2,21,1,0,1,0,0,0,1,1,2,3,8,1,20,1,73042
1995,10,,6,16,1,0,1,0,0,0,1,1,2,1,7,2,37,1,82014
1995,10,,7,12,0,0,0,0,0,0,1,1,2,1,4,2,34,2,92094
1995,10,,2,15,1,0,1,0,0,0,1,4,2,1,3,2,29,1,92087
1995,10,,2,10,1,0,1,0,0,0,2,1,2,1,4,1,50,2,92097
1995,10,,6,11,1,1,0,0,0,0,2,1,2,1,3,2,0,1,33040
1995,10,,3,8,0,0,0,0,0,0,1,1,2,1,4,2,31,2,56029
1995,10,,7,8,1,0,1,0,0,0,1,1,2,1,7,2,22,1,51065
1995,10,,3,16,1,1,0,0,0,0,1,1,2,1,7,1,,2,56086
1995,10,,7,16,1,1,0,0,0,0,1,18,2,1,6,2,57,1,45065
1995,10,,4,16,1,1,0,0,0,0,1,1,2,1,7,1,84,1,62121
1995,10,,2,18,0,0,0,0,0,0,1,1,2,1,2,1,21,1,62122
1995,10,,2,12,0,0,0,0,0,0,1,1,2,1,4,1,22,1,23002
1995,10,,5,14,0,0,0,0,0,0,1,4,2,1,2,1,55,1,23027
1995,10,,3,23,1,1,0,0,0,0,1,1,2,3,4,1,25,2,23052
1995,10,,7,11,1,0,1,0,0,0,1,18,2,1,4,1,50,1,23027
1995,10,,6,18,0,0,0,0,0,0,1,2,2,1,3,2,41,1,23038
1995,10,,1,18,0,0,0,0,0,0,1,1,1,1,3,2,46,1,23094
1995,10,,7,12,1,1,0,0,0,0,1,1,2,1,4,2,,2,23098
1995,10,,3,18,0,0,0,0,0,0,1,1,2,1,4,1,,,24062
1995,10,,6,11,0,0,0,0,0,0,1,1,2,1,4,2,87,1,24041
1995,10,,5,10,1,1,0,0,0,0,2,1,2,1,3,2,48,1,24062
1995,10,,1,1,1,1,0,0,0,0,1,1,1,3,7,2,24,1,24062
1995,10,,7,16,0,0,0,0,0,0,1,1,1,1,4,2,34,1,24104
1995,10,,4,16,0,0,0,0,0,0,1,1,2,1,4,1,62,1,25110
1995,10,,1,18,1,0,1,0,0,0,1,1,2,1,2,2,32,2,25119
1995,10,,4,8,1,1,0,0,0,0,1,15,2,2,4,2,18,1,13003
1995,10,,6,19,0,0,0,0,0,0,1,1,2,2,4,1,40,2,12025
1995,10,,2,4,1,0,0,0,1,1,1,22,2,3,5,1,16,1,12040
1995,10,,6,3,1,1,0,0,0,0,1,1,2,3,7,1,45,1,12029
1995,10,,6,15,1,1,0,0,0,0,1,1,2,1,3,1,49,1,13003
1995,10,,7,14,1,1,0,0,0,0,1,1,2,1,4,2,37,1,12035
1995,10,,2,8,0,0,0,0,0,0,1,1,2,2,4,1,23,1,13014
1995,10,,5,10,0,0,0,0,0,0,1,18,2,1,5,2,,2,13011
1995,10,,3,23,1,1,0,0,0,0,1,1,2,3,4,2,50,1,13040
1995,10,,5,14,1,1,0,0,0,0,1,22,2,1,5,1,53,2,21001
1995,10,,5,11,1,1,0,0,0,0,1,1,2,1,3,1,23,2,21004
1995,10,,4,7,1,1,0,0,0,0,1,2,2,2,4,1,45,1,21004
1995,10,,7,11,1,1,0,0,0,0,2,1,2,1,3,1,7,1,21004
1995,10,,7,11,1,1,0,0,0,0,2,1,2,1,3,1,10,1,21004
1995,10,,5,0,0,0,0,0,0,0,1,1,2,3,2,1,32,1,21009
1995,10,,5,16,1,1,0,0,0,0,2,1,2,1,2,1,77,2,21014
1995,10,,2,18,1,1,0,0,0,0,1,22,2,1,5,1,37,2,21011
1995,10,,6,12,1,1,0,0,0,0,1,1,2,1,2,1,55,1,21008
1995,10,,1,14,0,0,0,0,0,0,1,1,2,1,3,1,26,2,21009
1995,10,,2,18,1,1,0,0,0,0,1,15,2,2,4,1,21,2,31005
1995,10,,2,23,1,0,1,0,0,0,1,1,1,3,3,2,,2,11002
1995,10,,1,17,1,1,0,0,0,0,1,18,2,1,3,1,15,2,11055
1995,10,,6,11,1,1,0,0,0,0,1,18,2,1,4,1,68,2,11044
1995,10,,5,23,1,1,0,0,0,0,1,14,1,3,6,2,50,1,11035
1995,10,,6,17,0,0,0,0,0,0,1,1,2,1,4,2,33,1,12025
1995,10,,3,8,0,0,0,0,0,0,1,2,2,1,4,1,44,1,12014
1995,10,,1,19,0,0,0,0,0,0,1,1,2,3,2,1,40,2,12009
1995,10,,4,17,0,0,0,0,0,0,1,1,2,1,3,1,23,2,11002
1995,10,,4,19,1,1,0,0,0,0,2,1,1,3,3,2,36,1,11002
1995,10,,3,16,1,1,0,0,0,0,2,1,1,1,4,2,57,2,11002
1995,11,,5,16,0,0,0,0,0,0,1,1,2,1,1,1,41,2,11002
1995,11,,6,11,1,1,0,0,0,0,1,1,1,1,4,2,56,2,11001
1995,11,,7,3,1,1,0,0,0,0,2,1,2,3,4,2,26,2,12021
1995,11,,7,19,1,1,0,0,0,0,1,1,2,3,3,2,28,2,12021
1995,11,,7,18,1,1,0,0,0,0,1,1,2,3,4,2,22,1,11054
1995,11,,2,17,1,1,0,0,0,0,2,1,2,1,2,2,74,2,11050
1995,11,,3,15,0,0,0,0,0,0,1,1,2,1,3,2,75,1,11016
1995,11,,6,14,1,1,0,0,0,0,2,1,1,1,1,2,9,1,11002
1995,11,,3,18,0,0,0,0,0,0,1,1,2,2,3,1,,,11002
1995,11,,3,17,0,0,0,0,0,0,1,1,2,1,5,1,30,1,21016
1995,11,,7,20,1,1,0,0,0,0,1,22,2,2,5,1,86,2,21016
1995,11,,4,16,1,1,0,0,0,0,1,1,2,1,4,1,85,1,21007
1995,11,,7,2,1,1,0,0,0,0,1,1,2,3,3,1,43,1,21004
1995,11,,5,16,1,1,0,0,0,0,1,22,2,1,5,1,8,2,21001
1995,11,,5,10,0,0,0,0,0,0,1,1,2,1,4,1,21,1,21002
1995,11,,6,23,1,1,0,0,0,0,1,15,2,3,4,1,18,1,12025
1995,11,,1,18,0,0,0,0,0,0,1,4,2,3,4,2,35,1,12034
1995,11,,2,18,1,1,0,0,0,0,1,1,2,3,3,2,37,1,12029
1995,11,,2,18,1,1,0,0,0,0,1,4,2,3,3,2,22,2,12029
1995,11,,5,8,0,0,0,0,0,0,1,2,2,2,2,1,28,2,25110
1995,11,,4,20,0,0,0,0,0,0,1,1,2,4,3,2,20,1,25112
1995,11,,3,19,1,1,0,0,0,0,1,1,2,3,6,2,40,1,25014
1995,11,,3,18,0,0,0,0,0,0,1,1,2,2,4,2,35,1,24109
1995,11,,4,6,1,1,0,0,0,0,1,1,2,3,7,1,24,1,24062
1995,11,,6,7,1,1,0,0,0,0,1,1,2,2,7,2,20,2,24033
1995,11,,6,14,0,0,0,0,0,0,1,1,2,1,4,1,37,2,24062
1995,11,,6,11,1,1,0,0,0,0,2,1,2,1,3,2,,2,24062
1995,11,,6,16,1,1,0,0,0,0,1,18,2,1,4,1,65,1,23099
1995,11,,3,19,1,1,0,0,0,0,1,2,1,3,1,2,29,2,23094
1995,11,,1,10,0,0,0,0,0,0,1,1,1,1,1,2,27,2,23077
1995,11,,3,12,1,1,0,0,0,0,1,1,2,1,3,2,30,2,23096
1995,11,,3,13,0,0,0,0,0,0,1,1,1,1,3,2,52,1,23025
1995,11,,2,17,1,1,0,0,0,0,1,1,2,2,4,2,51,1,23033
1995,11,,6,11,1,1,0,0,0,0,1,15,2,1,4,1,18,2,23027
1995,11,,6,11,0,0,0,0,0,0,1,1,2,1,4,1,25,1,72039
1995,11,,1,15,1,1,0,0,0,0,1,1,2,1,4,2,22,1,72039
1995,11,,5,15,1,1,0,0,0,0,1,1,2,1,3,2,39,1,71070
1995,11,,4,18,1,1,0,0,0,0,1,1,2,3,4,2,46,1,72038