year,month,monthDay,weekDay,hour,numVictims,numSlightlyInjured,numSeverelyInjured,numMortallyInjured,numDiedWithin24Hours,numDiedWithin30Days,victimType,roadUserType,roadType,lightConditions,collisionType,areaType,age,sex,municipality
1995,11,,5,19,1,0,1,0,0,0,1,4,2,3,7,1,66,1,56086
1995,11,,5,13,1,1,0,0,0,0,2,1,2,1,2,2,49,2,56088
1995,11,,3,9,0,0,0,0,0,0,1,1,2,1,4,1,49,2,56085
1995,11,,2,15,0,0,0,0,0,0,1,4,2,1,4,2,,1,93088
1995,11,,5,10,1,0,1,0,0,0,1,3,2,1,7,2,43,2,32030
1995,11,,2,17,1,1,0,0,0,0,1,1,2,1,3,1,27,2,52048
1995,11,,3,15,1,0,1,0,0,0,2,1,2,1,4,1,55,1,93022
1995,11,,4,12,1,1,0,0,0,0,1,1,2,1,2,1,24,2,92094
1995,11,,2,18,1,0,1,0,0,0,1,1,2,2,2,2,64,1,91059
1995,11,,1,9,0,0,0,0,0,0,1,1,2,1,2,1,33,2,85045
1995,11,,3,13,0,0,0,0,0,0,1,1,2,1,4,1,19,1,73083
1995,11,,2,17,1,1,0,0,0,0,2,1,2,2,3,1,30,2,72021
1995,11,,5,23,0,0,0,0,0,0,1,1,2,3,3,2,22,1,71024
1995,11,,2,11,0,0,0,0,0,0,1,7,2,1,4,2,22,1,71022
1995,11,,3,18,0,0,0,0,0,0,1,1,2,2,1,2,35,1,71016
1995,11,,4,9,1,1,0,0,0,0,1,1,2,2,2,2,36,2,71016
1995,11,,3,17,0,0,0,0,0,0,1,4,2,2,4,1,64,1,71022
1995,11,,5,19,0,0,0,0,0,0,1,2,2,3,4,2,32,1,71016
1995,11,,6,12,1,0,1,0,0,0,1,22,2,1,5,1,62,2,63067
1995,11,,1,18,1,1,0,0,0,0,1,1,2,3,3,2,39,2,63061
1995,11,,7,12,1,1,0,0,0,0,1,1,2,1,3,1,22,1,62093
1995,11,,3,22,0,0,0,0,0,0,1,1,2,3,2,1,30,1,62063
1995,11,,4,17,0,0,0,0,0,0,1,10,2,2,4,1,49,1,62051
1995,11,,4,15,1,1,0,0,0,0,1,1,2,1,4,1,37,1,62063
1995,11,,3,11,0,0,0,0,0,0,1,1,2,1,4,1,43,1,62063
1995,11,,5,13,0,0,0,0,0,0,1,1,2,1,3,1,58,1,62063
1995,11,,4,11,1,1,0,0,0,0,1,1,2,1,3,2,61,1,61031
1995,11,,5,21,1,1,0,0,0,0,2,1,2,3,4,1,31,2,56011
1995,11,,7,12,0,0,0,0,0,0,1,1,2,1,2,2,66,1,56044
1995,11,,5,15,0,0,0,0,0,0,1,1,2,1,2,1,20,1,53065
1995,11,,7,2,1,1,0,0,0,0,2,1,2,3,4,1,39,2,53053
1995,11,,1,19,0,0,0,0,0,0,1,1,2,3,3,1,32,1,52025
1995,11,,4,17,0,0,0,0,0,0,1,1,2,1,1,1,64,1,52021
1995,11,,7,15,1,1,0,0,0,0,1,1,2,1,4,1,69,1,53053
1995,11,,5,16,1,1,0,0,0,0,1,1,2,1,7,2,30,1,52021
1995,11,,2,17,1,1,0,0,0,0,1,1,2,1,4,2,34,2,53039
1995,11,,1,18,1,1,0,0,0,0,1,14,2,3,4,1,19,1,53053
1995,11,,3,16,0,0,0,0,0,0,1,1,2,1,4,1,48,2,52011
1995,11,,6,12,0,0,0,0,0,0,1,1,2,1,4,1,21,2,44081
1995,11,,5,12,1,1,0,0,0,0,1,1,2,1,4,1,23,1,46003
1995,11,,3,20,1,1,0,0,0,0,2,1,2,3,3,2,21,1,45041
1995,11,,2,23,1,0,1,0,0,0,1,15,2,3,7,2,17,1,44049
1995,11,,3,9,1,1,0,0,0,0,1,22,2,3,5,1,,2,44021
1995,11,,5,15,0,0,0,0,0,0,1,1,2,1,4,1,39,1,44021
1995,11,,6,17,1,1,0,0,0,0,2,1,1,1,4,2,60,2,44021
1995,11,,6,15,1,1,0,0,0,0,1,1,2,1,4,1,74,1,44021
1995,11,,6,5,1,1,0,0,0,0,1,1,2,3,7,2,27,2,43018
1995,11,,1,12,1,1,0,0,0,0,1,1,2,1,4,2,40,2,43010
1995,11,,3,18,0,0,0,0,0,0,1,1,2,4,3,2,38,1,43018
1995,11,,6,12,1,1,0,0,0,0,1,1,2,1,2,2,27,2,41081
1995,11,,3,18,0,0,0,0,0,0,1,1,2,1,3,1,29,2,41018
1995,11,,2,9,0,0,0,0,0,0,1,15,2,1,3,2,18,1,38014
1995,11,,7,5,1,0,1,0,0,0,2,1,2,3,7,1,17,1,41002
1995,11,,3,13,0,0,0,0,0,0,1,9,2,1,2,1,36,2,36012
1995,11,,3,20,1,1,0,0,0,0,1,18,2,3,4,1,63,2,34042
1995,11,,2,15,1,0,1,0,0,0,1,18,2,1,2,1,57,2,35013
1995,11,,7,3,0,0,0,0,0,0,1,1,2,3,4,2,33,1,34040
1995,11,,5,11,1,1,0,0,0,0,1,1,2,1,2,1,82,2,34040
1995,11,,3,19,1,1,0,0,0,0,1,15,2,1,4,1,17,1,32003
1995,11,,2,13,0,0,0,0,0,0,1,9,2,1,4,1,45,1,34013
1995,12,,1,15,1,1,0,0,0,0,1,1,2,1,3,2,22,2,31022
1995,12,,7,6,1,1,0,0,0,0,2,1,2,3,7,1,34,2,32011
1995,12,,5,15,0,0,0,0,0,0,1,6,2,1,4,1,33,1,34022
1995,12,,1,15,1,1,0,0,0,0,2,1,2,1,3,1,20,2,34040
1995,12,,5,21,1,0,1,0,0,0,1,1,2,3,4,2,22,1,34040
1995,12,,6,23,0,0,0,0,0,0,1,1,2,3,3,1,,1,34027
1995,12,,6,15,1,0,1,0,0,0,2,1,2,1,4,2,79,2,35005
1995,12,,4,10,1,1,0,0,0,0,2,1,2,1,4,2,67,2,35002
1995,12,,1,13,0,0,0,0,0,0,1,1,2,1,4,2,34,1,36015
1995,12,,1,19,1,1,0,0,0,0,1,1,2,3,7,1,36,1,41002
1995,12,,4,21,1,1,0,0,0,0,1,22,2,3,5,1,36,2,42025
1995,12,,1,11,0,0,0,0,0,0,1,1,2,1,3,1,27,2,43010
1995,12,,7,17,1,1,0,0,0,0,1,1,2,1,3,2,50,1,43007
1995,12,,3,9,1,1,0,0,0,0,2,1,2,2,4,2,3,2,44011
1995,12,,4,11,1,1,0,0,0,0,1,1,2,1,2,2,37,2,44021
1995,12,,3,8,1,1,0,0,0,0,1,16,2,2,5,1,18,1,44021
1995,12,,5,9,0,0,0,0,0,0,1,1,2,2,5,1,36,1,44021
1995,12,,7,1,1,1,0,0,0,0,1,1,2,3,7,1,37,1,46014
1995,12,,3,16,0,0,0,0,0,0,1,1,2,1,2,1,51,1,46021
1995,12,,7,13,0,0,0,0,0,0,1,1,2,1,4,1,37,1,46021
1995,12,,1,21,0,0,0,0,0,0,1,1,2,3,4,1,18,1,52011
1995,12,,4,19,0,0,0,0,0,0,1,1,2,3,4,1,,,52011
1995,12,,1,20,1,1,0,0,0,0,2,1,2,3,4,1,22,2,52011
1995,12,,6,21,0,0,0,0,0,0,1,1,2,3,2,1,30,1,51012
1995,12,,6,20,1,1,0,0,0,0,2,1,2,3,4,2,18,1,51004
1995,12,,6,19,1,0,1,0,0,0,2,1,1,3,3,2,,2,52011
1995,12,,5,20,0,0,0,0,0,0,1,1,2,3,4,2,31,1,51004
1995,12,,7,16,1,1,0,0,0,0,1,1,2,1,2,1,47,2,52011
1995,12,,4,14,0,0,0,0,0,0,1,1,2,1,4,1,48,1,53020
1995,12,,5,17,1,1,0,0,0,0,2,4,2,1,2,2,35,1,52043
1995,12,,2,16,0,0,0,0,0,0,1,1,2,1,1,1,25,2,55022
1995,12,,4,11,1,1,0,0,0,0,1,16,2,1,4,1,60,1,55023
1995,12,,5,20,1,0,1,0,0,0,1,2,2,3,2,1,37,2,55022
1995,12,,4,20,1,1,0,0,0,0,1,1,2,3,4,1,34,1,55022
1995,12,,4,16,1,0,1,0,0,0,2,1,2,1,3,2,12,2,55023
1995,12,,6,12,1,1,0,0,0,0,2,1,1,1,4,2,21,1,53065
1995,12,,5,17,0,0,0,0,0,0,1,1,2,1,3,1,25,1,61072
1995,12,,5,16,0,0,0,0,0,0,1,4,2,1,4,1,44,1,62051
1995,12,,6,18,1,1,0,0,0,0,1,1,2,3,4,1,24,2,62063
1995,12,,6,9,1,1,0,0,0,0,2,1,2,1,4,1,24,1,62063
1995,12,,7,11,1,1,0,0,0,0,1,1,2,1,3,1,25,2,62118
1995,12,,2,13,1,1,0,0,0,0,1,15,2,1,4,1,40,1,63076
1995,12,,3,18,1,1,0,0,0,0,2,1,2,3,4,1,67,2,63049
1995,12,,6,15,1,1,0,0,0,0,1,1,2,1,4,2,19,1,71016
1995,12,,7,11,1,1,0,0,0,0,1,1,2,1,2,1,31,1,64047
1995,12,,5,18,0,0,0,0,0,0,1,1,2,1,4,1,25,2,71022
1995,12,,6,12,1,1,0,0,0,0,1,1,2,1,4,1,45,2,71053
1995,12,,6,14,1,1,0,0,0,0,1,18,2,1,4,1,18,1,71022
1995,12,,4,10,0,0,0,0,0,0,1,10,2,1,3,1,33,1,81004
1995,12,,3,13,1,1,0,0,0,0,1,1,2,1,3,2,23,1,73066
1995,12,,2,10,1,1,0,0,0,0,1,18,2,1,2,1,25,2,73107
1995,12,,6,16,0,0,0,0,0,0,1,1,2,1,5,1,22,1,84009
1995,12,,3,11,0,0,0,0,0,0,1,1,2,1,3,2,46,1,92094
1995,12,,5,22,0,0,0,0,0,0,1,1,2,3,5,2,45,1,92114
1995,12,,1,19,1,1,0,0,0,0,1,1,2,3,4,1,19,1,92094
1995,12,,2,14,0,0,0,0,0,0,1,6,2,1,3,1,37,1,56086
1995,12,,6,17,1,1,0,0,0,0,2,1,2,3,3,2,21,2,72039
1995,12,,4,19,0,0,0,0,0,0,1,10,2,2,4,2,56,1,72038
1995,12,,7,6,0,0,0,0,0,0,1,1,2,3,3,1,39,1,72039
1995,12,,5,7,1,1,0,0,0,0,1,4,2,4,7,2,35,1,85047
1995,12,,5,15,1,1,0,0,0,0,1,1,2,1,3,2,63,1,11057
1995,12,,2,7,0,0,0,0,0,0,1,1,2,3,7,1,35,1,23077
1995,12,,3,9,0,0,0,0,0,0,1,1,2,1,2,1,29,1,23062
1995,12,,5,17,0,0,0,0,0,0,1,1,2,1,4,1,39,2,23103
1995,12,,6,12,1,1,0,0,0,0,1,1,2,1,3,2,49,2,23096
1995,12,,6,22,1,1,0,0,0,0,1,1,2,3,2,1,33,2,24062
1995,12,,5,9,1,1,0,0,0,0,2,1,2,1,3,1,21,2,24062
1995,12,,5,17,1,1,0,0,0,0,1,1,2,1,4,2,29,1,24062
1995,12,,1,9,1,1,0,0,0,0,1,1,2,1,4,2,72,1,25014
1995,12,,4,21,0,0,0,0,0,0,1,1,2,2,3,2,58,2,24134
1995,12,,5,23,1,1,0,0,0,0,2,4,2,3,4,2,33,1,25031
1995,12,,1,10,1,1,0,0,0,0,1,1,2,1,7,2,45,2,25105
1995,12,,5,10,1,1,0,0,0,0,1,1,2,1,2,2,47,2,13011
1995,12,,5,11,1,1,0,0,0,0,1,18,2,1,4,1,65,1,13008
1995,12,,5,15,1,1,0,0,0,0,2,3,2,1,4,1,17,1,21004
1995,12,,1,18,1,1,0,0,0,0,1,22,2,3,5,1,,1,21004
1995,12,,5,12,1,1,0,0,0,0,1,4,2,1,2,1,20,1,21005
1995,12,,4,21,1,1,0,0,0,0,2,1,2,4,4,1,21,1,21009
1995,12,,3,14,0,0,0,0,0,0,1,1,2,1,3,1,46,1,21016
1995,12,,1,10,1,1,0,0,0,0,1,22,2,1,5,1,80,2,21019
1995,12,,6,21,1,1,0,0,0,0,1,1,2,3,3,1,38,1,21018
1995,12,,1,14,1,1,0,0,0,0,1,1,2,1,4,1,28,1,21018
1995,12,,4,13,0,0,0,0,0,0,1,7,2,1,4,2,50,1,31005
1995,12,,7,16,1,1,0,0,0,0,2,1,2,1,3,1,34,2,31005
1995,12,,6,19,1,0,1,0,0,0,2,1,2,3,2,1,51,2,11007
1995,12,,1,21,0,0,0,0,0,0,1,1,2,3,4,1,22,1,11002
1995,12,,2,17,0,0,0,0,0,0,1,1,2,1,2,1,24,1,11016
1995,12,,5,9,0,0,0,0,0,0,1,1,2,2,4,1,,1,11008
1995,12,,1,0,1,1,0,0,0,0,1,1,2,3,5,1,18,1,11023
1995,12,,4,11,0,0,0,0,0,0,1,1,2,1,4,2,65,1,12021
1995,12,,5,17,0,0,0,0,0,0,1,2,1,,3,2,45,1,11002
1995,12,,5,16,1,0,1,0,0,0,1,15,2,1,4,1,46,2,11002
1997,1,,7,13,1,1,0,0,0,0,2,1,2,1,2,2,55,2,25119
1997,1,,2,16,1,0,1,0,0,0,1,1,2,1,2,1,64,1,11002
1997,1,,6,6,0,0,0,0,0,0,1,1,2,3,3,1,47,2,11002
1997,1,,5,19,0,0,0,0,0,0,1,16,2,3,5,1,37,1,11002
1997,1,,2,18,0,0,0,0,0,0,1,1,2,2,3,2,58,2,11009
1997,1,,1,9,1,1,0,0,0,0,1,15,2,3,4,2,17,2,11024
1997,1,,6,21,1,1,0,0,0,0,2,1,2,3,4,1,40,2,11008
1997,1,,4,8,1,0,1,0,0,0,1,1,2,3,3,1,35,2,21017
1997,1,,6,20,1,1,0,0,0,0,1,2,2,3,2,1,26,1,21014
1997,1,,1,10,1,1,0,0,0,0,1,1,2,1,2,1,52,2,21007
1997,1,,4,17,1,0,1,0,0,0,1,22,2,1,5,1,9,1,21001
1997,1,,4,21,0,0,0,0,0,0,1,1,2,3,5,1,25,2,21003
1997,1,,6,18,1,1,0,0,0,0,1,1,2,2,4,2,34,1,13036
1997,1,,1,20,0,0,0,0,0,0,1,7,2,3,3,2,24,1,13010
1997,1,,4,11,1,0,1,0,0,0,1,4,2,1,7,2,37,1,12030
1997,1,,5,9,0,0,0,0,0,0,1,1,2,1,4,1,48,1,24062
1997,1,,6,16,1,1,0,0,0,0,2,1,2,1,3,2,52,2,23077
1997,1,,3,15,0,0,0,0,0,0,1,1,1,1,3,2,27,1,23088
1997,1,,6,22,0,0,0,0,0,0,1,1,2,3,6,1,27,1,23077
1997,1,,4,8,1,1,0,0,0,0,1,18,2,3,4,2,13,2,23062
1997,1,,6,16,1,1,0,0,0,0,2,1,1,1,4,2,9,2,23027
1997,1,,5,18,1,1,0,0,0,0,2,1,2,3,3,1,41,2,52074
1997,1,,6,11,0,0,0,0,0,0,1,1,2,1,5,1,43,1,53082
1997,1,,5,23,1,1,0,0,0,0,2,1,2,3,2,1,26,1,53082
1997,1,,5,18,0,0,0,0,0,0,1,1,2,3,3,1,40,1,52074
1997,1,,4,19,1,1,0,0,0,0,1,1,2,3,1,1,,2,92094
1997,1,,3,23,1,1,0,0,0,0,1,1,2,3,4,2,68,1,91072
1997,1,,3,23,0,0,0,0,0,0,1,1,2,3,4,2,30,1,91072
1997,1,,3,20,1,1,0,0,0,0,2,1,2,4,7,2,68,2,85034
1997,1,,6,15,0,0,0,0,0,0,1,1,2,1,4,2,32,1,73042
1997,1,,3,13,1,0,1,0,0,0,2,1,2,1,3,2,16,2,73009
1997,1,,6,13,1,1,0,0,0,0,1,1,2,1,4,2,19,1,71022
1997,1,,4,20,1,0,1,0,0,0,1,1,2,3,4,2,32,1,71022
1997,1,,6,12,1,1,0,0,0,0,1,1,2,1,7,1,51,2,64021
1997,1,,2,8,1,1,0,0,0,0,1,1,2,3,4,1,29,1,63076
1997,1,,1,17,0,0,0,0,0,0,1,1,2,1,3,1,22,2,63079
1997,1,,5,17,1,1,0,0,0,0,2,1,2,2,7,1,39,2,63012
1997,1,,4,8,1,1,0,0,0,0,1,2,2,3,2,1,32,1,62108
1997,1,,3,14,0,0,0,0,0,0,1,1,1,1,7,2,24,2,61028
1997,1,,3,0,1,0,1,0,0,0,1,1,2,4,7,2,35,2,61048
1997,1,,6,2,1,1,0,0,0,0,2,1,2,3,2,2,19,2,62009
1997,1,,4,16,1,1,0,0,0,0,1,15,2,1,4,1,25,1,53065
1997,1,,2,11,1,1,0,0,0,0,1,2,2,1,2,2,23,1,52011
1997,1,,7,5,1,1,0,0,0,0,2,2,1,3,4,1,40,2,52011
1997,1,,4,21,1,0,1,0,0,0,2,1,2,3,2,1,64,1,52011
1997,1,,7,21,0,0,0,0,0,0,1,1,2,3,3,1,21,1,46021
1997,1,,2,13,1,1,0,0,0,0,1,1,2,1,3,1,26,1,46021
1997,1,,1,16,0,0,0,0,0,0,1,1,2,1,3,2,30,1,46014
1997,1,,7,13,0,0,0,0,0,0,1,1,2,1,2,1,24,2,45041
1997,1,,1,7,1,0,1,0,0,0,1,1,2,3,6,2,,1,45035
1997,1,,5,18,1,1,0,0,0,0,1,1,2,1,2,2,54,1,44052
1997,1,,6,17,1,1,0,0,0,0,1,22,2,1,5,1,28,2,44072
1997,1,,1,18,0,0,0,0,0,0,1,4,2,2,2,2,34,1,44048
1997,1,,4,11,0,0,0,0,0,0,1,1,2,1,5,1,20,1,44021
1997,1,,6,11,1,1,0,0,0,0,1,1,1,1,7,2,67,1,44021
1997,1,,5,0,1,1,0,0,0,0,2,1,1,3,7,2,33,1,44021
1997,1,,1,19,0,0,0,0,0,0,1,4,2,3,4,2,35,1,44011
1997,1,,6,19,1,1,0,0,0,0,2,1,2,3,1,1,23,2,44021
1997,1,,3,13,0,0,0,0,0,0,1,4,2,1,4,1,30,1,44021
1997,1,,6,10,0,0,0,0,0,0,1,1,2,1,4,1,,,42028
1997,1,,5,12,1,1,0,0,0,0,1,1,2,1,3,2,,2,43010
1997,1,,7,14,0,0,0,0,0,0,1,1,2,1,3,2,38,1,43014
1997,1,,2,15,1,1,0,0,0,0,2,6,2,1,3,1,27,1,41002
1997,1,,2,22,1,1,0,0,0,0,1,2,2,3,7,2,39,1,37018
1997,1,,6,18,1,1,0,0,0,0,1,4,2,3,4,1,54,1,41002
1997,1,,1,20,1,1,0,0,0,0,1,22,2,3,5,1,46,1,36015
1997,1,,5,18,1,1,0,0,0,0,1,18,2,2,4,2,21,2,34040
1997,1,,3,10,0,0,0,0,0,0,1,1,2,1,3,1,41,1,33037
1997,2,,2,18,0,0,0,0,0,0,1,1,2,1,4,1,26,2,31043
1997,2,,6,1,1,1,0,0,0,0,1,1,2,3,1,1,,2,33037
1997,2,,6,16,1,1,0,0,0,0,1,15,2,1,4,1,16,1,35013
1997,2,,7,20,1,1,0,0,0,0,1,1,2,3,3,1,20,2,38016
1997,2,,5,13,1,1,0,0,0,0,1,1,2,1,4,2,33,1,38025
1997,2,,6,21,0,0,0,0,0,0,1,1,1,3,4,2,50,1,41002
1997,2,,4,19,1,1,0,0,0,0,1,18,2,3,4,1,29,2,41002
1997,2,,3,17,0,0,0,0,0,0,1,1,2,1,1,2,61,1,43005
1997,2,,6,15,1,1,0,0,0,0,1,1,2,1,3,1,61,2,44021
1997,2,,6,17,1,1,0,0,0,0,1,1,2,1,4,2,31,1,44073
1997,2,,1,15,1,0,1,0,0,0,1,4,1,1,3,2,43,1,44040
1997,2,,7,17,1,1,0,0,0,0,1,15,2,1,3,1,17,1,51019
1997,2,,3,20,1,0,1,0,0,0,1,1,2,3,7,2,20,1,51009
1997,2,,3,6,1,1,0,0,0,0,1,4,2,3,4,1,31,1,52011
1997,2,,1,11,1,1,0,0,0,0,1,1,2,1,4,1,40,1,52011
1997,2,,7,7,0,0,0,0,0,0,1,1,2,3,7,1,36,1,52011
1997,2,,3,19,0,0,0,0,0,0,1,1,2,1,4,1,25,2,52011
1997,2,,3,10,1,1,0,0,0,0,1,1,2,1,7,2,49,1,53039
1997,2,,5,21,0,0,0,0,0,0,1,1,2,3,4,1,31,2,55023
1997,2,,1,18,0,0,0,0,0,0,1,1,2,1,3,1,32,1,54007
1997,2,,2,0,0,0,0,0,0,0,1,1,2,3,4,1,23,1,55022
1997,2,,5,21,1,1,0,0,0,0,2,1,2,3,2,1,48,1,57081
1997,2,,7,23,0,0,0,0,0,0,1,4,2,3,4,1,26,1,62063
1997,2,,7,20,1,1,0,0,0,0,1,1,2,3,3,1,,1,62063
1997,2,,7,23,1,0,1,0,0,0,1,1,1,3,7,2,47,1,62100
1997,2,,4,17,1,1,0,0,0,0,1,15,2,1,3,1,17,1,62096
1997,2,,5,4,0,0,0,0,0,0,1,1,2,3,4,1,,,62063
1997,2,,5,23,1,1,0,0,0,0,1,15,2,3,4,1,16,1,63072
1997,2,,7,10,1,1,0,0,0,0,1,1,2,1,3,1,59,2,64074
1997,2,,4,20,0,0,0,0,0,0,1,1,2,3,3,2,36,1,71022
1997,2,,6,16,1,1,0,0,0,0,2,1,2,1,4,1,66,1,71034
1997,2,,6,17,1,1,0,0,0,0,1,16,2,1,4,1,18,2,71022
1997,2,,6,11,0,0,0,0,0,0,1,1,2,1,3,1,75,1,72004
1997,2,,4,10,1,1,0,0,0,0,2,1,2,1,4,2,79,1,72030
1997,2,,3,20,1,1,0,0,0,0,1,1,2,3,4,2,32,2,72030
1997,2,,2,11,1,0,1,0,0,0,1,16,2,1,4,2,45,1,72020
1997,2,,3,12,1,0,1,0,0,0,1,1,2,1,4,2,67,1,73107
1997,2,,2,20,1,0,1,0,0,0,1,1,2,3,7,1,40,2,84059
1997,2,,6,1,1,1,0,0,0,0,2,1,2,4,7,2,32,1,83028
1997,2,,6,11,1,1,0,0,0,0,2,1,2,1,4,2,,2,92035
1997,2,,7,18,1,1,0,0,0,0,1,16,2,1,3,2,22,1,92087
1997,2,,7,5,1,0,0,0,1,1,1,1,2,3,7,2,29,1,13053
1997,2,,6,14,1,1,0,0,0,0,2,2,2,1,4,2,23,1,13053
1997,2,,1,14,1,1,0,0,0,0,2,1,2,1,4,1,64,2,92094
1997,2,,2,16,1,0,1,0,0,0,1,1,2,1,4,2,37,1,11057
1997,2,,3,21,1,1,0,0,0,0,1,1,2,3,3,1,33,1,11057
1997,2,,4,14,1,1,0,0,0,0,1,1,2,1,2,1,21,2,23024
1997,2,,4,10,1,1,0,0,0,0,1,1,2,1,4,2,49,2,23105
1997,2,,1,8,0,0,0,0,0,0,1,2,2,2,5,1,41,1,24009
1997,2,,7,1,1,1,0,0,0,0,2,1,2,3,4,1,22,1,24001
1997,2,,6,21,1,1,0,0,0,0,1,1,2,3,4,1,56,2,24062
1997,2,,3,13,0,0,0,0,0,0,1,1,1,1,4,2,37,2,24062
1997,2,,6,16,1,1,0,0,0,0,1,1,1,1,6,2,54,1,24107
1997,2,,1,16,0,0,0,0,0,0,1,16,2,1,5,1,17,1,12025
1997,2,,4,15,1,1,0,0,0,0,2,15,2,1,4,2,31,2,13011
1997,2,,7,3,1,1,0,0,0,0,1,1,2,3,7,2,43,1,13036
1997,2,,1,20,0,0,0,0,0,0,1,1,2,3,3,1,25,1,21009
1997,2,,5,7,1,1,0,0,0,0,1,1,1,3,3,2,28,1,21018
1997,2,,4,13,1,1,0,0,0,0,1,15,2,1,4,1,16,2,31005
1997,2,,5,19,1,0,1,0,0,0,1,1,1,3,4,2,,2,11002
1997,2,,5,0,1,1,0,0,0,0,1,1,2,3,3,1,,2,11039
1997,2,,7,14,0,0,0,0,0,0,1,1,2,1,2,2,65,2,11050
1997,2,,6,4,1,0,1,0,0,0,1,1,2,3,7,2,25,1,12025
1997,2,,1,15,1,1,0,0,0,0,2,1,1,1,3,2,24,2,11002
1997,3,,6,15,1,1,0,0,0,0,1,22,2,1,5,1,65,2,11002
1997,3,,6,16,0,0,0,0,0,0,1,1,2,1,3,1,34,1,11002
1997,3,,4,6,1,0,1,0,0,0,1,1,2,3,3,2,22,1,11001
1997,3,,1,12,1,1,0,0,0,0,1,14,2,1,3,1,35,1,11002
1997,3,,5,16,0,0,0,0,0,0,1,4,2,1,4,2,43,2,12005
1997,3,,5,22,0,0,0,0,0,0,1,6,2,3,4,1,24,1,12025
1997,3,,2,19,1,1,0,0,0,0,1,1,1,1,3,2,63,2,11052
1997,3,,6,14,0,0,0,0,0,0,1,1,2,1,1,1,22,1,11052
1997,3,,5,18,1,1,0,0,0,0,1,15,2,1,3,1,16,1,11029
1997,3,,2,23,1,1,0,0,0,0,1,18,2,2,2,1,45,1,11008
1997,3,,6,11,0,0,0,0,0,0,1,1,2,1,4,1,33,1,11030
1997,3,,1,22,1,1,0,0,0,0,1,1,1,3,4,2,40,2,11007
1997,3,,5,19,1,1,0,0,0,0,2,1,2,2,4,2,23,2,31003
1997,3,,6,20,0,0,0,0,0,0,1,1,2,3,3,1,52,1,21018
1997,3,,6,16,1,1,0,0,0,0,1,1,2,1,4,2,39,2,31004
1997,3,,3,9,0,0,0,0,0,0,1,1,2,1,4,1,27,1,21015
1997,3,,5,3,1,1,0,0,0,0,2,1,2,3,4,1,,1,21014
1997,3,,4,0,1,1,0,0,0,0,1,1,2,1,3,1,46,2,21004
1997,3,,2,11,1,1,0,0,0,0,2,1,2,1,4,1,,2,21004
1997,3,,7,23,0,0,0,0,0,0,1,1,1,3,5,2,21,1,21007
1997,3,,6,17,0,0,0,0,0,0,1,1,2,1,4,1,21,2,21004
1997,3,,1,9,0,0,0,0,0,0,1,1,2,1,3,1,35,2,21007
1997,3,,4,11,1,1,0,0,0,0,1,22,2,1,5,1,22,1,21004
1997,3,,2,20,0,0,0,0,0,0,1,1,2,1,3,1,25,1,21004
1997,3,,4,1,0,0,0,0,0,0,1,1,2,3,3,1,36,1,13011
1997,3,,6,6,1,1,0,0,0,0,1,1,2,3,4,2,28,1,12029
1997,3,,3,13,1,1,0,0,0,0,1,1,2,1,7,2,33,2,25068
1997,3,,2,20,1,1,0,0,0,0,1,1,2,1,3,1,22,2,25014
1997,3,,4,14,0,0,0,0,0,0,1,4,1,1,1,2,53,1,24104
1997,3,,2,17,0,0,0,0,0,0,1,1,2,1,4,1,40,1,24062
1997,3,,1,0,0,0,0,0,0,0,1,6,1,3,3,2,50,1,23094
1997,3,,7,23,1,1,0,0,0,0,1,1,2,3,2,2,20,1,23062
1997,3,,2,12,0,0,0,0,0,0,1,1,2,1,4,1,73,2,11057
1997,3,,4,21,0,0,0,0,0,0,1,1,1,3,3,2,43,1,23002
1997,3,,7,19,1,0,1,0,0,0,1,22,2,1,5,1,4,1,92137
1997,3,,4,20,0,0,0,0,0,0,1,1,2,3,4,1,30,1,92138
1997,3,,4,9,1,1,0,0,0,0,2,1,2,1,2,2,27,2,23016
1997,3,,3,18,1,0,1,0,0,0,1,1,2,1,4,2,74,1,71070
1997,3,,6,8,1,1,0,0,0,0,1,1,1,1,7,2,24,1,62119
1997,3,,7,2,1,1,0,0,0,0,2,15,2,3,6,2,25,1,41082
1997,3,,3,11,0,0,0,0,0,0,1,1,2,1,4,2,30,1,41082
1997,3,,5,21,0,0,0,0,0,0,1,1,2,3,3,2,25,1,92048
1997,3,,5,18,0,0,0,0,0,0,1,1,2,1,4,1,36,1,81015
1997,3,,6,19,1,1,0,0,0,0,2,1,2,1,4,2,23,2,73107
1997,3,,4,15,1,1,0,0,0,0,2,1,2,1,4,2,48,1,73083
1997,3,,7,16,1,1,0,0,0,0,2,1,2,1,3,2,61,2,71016
1997,3,,5,9,1,1,0,0,0,0,1,1,2,1,3,2,26,1,71022
1997,3,,7,20,1,1,0,0,0,0,2,4,2,4,7,2,47,2,63003
1997,3,,3,8,1,1,0,0,0,0,2,1,2,1,3,1,40,1,63035
1997,3,,4,3,1,1,0,0,0,0,2,1,2,3,7,1,21,1,62063
1997,3,,6,14,1,1,0,0,0,0,1,14,2,1,2,1,19,1,62099
1997,3,,1,7,1,1,0,0,0,0,1,1,2,2,4,1,32,2,62063
1997,3,,6,2,1,1,0,0,0,0,1,1,2,3,7,1,49,1,62063
1997,3,,1,4,1,1,0,0,0,0,1,4,2,3,7,1,35,1,61072