year,month,monthDay,weekDay,hour,numVictims,numSlightlyInjured,numSeverelyInjured,numMortallyInjured,numDiedWithin24Hours,numDiedWithin30Days,victimType,roadUserType,roadType,lightConditions,collisionType,areaType,age,sex,municipality
1997,3,,6,21,1,0,1,0,0,0,1,1,2,3,2,2,28,1,55010
1997,3,,6,10,1,1,0,0,0,0,1,18,2,1,4,1,8,1,55010
1997,3,,3,18,1,1,0,0,0,0,2,1,2,1,3,1,25,2,53065
1997,3,,3,11,1,1,0,0,0,0,1,1,2,1,3,1,39,1,52011
1997,3,,5,16,0,0,0,0,0,0,1,1,1,1,7,2,32,1,52015
1997,3,,1,20,0,0,0,0,0,0,1,1,1,3,3,2,26,1,52011
1997,3,,1,8,1,1,0,0,0,0,1,1,2,2,4,1,34,1,52011
1997,3,,7,10,1,1,0,0,0,0,2,1,2,1,4,2,17,1,46025
1997,3,,6,17,1,0,0,0,1,1,1,1,2,1,7,1,85,2,52011
1997,3,,4,16,0,0,0,0,0,0,1,1,2,1,3,1,49,2,46021
1997,3,,7,14,1,1,0,0,0,0,2,1,2,1,4,2,23,2,44080
1997,3,,5,19,1,1,0,0,0,0,1,14,2,1,4,2,22,1,44040
1997,3,,7,3,1,1,0,0,0,0,2,1,2,3,3,2,39,2,44021
1997,3,,7,20,1,1,0,0,0,0,2,4,2,2,4,1,70,2,44021
1997,3,,5,12,0,0,0,0,0,0,1,1,2,1,3,1,20,1,44021
1997,3,,4,18,1,1,0,0,0,0,1,18,2,1,4,2,70,1,44020
1997,3,,5,8,1,1,0,0,0,0,1,4,2,2,7,2,29,1,43014
1997,3,,7,19,1,0,1,0,0,0,2,1,2,1,7,2,26,2,43007
1997,3,,6,19,1,1,0,0,0,0,2,1,2,1,4,2,24,2,43010
1997,3,,4,18,0,0,0,0,0,0,1,1,2,1,4,1,57,1,41048
1997,3,,4,13,1,0,1,0,0,0,1,1,2,1,3,2,25,1,37011
1997,3,,5,5,1,1,0,0,0,0,1,1,2,4,3,2,21,2,36012
1997,3,,6,16,1,1,0,0,0,0,1,15,2,1,2,1,21,1,35013
1997,3,,7,4,1,0,1,0,0,0,1,22,2,3,3,2,30,1,34022
1997,3,,3,21,0,0,0,0,0,0,1,1,2,3,4,2,,,34040
1997,3,,6,16,0,0,0,0,0,0,1,1,2,1,3,1,56,1,34027
1997,3,,2,21,0,0,0,0,0,0,1,1,2,4,4,2,28,1,33029
1997,4,,7,9,1,1,0,0,0,0,1,18,2,1,4,1,,1,32006
1997,4,,6,19,1,1,0,0,0,0,2,1,2,1,3,1,27,2,34009
1997,4,,6,19,0,0,0,0,0,0,1,1,2,1,3,1,68,1,34009
1997,4,,5,21,1,0,1,0,0,0,2,13,2,1,2,1,20,2,34022
1997,4,,3,14,1,1,0,0,0,0,1,18,2,1,4,2,25,1,35002
1997,4,,6,20,0,0,0,0,0,0,1,1,2,1,2,2,36,1,35011
1997,4,,3,21,0,0,0,0,0,0,1,1,2,3,2,1,20,1,35013
1997,4,,2,1,1,0,1,0,0,0,2,1,2,4,7,2,52,1,37018
1997,4,,1,9,1,1,0,0,0,0,2,1,2,1,3,1,10,1,41002
1997,4,,2,17,1,0,1,0,0,0,1,15,2,1,2,1,52,2,41018
1997,4,,6,11,0,0,0,0,0,0,1,1,2,1,3,1,43,1,41002
1997,4,,7,15,0,0,0,0,0,0,1,1,1,1,3,2,37,1,41002
1997,4,,5,19,1,1,0,0,0,0,1,1,2,1,2,2,21,1,42010
1997,4,,2,10,0,0,0,0,0,0,1,1,2,1,4,1,53,1,43005
1997,4,,5,21,1,1,0,0,0,0,1,18,2,2,4,1,9,1,44019
1997,4,,7,22,0,0,0,0,0,0,1,2,2,3,2,1,26,1,44020
1997,4,,2,17,0,0,0,0,0,0,1,1,2,1,4,2,31,1,44036
1997,4,,6,13,0,0,0,0,0,0,1,1,2,1,3,2,27,1,46003
1997,4,,6,17,1,1,0,0,0,0,1,18,2,1,4,1,45,2,46021
1997,4,,3,14,1,1,0,0,0,0,2,10,2,1,3,1,19,1,52012
1997,4,,2,20,0,0,0,0,0,0,1,1,1,1,3,1,41,1,52011
1997,4,,5,9,1,0,1,0,0,0,1,1,1,1,7,2,26,1,53053
1997,4,,2,22,1,1,0,0,0,0,1,16,2,3,3,1,30,1,53053
1997,4,,7,15,0,0,0,0,0,0,1,1,2,1,3,1,27,1,53028
1997,4,,4,16,1,1,0,0,0,0,2,1,2,1,4,1,68,2,53014
1997,4,,2,19,0,0,0,0,0,0,1,1,2,1,3,1,60,1,55004
1997,4,,4,21,1,1,0,0,0,0,1,18,2,1,2,1,14,1,62003
1997,4,,2,15,1,1,0,0,0,0,1,1,2,1,4,1,34,2,62009
1997,4,,3,13,1,1,0,0,0,0,1,15,2,1,2,1,17,2,63035
1997,4,,6,7,1,1,0,0,0,0,1,1,2,2,7,1,26,1,63020
1997,4,,2,11,1,1,0,0,0,0,1,1,2,1,2,2,63,1,63067
1997,4,,6,22,1,1,0,0,0,0,1,1,1,3,4,1,25,1,63079
1997,4,,4,21,1,1,0,0,0,0,1,2,2,1,3,1,46,2,63084
1997,4,,2,17,1,0,1,0,0,0,1,22,2,1,5,2,14,2,71016
1997,4,,1,9,0,0,0,0,0,0,1,2,2,1,4,1,42,2,71022
1997,4,,5,15,1,1,0,0,0,0,1,14,2,1,4,2,65,1,71016
1997,4,,6,15,0,0,0,0,0,0,1,1,2,1,5,1,,1,71022
1997,4,,2,8,0,0,0,0,0,0,1,1,2,1,3,2,38,1,73006
1997,4,,3,19,0,0,0,0,0,0,1,1,2,1,4,2,26,2,72020
1997,4,,6,16,1,0,1,0,0,0,1,14,2,1,7,2,25,1,73006
1997,4,,7,22,0,0,0,0,0,0,1,1,2,3,4,2,43,1,72025
1997,4,,6,21,0,0,0,0,0,0,1,1,2,1,3,1,24,1,81001
1997,4,,4,10,0,0,0,0,0,0,1,1,1,1,3,2,22,1,92035
1997,4,,6,0,0,0,0,0,0,0,1,2,2,3,2,2,62,1,91114
1997,4,,4,22,1,1,0,0,0,0,1,1,2,1,4,1,20,1,72039
1997,4,,5,13,0,0,0,0,0,0,1,4,2,1,4,1,56,1,85047
1997,4,,7,19,0,0,0,0,0,0,1,1,2,1,1,1,78,2,72039
1997,4,,7,4,1,0,1,0,0,0,1,18,2,3,2,2,18,1,72039
1997,4,,3,17,0,0,0,0,0,0,1,18,2,1,4,1,,1,91142
1997,4,,7,12,0,0,0,0,0,0,1,1,2,1,3,2,28,1,72041
1997,4,,5,20,0,0,0,0,0,0,1,1,2,1,4,2,58,1,23002
1997,4,,4,15,1,1,0,0,0,0,1,1,2,1,4,2,19,2,72041
1997,4,,1,19,1,1,0,0,0,0,1,14,2,1,6,2,,1,23033
1997,4,,2,19,0,0,0,0,0,0,1,1,2,1,4,1,34,1,23016
1997,4,,2,19,1,1,0,0,0,0,1,1,2,1,1,2,26,2,23062
1997,4,,1,18,0,0,0,0,0,0,1,4,1,1,3,2,40,1,23086
1997,4,,1,11,1,1,0,0,0,0,1,1,2,1,3,2,,1,23097
1997,4,,7,15,1,1,0,0,0,0,2,1,2,1,2,2,81,2,24028
1997,4,,5,5,1,1,0,0,0,0,1,14,1,4,,2,21,1,24020
1997,4,,1,18,1,1,0,0,0,0,1,1,2,1,3,2,25,1,23097
1997,4,,2,11,1,1,0,0,0,0,1,1,2,1,4,1,36,2,24062
1997,4,,4,14,1,1,0,0,0,0,1,2,2,1,4,1,24,1,25015
1997,4,,3,0,0,0,0,0,0,0,1,2,2,3,3,2,,,24134
1997,4,,5,19,0,0,0,0,0,0,1,1,2,1,4,1,48,1,25112
1997,4,,3,18,1,1,0,0,0,0,1,1,2,1,7,1,34,2,25031
1997,4,,5,15,0,0,0,0,0,0,1,1,2,1,4,1,33,2,13003
1997,4,,6,21,1,1,0,0,0,0,1,1,2,2,4,2,19,1,13011
1997,4,,3,22,1,1,0,0,0,0,1,1,2,4,7,2,26,2,13025
1997,4,,5,21,1,1,0,0,0,0,1,1,2,1,7,2,39,1,13035
1997,4,,6,19,0,0,0,0,0,0,1,1,2,1,4,1,80,1,21001
1997,4,,6,3,1,1,0,0,0,0,1,1,2,3,3,1,28,1,21004
1997,4,,7,0,0,0,0,0,0,0,1,1,2,3,2,1,22,1,21002
1997,4,,6,2,1,0,1,0,0,0,1,1,2,3,4,1,30,1,21015
1997,4,,2,13,0,0,0,0,0,0,1,1,2,1,3,2,64,1,31004
1997,4,,7,11,0,0,0,0,0,0,1,1,2,1,4,1,34,1,31005
1997,4,,6,14,0,0,0,0,0,0,1,1,2,1,4,1,53,1,31005
1997,4,,4,12,1,1,0,0,0,0,2,1,2,1,6,1,9,1,11002
1997,4,,1,15,1,1,0,0,0,0,1,1,2,1,7,2,23,2,11035
1997,4,,6,16,1,0,1,0,0,0,1,18,2,1,4,1,85,2,11054
1997,4,,6,16,0,0,0,0,0,0,1,2,2,1,4,2,62,2,11053
1997,4,,2,18,0,0,0,0,0,0,1,1,2,1,2,1,37,1,12009
1997,4,,7,17,0,0,0,0,0,0,1,1,2,1,2,2,33,1,12021
1997,4,,2,19,0,0,0,0,0,0,1,1,2,1,3,1,50,1,12021
1997,4,,7,10,1,0,1,0,0,0,1,14,1,1,4,2,37,1,11002
1997,5,,5,13,1,1,0,0,0,0,1,18,2,1,4,1,45,2,11002
1997,5,,4,15,0,0,0,0,0,0,1,2,2,1,4,1,26,1,11002
1997,5,,5,14,1,1,0,0,0,0,1,1,2,1,4,2,35,1,11002
1997,5,,5,16,1,1,0,0,0,0,1,14,2,1,4,1,34,1,11002
1997,5,,5,19,1,1,0,0,0,0,2,1,2,1,4,1,71,2,12021
1997,5,,3,18,1,1,0,0,0,0,1,1,2,1,3,2,34,1,12007
1997,5,,5,18,0,0,0,0,0,0,1,7,2,1,2,2,21,1,11039
1997,5,,6,18,1,0,1,0,0,0,2,1,2,1,2,2,10,2,11023
1997,5,,2,19,1,1,0,0,0,0,1,18,2,1,4,1,24,1,11013
1997,5,,2,12,0,0,0,0,0,0,1,7,2,1,3,1,22,1,11030
1997,5,,1,20,1,1,0,0,0,0,1,16,2,1,4,1,34,1,11008
1997,5,,2,13,0,0,0,0,0,0,1,1,2,1,4,2,,,11007
1997,5,,5,19,1,1,0,0,0,0,1,15,2,1,4,1,17,1,31005
1997,5,,2,17,0,0,0,0,0,0,1,3,1,1,1,2,37,1,21018
1997,5,,2,11,1,1,0,0,0,0,1,1,2,1,4,1,30,1,21019
1997,5,,5,15,1,1,0,0,0,0,2,1,2,1,3,1,34,2,31004
1997,5,,6,22,1,1,0,0,0,0,1,22,2,1,5,1,6,2,21015
1997,5,,4,21,0,0,0,0,0,0,1,1,2,1,4,1,37,1,12025
1997,5,,2,10,0,0,0,0,0,0,1,2,2,1,4,2,27,2,25112
1997,5,,3,17,1,1,0,0,0,0,1,1,2,1,3,1,19,1,24134
1997,5,,6,13,1,1,0,0,0,0,1,2,2,1,4,2,44,1,24104
1997,5,,2,11,1,1,0,0,0,0,1,1,2,1,4,2,66,1,24104
1997,5,,7,16,1,1,0,0,0,0,2,1,1,1,7,2,18,2,24059
1997,5,,7,19,1,1,0,0,0,0,1,16,2,1,4,1,22,1,24062
1997,5,,2,20,1,1,0,0,0,0,1,18,2,1,4,1,27,1,24062
1997,5,,3,18,0,0,0,0,0,0,1,1,2,1,4,1,52,1,23103
1997,5,,4,23,1,0,1,0,0,0,1,1,2,3,4,1,,1,23101
1997,5,,7,13,0,0,0,0,0,0,1,1,2,1,4,1,38,1,24008
1997,5,,6,22,1,1,0,0,0,0,1,1,2,3,2,2,23,1,24009
1997,5,,4,20,1,1,0,0,0,0,2,4,2,1,7,1,36,1,23102
1997,5,,5,18,0,0,0,0,0,0,1,1,2,1,4,1,31,1,23094
1997,5,,1,11,1,0,1,0,0,0,1,1,1,1,3,2,25,2,23077
1997,5,,4,14,1,1,0,0,0,0,1,16,2,1,4,2,42,2,23077
1997,5,,7,4,1,1,0,0,0,0,2,13,2,3,7,1,34,1,23025
1997,5,,4,19,0,0,0,0,0,0,1,1,2,1,3,2,50,2,72039
1997,5,,7,14,1,1,0,0,0,0,1,18,2,1,7,2,36,1,72040
1997,5,,2,7,1,0,1,0,0,0,1,14,2,1,2,2,38,1,85046
1997,5,,3,18,0,0,0,0,0,0,1,1,2,1,1,2,35,1,41082
1997,5,,7,14,0,0,0,0,0,0,1,1,2,1,5,1,53,1,62120
1997,5,,7,15,0,0,0,0,0,0,1,1,2,1,5,1,35,1,56085
1997,5,,5,18,0,0,0,0,0,0,1,4,2,1,4,2,29,1,37020
1997,5,,4,17,0,0,0,0,0,0,1,1,2,1,4,2,66,1,32030
1997,5,,7,20,1,1,0,0,0,0,2,1,2,1,7,2,38,2,33039
1997,5,,4,21,1,1,0,0,0,0,1,15,2,1,7,2,46,1,92048
1997,5,,7,22,0,0,0,0,0,0,1,1,2,1,4,1,58,1,91114
1997,5,,6,15,0,0,0,0,0,0,1,1,2,1,2,2,47,1,85039
1997,5,,1,3,1,0,1,0,0,0,1,1,2,4,7,2,65,1,84068
1997,5,,3,17,1,0,1,0,0,0,1,1,2,1,3,2,37,1,83049
1997,5,,5,8,0,0,0,0,0,0,1,1,2,1,2,1,28,2,73006
1997,5,,3,8,0,0,0,0,0,0,1,1,2,1,4,1,44,2,72020
1997,5,,6,11,1,1,0,0,0,0,2,1,2,1,3,2,13,2,71053
1997,5,,6,12,1,0,1,0,0,0,2,1,2,1,4,2,72,2,71034
1997,5,,2,15,1,1,0,0,0,0,1,1,2,1,4,1,49,1,71004
1997,5,,4,15,1,0,1,0,0,0,1,13,2,1,7,2,37,2,63067
1997,5,,2,18,1,1,0,0,0,0,1,1,2,1,2,1,30,1,62108
1997,5,,5,15,1,1,0,0,0,0,1,14,2,1,4,2,22,1,62100
1997,5,,7,2,1,1,0,0,0,0,1,15,2,3,3,1,16,1,62096
1997,5,,5,14,1,1,0,0,0,0,2,1,2,1,4,1,26,2,62063
1997,5,,5,14,1,1,0,0,0,0,1,22,2,1,5,2,50,2,61031
1997,5,,4,4,0,0,0,0,0,0,1,1,2,3,5,1,37,1,62022
1997,5,,2,20,1,0,1,0,0,0,2,2,2,1,7,2,8,1,56049
1997,5,,5,18,1,1,0,0,0,0,1,18,2,1,4,1,7,2,56016
1997,5,,7,22,0,0,0,0,0,0,1,1,2,4,3,1,35,1,55004
1997,5,,5,21,0,0,0,0,0,0,1,2,2,1,4,2,23,1,53070
1997,5,,6,21,0,0,0,0,0,0,1,1,2,3,3,2,45,2,54007
1997,5,,3,21,1,1,0,0,0,0,1,1,1,1,3,2,27,1,53053
1997,5,,1,7,1,1,0,0,0,0,1,1,2,1,4,1,40,1,52011
1997,5,,4,17,0,0,0,0,0,0,1,1,2,1,4,1,45,1,52015
1997,5,,5,12,1,1,0,0,0,0,2,1,2,1,4,2,35,2,51009
1997,5,,7,19,1,1,0,0,0,0,2,14,2,1,8,2,18,2,51014
1997,5,,5,18,1,1,0,0,0,0,1,1,2,1,3,2,30,2,46025
1997,5,,3,9,0,0,0,0,0,0,1,1,2,1,4,1,33,2,46021
1997,5,,2,13,0,0,0,0,0,0,1,1,2,1,3,2,24,1,46021
1997,5,,6,18,1,0,1,0,0,0,1,18,2,1,4,1,58,2,43005
1997,5,,4,19,1,1,0,0,0,0,2,1,2,1,4,2,7,1,43005
1997,5,,2,11,0,0,0,0,0,0,1,1,2,1,3,1,32,2,42006
1997,5,,6,9,1,0,1,0,0,0,1,1,2,1,3,2,45,2,41081
1997,5,,6,20,1,1,0,0,0,0,1,1,2,1,7,1,36,1,41034
1997,5,,1,10,1,1,0,0,0,0,1,18,2,1,6,1,25,1,41018
1997,5,,3,17,1,0,1,0,0,0,1,22,2,1,5,2,,2,41018
1997,5,,1,9,1,1,0,0,0,0,1,18,2,1,3,1,15,2,41002
1997,5,,3,15,1,1,0,0,0,0,1,1,2,1,4,1,47,2,41002
1997,5,,5,19,1,0,1,0,0,0,1,14,2,1,4,2,28,1,36015
1997,5,,2,11,1,1,0,0,0,0,1,18,2,1,4,1,13,1,35013
1997,5,,3,16,1,1,0,0,0,0,1,18,2,1,4,2,15,2,36015
1997,5,,1,22,0,0,0,0,0,0,1,1,2,1,4,1,67,1,35013
1997,5,,4,12,1,1,0,0,0,0,1,1,2,1,3,1,32,1,35013
1997,5,,1,22,1,0,1,0,0,0,2,1,2,1,4,1,17,2,35013
1997,5,,5,17,1,1,0,0,0,0,1,18,2,1,4,1,15,2,34022
1997,5,,5,17,0,0,0,0,0,0,1,1,2,1,4,1,27,1,34022
1997,5,,4,14,1,1,0,0,0,0,2,1,1,1,2,2,9,2,33037
1997,5,,1,16,1,1,0,0,0,0,1,1,2,1,2,2,84,1,33021
1997,5,,4,16,0,0,0,0,0,0,1,1,2,1,4,2,40,1,33029
1997,5,,2,18,1,1,0,0,0,0,1,1,2,1,4,1,39,2,33029
1997,5,,4,20,1,1,0,0,0,0,2,1,2,1,4,1,,2,31033
1997,6,,2,17,1,1,0,0,0,0,2,1,2,1,7,2,14,2,31043
1997,6,,7,13,1,1,0,0,0,0,1,1,2,1,4,1,26,2,31040
1997,6,,3,21,0,0,0,0,0,0,1,1,2,1,4,1,23,1,31043
1997,6,,1,9,0,0,0,0,0,0,1,1,2,1,2,1,32,2,31033
1997,6,,6,17,1,1,0,0,0,0,2,1,2,1,4,2,91,2,32003
1997,6,,3,20,0,0,0,0,0,0,1,1,2,1,2,2,23,1,32010
1997,6,,6,17,0,0,0,0,0,0,1,1,2,1,4,2,45,2,32003
1997,6,,5,23,0,0,0,0,0,0,1,16,2,2,4,1,18,1,34027
1997,6,,7,3,1,1,0,0,0,0,1,2,1,3,7,2,19,2,34022
1997,6,,3,18,1,1,0,0,0,0,2,1,2,1,3,1,17,2,35013
1997,6,,1,18,1,0,1,0,0,0,1,15,2,1,3,1,20,2,34041
1997,6,,6,10,1,1,0,0,0,0,1,18,2,1,4,1,68,2,36015
1997,6,,2,18,1,1,0,0,0,0,1,1,2,1,4,2,41,1,36008
1997,6,,4,19,1,0,1,0,0,0,1,16,2,1,4,1,17,1,35013
1997,6,,1,17,0,0,0,0,0,0,1,4,2,1,4,2,38,1,36015
1997,6,,3,16,1,1,0,0,0,0,1,18,2,1,2,1,7,2,42006
1997,6,,6,10,1,1,0,0,0,0,2,3,1,1,7,2,11,1,42023
1997,6,,6,12,1,1,0,0,0,0,2,1,2,1,4,1,7,1,42006
1997,6,,1,15,1,1,0,0,0,0,2,1,2,1,1,2,12,1,42006
1997,6,,2,14,0,0,0,0,0,0,1,1,2,1,4,1,23,2,44021
1997,6,,4,17,0,0,0,0,0,0,1,1,2,1,3,1,17,1,44021
1997,6,,3,9,1,1,0,0,0,0,1,15,2,1,3,2,16,2,44021
1997,6,,7,23,1,1,0,0,0,0,1,1,2,3,2,2,45,1,45059
1997,6,,4,9,0,0,0,0,0,0,1,1,1,1,3,2,,1,46025
1997,6,,2,8,1,1,0,0,0,0,1,18,2,1,4,1,36,2,46025
1997,6,,4,23,1,1,0,0,0,0,1,1,2,3,4,1,31,1,52011
1997,6,,3,13,1,1,0,0,0,0,2,1,2,1,2,1,12,2,52015
1997,6,,2,13,1,1,0,0,0,0,1,1,2,1,4,1,46,1,55022
1997,6,,3,20,1,1,0,0,0,0,1,15,2,1,4,1,,1,55022
1997,6,,6,19,0,0,0,0,0,0,1,1,2,1,2,1,34,2,57064
1997,6,,7,0,1,1,0,0,0,0,1,1,2,3,4,2,27,1,61031
1997,6,,7,18,1,1,0,0,0,0,1,14,2,1,2,2,38,1,61048
1997,6,,3,19,1,1,0,0,0,0,2,1,2,1,3,2,17,1,62060
1997,6,,7,22,1,1,0,0,0,0,2,4,2,3,3,1,54,2,62063
1997,6,,3,12,1,1,0,0,0,0,1,1,1,1,3,2,46,2,62118
1997,6,,7,15,0,0,0,0,0,0,1,1,2,1,4,2,42,1,62100
1997,6,,1,16,1,1,0,0,0,0,1,22,2,1,5,1,8,1,62096
1997,6,,7,7,1,0,1,0,0,0,1,1,2,1,2,2,50,1,62100
1997,6,,5,23,0,0,0,0,0,0,1,1,2,3,3,1,,1,62096
1997,6,,4,9,0,0,0,0,0,0,1,1,2,1,4,2,42,2,63048
1997,6,,5,13,0,0,0,0,0,0,1,1,2,1,3,2,18,1,63004
1997,6,,7,4,1,1,0,0,0,0,1,15,2,3,4,1,19,1,63049
1997,6,,6,23,0,0,0,0,0,0,1,1,2,3,2,2,28,1,71011
1997,6,,4,23,0,0,0,0,0,0,1,18,2,1,4,1,29,1,71022
1997,6,,1,16,1,1,0,0,0,0,1,1,2,1,3,2,74,1,71016
1997,6,,7,10,1,1,0,0,0,0,2,1,2,1,7,2,20,1,71034
1997,6,,2,1,1,0,1,0,0,0,1,1,2,3,7,2,20,2,71024
1997,6,,2,8,1,1,0,0,0,0,1,1,1,1,3,2,25,2,71037
1997,6,,1,18,1,1,0,0,0,0,1,21,2,1,5,2,17,1,73107
1997,6,,5,19,1,0,1,0,0,0,1,14,2,1,7,1,27,1,73107
1997,6,,4,11,1,1,0,0,0,0,1,22,2,1,5,2,17,1,85045
1997,6,,7,22,1,1,0,0,0,0,2,1,2,1,7,1,24,1,83013
1997,6,,7,22,1,0,1,0,0,0,1,1,2,1,3,2,,1,85009
1997,6,,6,20,1,0,1,0,0,0,1,13,2,1,7,2,26,1,91141
1997,6,,2,13,1,1,0,0,0,0,1,1,2,1,4,2,35,1,92035
1997,6,,6,0,1,1,0,0,0,0,1,1,2,3,2,1,28,1,23003
1997,6,,1,19,1,1,0,0,0,0,2,1,2,1,4,1,19,2,92137
1997,6,,1,17,0,0,0,0,0,0,1,2,2,1,3,2,48,1,11057
1997,6,,6,10,1,0,1,0,0,0,1,13,2,1,7,1,26,1,93090
1997,6,,3,20,1,0,1,0,0,0,1,1,2,1,4,2,39,1,92142
1997,6,,6,12,0,0,0,0,0,0,1,1,2,1,4,1,38,2,92142
1997,6,,5,15,1,1,0,0,0,0,1,1,2,1,3,1,37,2,23025
1997,6,,4,11,1,1,0,0,0,0,1,6,2,1,4,2,30,2,23047
1997,6,,3,15,1,1,0,0,0,0,1,18,2,1,4,1,77,1,24020
1997,6,,7,16,0,0,0,0,0,0,1,1,2,1,3,2,20,2,24007
1997,6,,1,4,1,0,1,0,0,0,1,1,1,4,8,2,26,1,24009
1997,6,,3,20,0,0,0,0,0,0,1,1,2,1,2,1,28,2,23098
1997,6,,2,10,0,0,0,0,0,0,1,1,2,1,4,1,57,1,24062
1997,6,,3,14,1,1,0,0,0,0,2,15,2,1,4,1,15,1,24062
1997,6,,6,18,1,1,0,0,0,0,2,2,2,1,4,2,44,1,25107
1997,6,,5,14,0,0,0,0,0,0,1,1,2,1,3,1,22,1,25072
1997,6,,4,17,1,1,0,0,0,0,2,1,2,1,4,2,63,2,12025
1997,6,,6,20,0,0,0,0,0,0,1,1,2,1,4,2,28,1,12029
1997,6,,6,4,1,1,0,0,0,0,1,1,2,4,2,2,27,1,13003
1997,6,,2,17,1,1,0,0,0,0,1,15,2,1,4,1,20,2,12040
1997,6,,5,11,1,1,0,0,0,0,1,1,2,1,4,2,43,1,13011
1997,6,,2,22,1,1,0,0,0,0,1,18,2,1,6,1,33,1,13025
1997,6,,4,17,1,1,0,0,0,0,2,1,2,1,3,1,10,2,13035
1997,6,,2,18,0,0,0,0,0,0,1,1,1,1,3,2,30,1,13029
1997,6,,3,16,1,1,0,0,0,0,1,1,2,1,2,2,48,1,13044
1997,6,,6,11,1,1,0,0,0,0,2,1,2,1,4,2,76,2,13040
1997,6,,4,19,1,1,0,0,0,0,1,1,1,1,3,2,33,2,13029
1997,6,,7,6,1,1,0,0,0,0,1,2,1,2,6,2,18,1,13025
1997,6,,6,2,1,1,0,0,0,0,2,1,2,3,4,1,60,1,21001
1997,6,,2,9,1,1,0,0,0,0,2,1,2,1,2,1,56,2,21001
1997,6,,2,12,0,0,0,0,0,0,1,1,2,1,4,1,,1,21010
1997,6,,1,1,0,0,0,0,0,0,1,2,2,3,3,1,23,1,21012
1997,6,,1,15,1,1,0,0,0,0,1,1,2,1,4,1,65,1,21016
1997,6,,3,8,0,0,0,0,0,0,1,1,2,1,5,1,42,1,21018
1997,6,,2,19,0,0,0,0,0,0,1,1,2,1,4,2,31,1,31003
1997,6,,2,20,1,1,0,0,0,0,1,18,2,1,4,1,22,2,31005
1997,6,,2,18,1,0,1,0,0,0,1,18,2,1,3,1,,,11002
1997,6,,3,18,0,0,0,0,0,0,1,1,2,1,3,1,81,1,11029
1997,6,,1,20,0,0,0,0,0,0,1,1,2,1,4,1,27,1,11039
1997,6,,6,19,0,0,0,0,0,0,1,1,2,1,4,2,65,1,11039
1997,6,,1,8,1,1,0,0,0,0,1,1,2,1,4,2,55,1,11035
1997,6,,3,15,1,1,0,0,0,0,1,16,2,1,7,2,16,2,11056
1997,6,,4,22,0,0,0,0,0,0,1,4,2,3,4,1,24,1,12007
1997,6,,6,22,1,0,1,0,0,0,2,1,2,1,7,2,20,2,12005
1997,6,,3,23,0,0,0,0,0,0,1,1,1,3,7,2,23,1,11002
1997,6,,5,13,0,0,0,0,0,0,1,1,2,1,4,1,28,1,11002
1997,6,,2,17,1,1,0,0,0,0,1,14,2,1,3,1,42,1,11002
1997,6,,3,21,1,1,0,0,0,0,1,1,2,2,4,2,41,2,11002
1997,6,,7,6,1,0,1,0,0,0,1,1,1,1,3,2,38,1,11002
1997,6,,3,20,1,1,0,0,0,0,1,22,2,1,5,1,59,2,11002
1997,7,,6,7,1,1,0,0,0,0,1,1,1,1,7,2,36,1,11002
1997,7,,3,12,0,0,0,0,0,0,1,1,2,1,4,2,40,2,12014
1997,7,,4,20,1,1,0,0,0,0,1,1,2,1,3,1,26,1,11016
1997,7,,4,15,0,0,0,0,0,0,1,7,2,1,4,2,44,1,31005
1997,7,,7,12,0,0,0,0,0,0,1,1,2,1,3,2,57,1,31004
1997,7,,2,4,1,1,0,0,0,0,1,1,2,3,4,1,30,1,21016
1997,7,,2,12,0,0,0,0,0,0,1,1,2,1,3,1,42,1,31004
1997,7,,3,15,0,0,0,0,0,0,1,1,2,1,4,1,80,1,21010
1997,7,,6,12,1,1,0,0,0,0,2,1,2,1,7,1,,2,21004
1997,7,,3,5,0,0,0,0,0,0,1,2,2,1,7,1,34,1,21007
1997,7,,6,11,1,1,0,0,0,0,1,1,2,1,4,1,23,1,21001
1997,7,,4,14,1,1,0,0,0,0,1,1,2,1,3,1,,1,21003
1997,7,,6,21,1,1,0,0,0,0,1,1,2,1,2,2,29,2,13021
1997,7,,7,13,0,0,0,0,0,0,1,1,2,1,4,1,30,1,13025
1997,7,,5,14,1,1,0,0,0,0,2,1,2,1,3,2,21,2,13008
1997,7,,4,3,1,1,0,0,0,0,1,4,2,3,7,1,21,1,13011
1997,7,,7,10,1,0,1,0,0,0,1,1,2,1,7,1,67,2,13008
1997,7,,2,16,0,0,0,0,0,0,1,1,2,1,4,1,67,1,13004
1997,7,,4,23,1,1,0,0,0,0,1,1,2,3,2,2,23,1,13003
1997,7,,2,17,1,1,0,0,0,0,1,15,2,1,2,2,34,2,13003
1997,7,,2,20,0,0,0,0,0,0,1,18,2,1,4,1,22,2,12025
1997,7,,1,11,1,1,0,0,0,0,1,2,2,1,4,1,47,1,25112
1997,7,,7,3,1,0,1,0,0,0,1,16,2,3,7,2,19,1,24109
1997,7,,7,16,1,0,1,0,0,0,1,1,2,1,7,1,30,2,25014
1997,7,,7,16,1,1,0,0,0,0,1,18,2,1,3,1,13,2,24059
1997,7,,2,23,1,1,0,0,0,0,2,1,2,3,2,2,26,2,23099
1997,7,,7,2,1,1,0,0,0,0,1,15,2,3,7,2,49,1,24001
1997,7,,2,23,1,1,0,0,0,0,2,1,2,3,2,2,42,2,23099
1997,7,,4,0,0,0,0,0,0,0,1,1,1,3,4,2,,1,23105
1997,7,,5,19,0,0,0,0,0,0,1,1,2,1,4,2,29,2,24014