year,month,monthDay,weekDay,hour,numVictims,numSlightlyInjured,numSeverelyInjured,numMortallyInjured,numDiedWithin24Hours,numDiedWithin30Days,victimType,roadUserType,roadType,lightConditions,collisionType,areaType,age,sex,municipality
1997,7,,3,19,0,0,0,0,0,0,1,1,1,1,3,2,38,2,23094
1997,7,,4,20,0,0,0,0,0,0,1,1,2,1,4,1,51,1,54010
1997,7,,4,17,0,0,0,0,0,0,1,1,2,1,4,1,49,1,93090
1997,7,,6,14,1,1,0,0,0,0,1,1,2,1,3,2,36,1,52075
1997,7,,7,15,1,1,0,0,0,0,1,1,2,1,4,1,23,1,62120
1997,7,,5,21,0,0,0,0,0,0,1,1,2,1,4,1,27,2,35029
1997,7,,5,12,1,1,0,0,0,0,1,14,2,1,8,2,30,1,45065
1997,7,,3,21,1,1,0,0,0,0,1,1,2,1,4,2,47,2,13053
1997,7,,3,4,0,0,0,0,0,0,1,1,1,3,1,2,34,1,91072
1997,7,,1,13,1,1,0,0,0,0,1,7,2,1,7,2,19,1,83049
1997,7,,2,17,1,1,0,0,0,0,2,2,2,1,2,1,11,2,84029
1997,7,,3,11,1,0,1,0,0,0,1,1,2,1,7,2,76,1,82032
1997,7,,7,18,1,1,0,0,0,0,1,4,2,1,7,2,54,1,83034
1997,7,,3,0,1,0,1,0,0,0,1,1,2,3,4,2,21,1,83034
1997,7,,2,17,0,0,0,0,0,0,1,2,2,1,2,1,19,2,84029
1997,7,,7,23,1,0,1,0,0,0,1,1,2,3,4,2,22,1,82009
1997,7,,5,14,0,0,0,0,0,0,1,1,2,1,4,2,45,1,73083
1997,7,,2,10,1,1,0,0,0,0,2,1,2,1,4,1,,2,81001
1997,7,,3,9,0,0,0,0,0,0,1,4,1,1,8,2,23,1,73032
1997,7,,4,16,0,0,0,0,0,0,1,1,2,1,2,2,36,1,72003
1997,7,,6,10,1,1,0,0,0,0,1,18,2,1,4,2,16,2,71066
1997,7,,3,17,0,0,0,0,0,0,1,1,2,1,7,1,29,1,71053
1997,7,,4,16,1,1,0,0,0,0,1,18,2,1,4,1,65,2,71053
1997,7,,5,22,0,0,0,0,0,0,1,1,2,1,4,2,46,2,71022
1997,7,,6,15,0,0,0,0,0,0,1,1,2,1,5,1,61,1,71022
1997,7,,1,13,1,1,0,0,0,0,1,18,2,1,4,2,13,1,71016
1997,7,,1,21,1,1,0,0,0,0,1,15,2,1,4,1,32,1,71004
1997,7,,7,17,0,0,0,0,0,0,1,1,2,1,4,2,25,1,71002
1997,7,,6,17,1,1,0,0,0,0,2,1,2,1,4,2,17,2,63067
1997,7,,2,15,1,1,0,0,0,0,1,14,2,1,3,1,27,1,63079
1997,7,,5,5,0,0,0,0,0,0,1,7,2,2,4,2,42,1,63023
1997,7,,3,21,1,0,1,0,0,0,1,14,1,1,7,2,26,1,62108
1997,7,,1,16,2,2,0,0,0,0,2,2,2,1,2,1,3,1,62063
1997,7,,7,11,1,1,0,0,0,0,2,1,2,1,4,1,56,2,62096
1997,7,,3,17,0,0,0,0,0,0,1,1,2,1,4,1,21,1,62063
1997,7,,3,19,1,1,0,0,0,0,1,15,2,1,6,1,57,2,62096
1997,7,,1,10,1,1,0,0,0,0,1,15,2,1,5,1,63,2,62063
1997,7,,6,19,0,0,0,0,0,0,1,1,2,1,4,2,34,1,62003
1997,7,,3,19,0,0,0,0,0,0,1,1,2,1,3,1,34,1,61003
1997,7,,6,4,1,1,0,0,0,0,2,1,2,3,8,1,,2,62003
1997,7,,6,12,1,1,0,0,0,0,1,1,2,1,4,1,61,1,57081
1997,7,,5,1,1,1,0,0,0,0,1,1,2,3,7,1,22,1,57064
1997,7,,2,21,1,1,0,0,0,0,1,1,2,1,4,1,26,1,56011
1997,7,,6,2,1,1,0,0,0,0,1,1,2,3,3,2,20,1,57062
1997,7,,6,1,0,0,0,0,0,0,1,1,2,3,3,1,66,2,55023
1997,7,,1,14,1,1,0,0,0,0,2,1,2,1,3,1,32,2,53070
1997,7,,2,23,1,1,0,0,0,0,2,1,2,3,2,1,22,2,53053
1997,7,,5,19,0,0,0,0,0,0,1,1,2,1,5,1,35,1,53053
1997,7,,3,16,1,1,0,0,0,0,2,1,1,1,3,2,25,2,52011
1997,7,,6,18,1,1,0,0,0,0,2,1,2,1,2,1,27,1,52011
1997,7,,4,16,0,0,0,0,0,0,1,1,2,1,2,1,46,1,51004
1997,7,,3,17,1,1,0,0,0,0,1,22,2,1,5,1,3,1,52011
1997,7,,5,9,1,1,0,0,0,0,1,1,2,1,4,2,,1,46020
1997,7,,4,22,1,1,0,0,0,0,1,15,2,2,8,1,17,1,46021
1997,7,,5,14,1,0,1,0,0,0,2,1,2,1,3,2,16,1,45057
1997,7,,1,23,0,0,0,0,0,0,1,1,2,3,4,2,23,1,45059
1997,7,,5,12,1,1,0,0,0,0,1,1,2,1,4,2,44,1,44072
1997,7,,7,12,1,1,0,0,0,0,2,2,1,1,3,2,12,2,44021
1997,7,,4,22,1,1,0,0,0,0,1,1,2,1,4,2,20,1,44072
1997,7,,2,17,0,0,0,0,0,0,1,1,2,1,4,1,40,2,44021
1997,7,,1,22,1,1,0,0,0,0,1,1,2,1,7,1,40,1,44021
1997,7,,2,20,0,0,0,0,0,0,1,1,2,1,3,2,37,1,44011
1997,7,,7,5,1,1,0,0,0,0,1,1,2,3,7,1,51,1,44019
1997,7,,6,20,0,0,0,0,0,0,1,1,2,1,4,2,31,1,44021
1997,7,,1,17,1,1,0,0,0,0,1,18,2,1,5,1,35,1,42025
1997,7,,5,17,0,0,0,0,0,0,1,2,2,1,3,1,32,1,43005
1997,7,,3,17,0,0,0,0,0,0,1,1,2,1,4,1,54,2,42006
1997,7,,4,17,1,1,0,0,0,0,2,3,2,1,2,2,37,2,42006
1997,7,,7,20,0,0,0,0,0,0,1,1,2,1,2,1,28,2,41002
1997,7,,7,21,0,0,0,0,0,0,1,1,2,1,4,2,,1,38014
1997,7,,3,15,0,0,0,0,0,0,1,1,2,1,4,1,47,2,41002
1997,7,,4,13,1,1,0,0,0,0,2,1,2,1,4,1,19,2,36015
1997,7,,2,11,0,0,0,0,0,0,1,1,2,1,4,2,22,2,36019
1997,7,,6,13,1,1,0,0,0,0,1,16,2,1,4,1,20,1,35013
1997,7,,4,18,0,0,0,0,0,0,1,1,2,1,3,1,24,1,36008
1997,7,,6,10,1,1,0,0,0,0,1,18,2,1,4,1,59,2,36015
1997,7,,6,18,1,1,0,0,0,0,1,1,2,1,3,1,23,1,36008
1997,7,,5,17,1,1,0,0,0,0,1,22,2,1,5,1,46,1,35005
1997,7,,6,18,0,0,0,0,0,0,1,1,2,1,7,2,54,1,35011
1997,7,,4,15,0,0,0,0,0,0,1,1,2,1,4,2,32,1,34022
1997,7,,6,21,1,1,0,0,0,0,1,14,2,1,4,2,30,1,34027
1997,7,,7,18,1,1,0,0,0,0,2,1,1,1,4,2,60,2,34013
1997,7,,6,11,0,0,0,0,0,0,1,18,2,1,5,1,20,1,33011
1997,7,,5,19,1,1,0,0,0,0,1,15,2,1,4,1,17,2,34013
1997,7,,4,11,1,1,0,0,0,0,2,1,2,1,4,1,,1,31012
1997,7,,2,21,0,0,0,0,0,0,1,1,2,1,4,2,56,1,31022
1997,8,,6,13,0,0,0,0,0,0,1,1,2,1,2,2,24,1,31040
1997,8,,2,21,0,0,0,0,0,0,1,18,2,1,3,2,,2,31012
1997,8,,4,18,0,0,0,0,0,0,1,1,2,1,3,2,29,1,32003
1997,8,,5,18,1,1,0,0,0,0,1,15,2,1,4,1,,1,31043
1997,8,,4,19,1,1,0,0,0,0,1,14,2,1,4,2,25,1,34009
1997,8,,6,11,0,0,0,0,0,0,1,1,2,1,1,2,23,1,33037
1997,8,,6,20,0,0,0,0,0,0,1,1,2,1,4,2,69,1,34003
1997,8,,6,4,0,0,0,0,0,0,1,1,2,3,3,1,24,2,34013
1997,8,,6,14,0,0,0,0,0,0,1,1,2,1,2,1,42,1,32006
1997,8,,6,13,0,0,0,0,0,0,1,1,2,1,4,1,31,2,35013
1997,8,,7,17,0,0,0,0,0,0,1,1,2,1,3,1,19,1,34042
1997,8,,5,16,0,0,0,0,0,0,1,1,2,1,3,1,25,2,35013
1997,8,,5,13,0,0,0,0,0,0,1,13,2,1,4,1,24,1,35013
1997,8,,7,0,1,1,0,0,0,0,1,1,2,3,4,2,22,1,36012
1997,8,,2,19,1,1,0,0,0,0,1,1,2,1,3,1,23,1,36019
1997,8,,3,17,0,0,0,0,0,0,1,1,2,1,3,2,25,1,36015
1997,8,,3,15,1,0,1,0,0,0,1,22,2,1,5,1,10,1,41002
1997,8,,5,20,0,0,0,0,0,0,1,1,2,1,3,2,24,1,38016
1997,8,,3,23,0,0,0,0,0,0,1,,1,3,3,2,,,41048
1997,8,,5,17,1,1,0,0,0,0,1,16,2,1,4,2,15,1,41034
1997,8,,1,21,0,0,0,0,0,0,1,1,2,1,4,2,54,1,42003
1997,8,,3,12,1,1,0,0,0,0,1,18,2,1,4,1,51,2,41081
1997,8,,7,4,1,1,0,0,0,0,1,1,2,3,3,1,47,1,42006
1997,8,,4,15,0,0,0,0,0,0,1,1,2,1,4,1,70,1,44001
1997,8,,5,9,0,0,0,0,0,0,1,2,2,1,4,1,24,1,44011
1997,8,,3,13,1,1,0,0,0,0,1,1,2,1,2,1,22,1,44021
1997,8,,6,23,1,1,0,0,0,0,1,1,1,3,7,2,23,2,44043
1997,8,,2,11,0,0,0,0,0,0,1,1,1,1,1,2,52,1,44049
1997,8,,5,19,0,0,0,0,0,0,1,1,2,1,4,1,36,1,46013
1997,8,,5,13,0,0,0,0,0,0,1,22,2,1,5,1,34,2,46003
1997,8,,4,8,1,0,1,0,0,0,1,15,2,1,2,2,39,2,46003
1997,8,,7,17,0,0,0,0,0,0,1,1,2,1,4,1,60,1,46021
1997,8,,7,14,1,0,1,0,0,0,1,14,2,1,4,2,45,1,46024
1997,8,,5,17,1,1,0,0,0,0,1,22,2,1,5,1,8,2,52011
1997,8,,1,16,0,0,0,0,0,0,1,4,2,1,4,1,20,1,51004
1997,8,,2,16,0,0,0,0,0,0,1,1,2,1,5,1,60,1,52015
1997,8,,6,2,0,0,0,0,0,0,1,1,2,3,5,1,24,2,52011
1997,8,,5,20,1,0,1,0,0,0,1,1,2,1,4,1,33,1,52011
1997,8,,4,17,1,0,1,0,0,0,1,4,2,1,4,1,33,1,52011
1997,8,,7,19,1,1,0,0,0,0,1,14,1,1,8,2,33,1,52055
1997,8,,4,23,1,1,0,0,0,0,1,6,2,1,3,1,31,1,55004
1997,8,,6,20,1,0,0,0,1,1,1,14,2,1,5,1,20,1,53065
1997,8,,2,12,1,1,0,0,0,0,1,18,2,1,4,1,,1,53070
1997,8,,3,14,0,0,0,0,0,0,1,1,2,1,4,1,30,2,53070
1997,8,,5,16,0,0,0,0,0,0,1,1,2,1,4,1,34,1,56011
1997,8,,4,22,1,1,0,0,0,0,1,16,2,3,4,1,26,1,56011
1997,8,,6,16,1,1,0,0,0,0,1,18,2,1,3,1,37,1,62022
1997,8,,6,0,0,0,0,0,0,0,1,1,2,4,5,2,24,1,61043
1997,8,,6,10,1,0,1,0,0,0,1,1,2,1,4,1,48,1,61072
1997,8,,5,17,1,0,1,0,0,0,1,1,2,1,4,1,45,1,61041
1997,8,,4,11,1,1,0,0,0,0,1,18,2,1,5,1,20,1,61031
1997,8,,6,9,1,1,0,0,0,0,1,1,2,1,2,1,42,1,62063
1997,8,,4,15,1,0,1,0,0,0,1,22,2,1,5,1,67,2,62051
1997,8,,5,12,1,1,0,0,0,0,1,1,2,1,4,1,59,1,62063
1997,8,,4,22,1,1,0,0,0,0,1,1,2,3,4,1,19,1,62063
1997,8,,7,2,2,2,0,0,0,0,2,1,2,3,2,1,,1,62096
1997,8,,5,15,1,0,0,0,1,1,1,22,2,1,5,1,81,2,62063
1997,8,,1,21,0,0,0,0,0,0,1,1,2,1,4,2,19,1,71016
1997,8,,5,15,1,1,0,0,0,0,1,1,2,1,3,2,37,2,71011
1997,8,,7,1,1,1,0,0,0,0,2,1,2,4,7,2,40,2,71002
1997,8,,7,22,1,0,1,0,0,0,1,1,2,3,4,1,63,2,71017
1997,8,,6,13,1,1,0,0,0,0,1,1,2,1,4,2,42,1,71016
1997,8,,5,17,0,0,0,0,0,0,1,1,2,1,4,1,48,2,71022
1997,8,,2,19,0,0,0,0,0,0,1,2,2,1,4,2,,1,71022
1997,8,,3,14,0,0,0,0,0,0,1,1,2,1,4,2,21,1,72004
1997,8,,2,1,1,1,0,0,0,0,1,1,2,3,4,1,32,1,73006
1997,8,,2,20,1,1,0,0,0,0,1,16,2,1,4,1,16,1,81015
1997,8,,4,13,1,1,0,0,0,0,2,1,2,1,3,2,1,1,73042
1997,8,,4,9,1,1,0,0,0,0,1,1,1,1,7,2,23,2,73032
1997,8,,1,20,1,0,1,0,0,0,1,1,2,1,2,2,37,2,73032
1997,8,,1,14,1,0,1,0,0,0,1,1,2,1,7,2,19,1,83012
1997,8,,4,18,1,0,1,0,0,0,1,18,2,1,3,2,14,2,92035
1997,8,,1,17,1,1,0,0,0,0,1,22,2,1,5,1,62,1,92003
1997,8,,4,16,1,1,0,0,0,0,1,1,2,1,3,2,20,1,93056
1997,8,,2,19,1,1,0,0,0,0,1,13,1,1,4,2,29,1,55035
1997,8,,6,8,1,1,0,0,0,0,2,1,2,1,2,2,25,1,37020
1997,8,,1,17,1,1,0,0,0,0,1,1,2,1,3,2,32,2,72038
1997,8,,2,19,0,0,0,0,0,0,1,1,2,1,4,2,70,1,71070
1997,8,,2,20,0,0,0,0,0,0,1,1,2,1,3,1,,2,23002
1997,8,,4,1,1,1,0,0,0,0,1,7,1,3,7,2,29,1,23002
1997,8,,6,23,1,1,0,0,0,0,1,22,2,3,5,1,58,1,54010
1997,8,,5,17,1,1,0,0,0,0,1,1,2,1,2,1,27,2,23045
1997,8,,6,19,1,1,0,0,0,0,1,1,1,1,6,2,59,1,23027
1997,8,,3,12,1,1,0,0,0,0,1,18,2,1,5,2,33,1,23096
1997,8,,3,18,1,0,1,0,0,0,1,16,2,1,4,2,19,1,23081
1997,8,,4,11,1,1,0,0,0,0,1,1,1,1,7,2,46,2,23094
1997,8,,4,13,0,0,0,0,0,0,1,1,2,1,4,2,36,1,23094
1997,8,,6,1,0,0,0,0,0,0,1,1,2,3,2,2,24,1,24001
1997,8,,4,8,0,0,0,0,0,0,1,2,2,2,4,2,46,1,24007
1997,8,,6,11,0,0,0,0,0,0,1,1,2,1,3,1,60,1,24062
1997,8,,1,15,1,1,0,0,0,0,1,4,1,1,4,2,29,1,25014
1997,8,,6,20,1,1,0,0,0,0,1,18,2,1,6,2,40,1,25031
1997,8,,5,11,1,1,0,0,0,0,2,1,2,1,4,2,19,1,13003
1997,8,,4,8,1,1,0,0,0,0,1,6,2,1,4,2,50,1,13011
1997,8,,6,15,0,0,0,0,0,0,1,1,2,1,3,2,31,1,13040
1997,8,,2,15,0,0,0,0,0,0,1,1,2,1,4,2,20,1,13021
1997,8,,5,18,1,1,0,0,0,0,2,14,2,1,7,2,31,1,13049
1997,8,,6,15,1,1,0,0,0,0,1,1,2,1,3,2,67,1,13040
1997,8,,1,15,0,0,0,0,0,0,1,2,2,1,3,1,30,1,21002
1997,8,,6,11,1,1,0,0,0,0,1,22,2,1,5,1,1,1,21003
1997,8,,1,23,0,0,0,0,0,0,1,1,2,3,3,1,50,1,21012
1997,8,,5,17,1,1,0,0,0,0,2,1,2,1,4,1,23,2,21010
1997,8,,7,20,1,0,1,0,0,0,1,15,2,1,2,1,23,1,31004
1997,8,,3,16,1,1,0,0,0,0,1,1,2,1,2,1,35,1,31005
1997,8,,5,9,1,1,0,0,0,0,1,1,2,1,4,1,75,1,11013
1997,8,,5,8,0,0,0,0,0,0,1,1,2,1,4,1,36,2,11018
1997,8,,4,9,1,1,0,0,0,0,1,1,2,1,3,2,26,1,11024
1997,8,,5,22,1,1,0,0,0,0,1,1,2,3,3,2,29,1,11022
1997,8,,5,16,1,1,0,0,0,0,2,1,1,1,3,2,16,2,11044
1997,8,,7,20,0,0,0,0,0,0,1,13,2,1,5,2,21,1,12014
1997,8,,2,21,1,1,0,0,0,0,1,1,2,1,3,1,27,1,12005
1997,8,,1,10,0,0,0,0,0,0,1,1,2,1,4,1,34,1,12025
1997,8,,7,14,1,1,0,0,0,0,2,1,2,1,4,2,51,2,11002
1997,9,,4,22,1,1,0,0,0,0,1,1,2,2,2,1,39,1,11002
1997,9,,7,18,1,1,0,0,0,0,2,5,2,1,4,1,32,1,11002
1997,9,,1,1,1,1,0,0,0,0,1,2,1,4,3,2,44,1,11054
1997,9,,5,21,1,1,0,0,0,0,2,1,1,4,7,2,25,2,11044
1997,9,,1,13,0,0,0,0,0,0,1,16,2,1,4,1,,2,11002
1997,9,,2,22,1,0,1,0,0,0,1,1,2,2,4,2,25,1,31005
1997,9,,1,16,1,1,0,0,0,0,1,1,2,1,3,2,46,1,31005
1997,9,,4,9,1,1,0,0,0,0,1,16,2,1,4,1,28,2,31005
1997,9,,3,18,0,0,0,0,0,0,1,1,2,1,3,1,22,1,21015
1997,9,,5,12,1,1,0,0,0,0,1,18,2,1,4,1,53,1,31004
1997,9,,7,9,1,0,1,0,0,0,1,1,2,1,4,1,18,1,21016
1997,9,,6,17,1,1,0,0,0,0,1,18,2,1,4,1,35,1,21004
1997,9,,3,17,0,0,0,0,0,0,1,2,2,1,5,1,43,2,21003
1997,9,,4,18,1,1,0,0,0,0,1,1,2,1,4,1,38,1,21001
1997,9,,5,11,1,1,0,0,0,0,2,1,2,1,3,2,52,1,13049
1997,9,,1,17,1,1,0,0,0,0,1,18,2,1,4,1,4,2,13037
1997,9,,1,11,0,0,0,0,0,0,1,1,2,1,4,1,50,1,12025
1997,9,,5,18,0,0,0,0,0,0,1,1,2,1,4,1,84,1,12025
1997,9,,7,14,1,1,0,0,0,0,1,4,2,1,4,1,33,1,25072
1997,9,,6,1,1,1,0,0,0,0,1,1,1,3,1,2,32,2,24135
1997,9,,7,17,2,2,0,0,0,0,2,1,2,1,7,2,16,2,24109
1997,9,,3,18,0,0,0,0,0,0,1,1,1,1,3,1,60,1,24062
1997,9,,3,9,0,0,0,0,0,0,1,6,2,1,2,1,43,1,24062
1997,9,,2,17,1,1,0,0,0,0,1,1,2,1,2,1,34,2,23086
1997,9,,2,16,1,1,0,0,0,0,1,16,2,1,2,1,16,1,23088
1997,9,,5,16,0,0,0,0,0,0,1,1,2,1,4,1,47,2,23027
1997,9,,3,9,0,0,0,0,0,0,1,1,2,1,4,1,33,1,11057
1997,9,,7,0,1,0,1,0,0,0,1,1,2,4,2,2,22,1,72040
1997,9,,6,12,0,0,0,0,0,0,1,1,2,1,3,2,24,1,72039
1997,9,,7,14,1,0,1,0,0,0,1,18,2,1,2,2,15,1,85047
1997,9,,5,11,0,0,0,0,0,0,1,1,2,1,4,1,28,1,61081
1997,9,,3,9,1,1,0,0,0,0,2,15,2,1,3,1,5,1,57094
1997,9,,7,1,0,0,0,0,0,0,1,1,2,3,4,2,58,1,57094
1997,9,,7,13,1,1,0,0,0,0,2,14,2,1,4,1,39,2,33041
1997,9,,6,19,1,1,0,0,0,0,1,1,2,1,4,2,54,1,13053
1997,9,,7,16,0,0,0,0,0,0,1,1,2,1,4,1,20,1,35029
1997,9,,4,9,1,1,0,0,0,0,1,1,2,1,2,2,42,1,84010
1997,9,,3,18,0,0,0,0,0,0,1,1,2,1,4,1,41,1,91013
1997,9,,6,17,0,0,0,0,0,0,1,1,2,1,4,2,40,1,84033
1997,9,,5,13,0,0,0,0,0,0,1,18,2,1,4,1,,2,73107
1997,9,,2,15,1,1,0,0,0,0,2,4,2,1,4,1,42,1,81001
1997,9,,2,18,1,1,0,0,0,0,1,15,2,1,2,1,17,2,81001
1997,9,,1,12,0,0,0,0,0,0,1,1,2,1,4,1,25,2,73107
1997,9,,5,8,0,0,0,0,0,0,1,14,2,1,4,2,38,1,72029
1997,9,,7,21,1,1,0,0,0,0,2,1,2,3,3,2,,1,72004
1997,9,,4,16,1,1,0,0,0,0,1,18,2,1,4,2,13,1,72018
1997,9,,2,18,1,0,1,0,0,0,1,18,2,1,7,2,80,2,72029
1997,9,,3,18,1,1,0,0,0,0,2,1,2,1,3,2,21,2,72004
1997,9,,1,15,1,1,0,0,0,0,1,18,2,1,4,1,89,1,71053
1997,9,,1,10,1,1,0,0,0,0,1,1,1,1,3,2,29,2,71022
1997,9,,7,4,0,0,0,0,0,0,1,1,2,3,4,1,30,2,71022
1997,9,,5,3,1,1,0,0,0,0,1,1,2,3,4,1,29,1,71022
1997,9,,5,18,0,0,0,0,0,0,1,1,2,1,4,1,42,1,71004
1997,9,,7,2,0,0,0,0,0,0,1,1,2,,4,1,,1,71004
1997,9,,7,6,1,1,0,0,0,0,2,1,2,3,7,1,15,1,64076
1997,9,,4,22,1,0,1,0,0,0,2,1,2,3,2,1,18,1,71004
1997,9,,5,16,1,1,0,0,0,0,1,22,2,1,5,1,12,2,62063
1997,9,,6,19,1,1,0,0,0,0,1,1,2,1,3,1,32,1,62096
1997,9,,1,18,0,0,0,0,0,0,1,1,2,1,4,1,66,2,62096
1997,9,,7,21,0,0,0,0,0,0,1,3,2,2,1,1,48,1,62063
1997,9,,5,15,0,0,0,0,0,0,1,14,2,1,4,1,30,1,62051
1997,9,,5,9,0,0,0,0,0,0,1,4,2,1,3,1,42,1,62063
1997,9,,5,18,1,1,0,0,0,0,1,15,2,1,7,1,16,1,61072
1997,9,,5,10,0,0,0,0,0,0,1,1,2,1,3,2,24,1,61048
1997,9,,2,19,0,0,0,0,0,0,1,1,2,1,4,1,21,1,56011
1997,9,,4,19,1,1,0,0,0,0,1,14,2,1,4,1,28,1,55004
1997,9,,7,10,1,1,0,0,0,0,1,1,2,1,7,1,37,2,55022
1997,9,,7,23,1,1,0,0,0,0,1,18,2,3,3,2,19,1,55023
1997,9,,6,12,1,1,0,0,0,0,2,1,2,1,3,2,24,1,53053
1997,9,,6,14,1,1,0,0,0,0,2,1,2,1,4,1,,1,52012
1997,9,,6,12,0,0,0,0,0,0,1,1,2,1,5,1,21,1,46014
1997,9,,3,17,0,0,0,0,0,0,1,4,2,1,4,1,36,1,46014
1997,9,,4,19,1,1,0,0,0,0,1,14,2,1,2,2,22,2,44045
1997,9,,7,22,1,1,0,0,0,0,1,1,2,3,2,2,69,1,44043
1997,9,,7,7,0,0,0,0,0,0,1,1,2,3,8,1,40,2,44021
1997,9,,5,12,1,1,0,0,0,0,1,1,2,1,4,1,20,2,44021
1997,9,,2,19,0,0,0,0,0,0,1,1,2,1,4,1,20,1,43005
1997,9,,6,14,1,1,0,0,0,0,2,1,2,1,3,1,28,2,41081
1997,9,,5,8,1,1,0,0,0,0,1,1,2,1,4,2,22,1,42011
1997,9,,3,19,1,0,1,0,0,0,1,14,2,1,4,1,,1,41002
1997,9,,7,15,0,0,0,0,0,0,1,1,2,1,3,2,33,2,38014
1997,9,,4,18,0,0,0,0,0,0,1,1,2,1,5,1,22,1,35013
1997,9,,5,19,1,1,0,0,0,0,1,1,2,1,4,1,36,1,35013
1997,9,,1,21,1,0,1,0,0,0,1,15,2,1,4,1,45,2,35002
1997,9,,7,20,1,1,0,0,0,0,1,1,2,2,,2,55,1,34040
1997,9,,4,17,0,0,0,0,0,0,1,1,2,1,5,2,26,1,31006
1997,10,,1,16,0,0,0,0,0,0,1,1,2,1,4,1,21,2,32010
1997,10,,7,2,1,1,0,0,0,0,2,1,2,3,3,1,37,1,34027
1997,10,,1,23,0,0,0,0,0,0,1,2,2,4,4,2,24,1,35013
1997,10,,2,14,0,0,0,0,0,0,1,1,2,1,4,1,20,1,35013
1997,10,,6,20,1,0,1,0,0,0,1,1,2,1,4,2,18,1,41002
1997,10,,4,11,1,1,0,0,0,0,2,1,2,1,7,2,14,2,41018
1997,10,,7,21,0,0,0,0,0,0,1,9,2,3,3,2,29,1,41048
1997,10,,6,12,1,1,0,0,0,0,1,1,2,1,4,1,31,1,42010
1997,10,,7,12,0,0,0,0,0,0,1,1,2,1,2,2,37,1,42003
1997,10,,3,19,0,0,0,0,0,0,1,1,2,2,4,2,35,1,42004
1997,10,,5,21,0,0,0,0,0,0,1,1,2,3,3,2,55,1,43010
1997,10,,5,11,0,0,0,0,0,0,1,1,2,1,4,2,57,1,42028
1997,10,,2,13,1,0,1,0,0,0,2,16,2,1,2,1,17,1,43010
1997,10,,3,8,1,1,0,0,0,0,1,1,2,2,4,2,39,2,44011
1997,10,,1,8,1,0,1,0,0,0,1,1,2,2,4,2,24,2,44019
1997,10,,3,9,0,0,0,0,0,0,1,2,1,1,3,2,35,1,44021
1997,10,,4,12,1,1,0,0,0,0,1,1,2,1,4,2,60,2,44034
1997,10,,5,17,1,1,0,0,0,0,1,15,2,1,4,1,,,44021
1997,10,,3,16,1,1,0,0,0,0,1,18,2,1,4,2,44,2,44043
1997,10,,3,19,1,1,0,0,0,0,1,1,2,2,4,2,32,2,45035
1997,10,,3,13,1,1,0,0,0,0,1,2,2,1,2,1,20,1,46025
1997,10,,5,11,1,1,0,0,0,0,2,10,2,1,3,1,22,2,52011
1997,10,,4,1,1,1,0,0,0,0,2,4,2,3,4,1,,1,52011
1997,10,,3,6,0,0,0,0,0,0,1,1,2,3,3,1,52,1,52011
1997,10,,3,7,1,1,0,0,0,0,1,15,2,3,3,2,29,1,52063
1997,10,,3,17,1,1,0,0,0,0,1,1,2,1,4,2,52,2,53053
1997,10,,5,17,1,1,0,0,0,0,2,1,2,1,4,1,,2,52043
1997,10,,3,18,0,0,0,0,0,0,1,1,2,1,3,2,24,1,54007
1997,10,,3,12,0,0,0,0,0,0,1,1,2,1,4,1,37,1,55022
1997,10,,7,22,1,1,0,0,0,0,1,1,2,3,7,2,29,1,53070
1997,10,,2,15,1,1,0,0,0,0,2,1,2,1,2,1,4,1,56011
1997,10,,1,18,1,0,1,0,0,0,1,1,2,1,4,2,27,1,56011
1997,10,,5,19,0,0,0,0,0,0,1,1,2,2,4,1,26,1,57027
1997,10,,7,8,0,0,0,0,0,0,1,1,2,2,4,1,,,56001
1997,10,,1,19,0,0,0,0,0,0,1,6,2,2,2,2,35,1,62009
1997,10,,4,17,1,0,1,0,0,0,1,1,2,1,7,2,37,2,61028
1997,10,,2,21,1,1,0,0,0,0,1,1,2,3,4,1,26,2,62015
1997,10,,3,12,1,0,1,0,0,0,1,1,1,1,4,2,49,2,62063
1997,10,,3,7,0,0,0,0,0,0,1,7,2,3,4,1,44,1,62063
1997,10,,4,1,1,1,0,0,0,0,1,1,2,3,6,1,41,1,62108
1997,10,,2,12,0,0,0,0,0,0,1,1,2,1,5,1,22,2,62063
1997,10,,6,4,1,1,0,0,0,0,2,1,2,3,7,1,26,1,62096
1997,10,,7,10,0,0,0,0,0,0,1,1,2,1,5,1,41,1,63072
1997,10,,1,9,1,0,1,0,0,0,1,1,2,2,2,2,47,1,63004
1997,10,,3,13,2,2,0,0,0,0,1,1,2,1,2,2,21,1,64034
1997,10,,3,18,1,0,1,0,0,0,1,22,2,1,5,1,11,1,63079
1997,10,,7,16,1,1,0,0,0,0,2,1,2,1,3,2,29,2,71011
1997,10,,4,23,0,0,0,0,0,0,1,1,1,3,3,2,36,1,64021
1997,10,,4,10,1,0,1,0,0,0,2,1,2,1,2,1,,2,63079
1997,10,,5,17,1,1,0,0,0,0,1,1,2,1,6,2,26,1,71016
1997,10,,5,8,0,0,0,0,0,0,1,1,2,2,4,2,43,2,71045
1997,10,,4,15,1,1,0,0,0,0,2,1,2,1,2,2,7,1,71053
1997,10,,7,20,1,1,0,0,0,0,1,9,2,3,4,2,37,1,72018
1997,10,,3,17,1,1,0,0,0,0,2,1,2,1,2,1,14,1,73006