year,month,monthDay,weekDay,hour,numVictims,numSlightlyInjured,numSeverelyInjured,numMortallyInjured,numDiedWithin24Hours,numDiedWithin30Days,victimType,roadUserType,roadType,lightConditions,collisionType,areaType,age,sex,municipality
1997,10,,5,17,1,1,0,0,0,0,2,1,2,1,4,2,62,2,84010
1997,10,,5,19,1,1,0,0,0,0,2,1,2,2,2,1,0,1,85026
1997,10,,3,17,0,0,0,0,0,0,1,1,2,1,1,1,34,1,83028
1997,10,,7,19,1,1,0,0,0,0,2,1,2,3,4,1,20,1,85011
1997,10,,5,15,0,0,0,0,0,0,1,1,1,1,8,2,22,1,82014
1997,10,,7,19,1,1,0,0,0,0,2,1,2,3,4,1,21,1,85011
1997,10,,5,7,1,1,0,0,0,0,1,1,2,2,7,2,45,1,85011
1997,10,,3,0,1,1,0,0,0,0,1,1,2,4,7,2,40,2,82032
1997,10,,7,1,1,1,0,0,0,0,2,1,2,4,6,1,41,2,92003
1997,10,,7,5,1,1,0,0,0,0,1,1,2,3,7,1,27,1,91034
1997,10,,6,17,1,1,0,0,0,0,1,22,2,1,5,1,42,1,92094
1997,10,,5,17,0,0,0,0,0,0,1,1,2,1,3,1,61,2,92094
1997,10,,3,19,0,0,0,0,0,0,1,1,2,3,4,1,74,1,52048
1997,10,,5,8,1,1,0,0,0,0,1,15,2,2,4,2,34,2,41082
1997,10,,7,11,0,0,0,0,0,0,1,1,2,1,4,2,39,2,41082
1997,10,,4,17,0,0,0,0,0,0,1,1,2,1,5,1,,1,23016
1997,10,,2,14,1,0,1,0,0,0,2,1,1,1,3,2,68,2,23002
1997,10,,7,9,1,1,0,0,0,0,1,1,1,1,7,2,25,2,23016
1997,10,,2,15,1,1,0,0,0,0,1,1,1,1,7,2,26,1,23025
1997,10,,5,17,0,0,0,0,0,0,1,1,2,1,2,1,31,2,23027
1997,10,,5,9,1,1,0,0,0,0,1,1,2,1,6,2,38,2,23045
1997,10,,7,12,1,1,0,0,0,0,1,18,2,1,4,2,56,1,23096
1997,10,,4,20,0,0,0,0,0,0,1,9,2,3,2,2,26,1,23081
1997,10,,6,17,1,1,0,0,0,0,1,16,2,1,4,2,16,1,23077
1997,10,,6,17,0,0,0,0,0,0,1,6,2,1,3,1,32,1,24011
1997,10,,4,17,1,1,0,0,0,0,1,2,2,1,4,2,27,2,25043
1997,10,,7,16,1,1,0,0,0,0,2,1,2,1,2,1,37,2,25110
1997,10,,7,13,0,0,0,0,0,0,1,1,2,1,3,2,56,2,13003
1997,10,,6,17,1,1,0,0,0,0,1,1,2,1,3,1,29,2,12040
1997,10,,4,7,0,0,0,0,0,0,1,1,2,3,2,1,68,1,12040
1997,10,,3,13,1,0,1,0,0,0,1,1,2,1,3,2,61,1,12040
1997,10,,7,18,0,0,0,0,0,0,1,1,2,1,2,2,27,1,13019
1997,10,,6,14,1,1,0,0,0,0,1,18,2,1,3,2,58,1,13013
1997,10,,3,9,0,0,0,0,0,0,1,1,2,2,3,1,45,1,13008
1997,10,,4,19,0,0,0,0,0,0,1,1,2,1,4,2,45,1,13025
1997,10,,2,11,0,0,0,0,0,0,1,2,2,1,4,2,28,1,13025
1997,10,,1,15,0,0,0,0,0,0,1,1,2,1,4,1,21,1,21001
1997,10,,2,13,0,0,0,0,0,0,1,1,2,1,4,1,,,21001
1997,10,,3,21,0,0,0,0,0,0,1,1,1,3,3,1,47,1,21004
1997,10,,5,9,0,0,0,0,0,0,1,1,2,1,5,1,45,1,21010
1997,10,,4,17,1,1,0,0,0,0,1,1,2,1,4,1,62,2,21010
1997,10,,2,23,0,0,0,0,0,0,1,1,2,3,3,1,54,1,21013
1997,10,,3,8,0,0,0,0,0,0,1,1,2,1,5,1,35,1,21008
1997,10,,3,13,0,0,0,0,0,0,1,1,2,1,4,1,40,1,21014
1997,10,,3,17,1,1,0,0,0,0,1,18,2,1,3,1,,2,21019
1997,10,,1,12,1,1,0,0,0,0,1,7,2,1,4,1,30,1,31005
1997,10,,7,7,0,0,0,0,0,0,1,1,2,1,5,1,,,11002
1997,10,,3,8,1,1,0,0,0,0,1,14,2,3,3,2,39,1,11008
1997,10,,5,9,0,0,0,0,0,0,1,4,2,2,3,1,24,1,12025
1997,10,,3,12,0,0,0,0,0,0,1,1,2,1,3,2,66,1,12021
1997,10,,5,18,0,0,0,0,0,0,1,6,2,1,3,2,20,1,11056
1997,10,,3,13,1,1,0,0,0,0,2,1,2,1,3,2,19,1,12005
1997,10,,4,20,1,1,0,0,0,0,1,1,2,3,3,1,27,2,11001
1997,11,,1,11,0,0,0,0,0,0,1,1,1,1,2,1,37,1,11002
1997,11,,6,17,1,0,1,0,0,0,1,21,2,1,5,1,71,2,11002
1997,11,,4,8,0,0,0,0,0,0,1,7,1,3,4,2,40,1,11002
1997,11,,7,8,1,1,0,0,0,0,1,1,2,2,4,2,27,1,11002
1997,11,,6,14,1,0,1,0,0,0,1,18,2,1,,1,11,1,12002
1997,11,,5,19,1,1,0,0,0,0,1,1,2,3,3,2,47,1,12007
1997,11,,3,20,0,0,0,0,0,0,1,1,2,3,3,1,46,1,11040
1997,11,,7,17,1,1,0,0,0,0,1,1,2,1,1,2,29,2,11044
1997,11,,3,18,0,0,0,0,0,0,1,1,2,3,4,1,,,11040
1997,11,,2,13,0,0,0,0,0,0,1,1,2,1,3,2,57,1,11009
1997,11,,5,8,1,1,0,0,0,0,1,16,2,2,4,1,16,1,11008
1997,11,,5,23,0,0,0,0,0,0,1,1,2,3,5,1,25,1,11035
1997,11,,4,9,0,0,0,0,0,0,1,1,2,2,4,1,37,2,11005
1997,11,,1,20,0,0,0,0,0,0,1,7,1,3,3,2,,1,11002
1997,11,,5,21,1,1,0,0,0,0,1,1,2,3,4,1,21,1,31005
1997,11,,6,9,1,1,0,0,0,0,1,1,2,1,4,1,18,1,21010
1997,11,,6,17,1,1,0,0,0,0,1,22,2,1,5,1,,2,21014
1997,11,,7,9,0,0,0,0,0,0,1,1,1,1,7,2,60,2,21007
1997,11,,2,14,0,0,0,0,0,0,1,1,2,1,3,1,52,2,21004
1997,11,,4,14,1,1,0,0,0,0,1,1,2,1,2,1,45,1,21004
1997,11,,1,19,1,1,0,0,0,0,1,1,2,3,3,1,27,2,21004
1997,11,,6,16,1,0,1,0,0,0,1,14,2,1,7,2,42,1,13046
1997,11,,6,7,1,1,0,0,0,0,1,15,2,3,7,2,20,1,13008
1997,11,,3,17,1,1,0,0,0,0,2,1,2,1,3,1,34,2,13010
1997,11,,3,18,1,1,0,0,0,0,1,1,2,3,2,1,44,2,13011
1997,11,,6,17,1,0,1,0,0,0,2,2,2,1,2,2,37,2,12035
1997,11,,7,13,0,0,0,0,0,0,1,1,2,1,3,2,48,1,25068
1997,11,,4,9,1,1,0,0,0,0,2,1,2,1,2,2,5,2,25018
1997,11,,6,15,1,1,0,0,0,0,1,1,2,1,4,1,35,1,24062
1997,11,,7,9,1,1,0,0,0,0,1,1,2,1,2,1,24,1,24062
1997,11,,2,15,0,0,0,0,0,0,1,1,2,1,4,1,48,1,24062
1997,11,,4,20,0,0,0,0,0,0,1,1,2,3,4,1,31,1,23025
1997,11,,4,13,1,1,0,0,0,0,1,1,1,1,3,2,28,2,23047
1997,11,,1,0,0,0,0,0,0,0,1,1,2,3,4,1,19,1,23002
1997,11,,4,10,1,0,1,0,0,0,1,2,2,1,7,2,39,1,92138
1997,11,,2,18,1,1,0,0,0,0,1,18,2,1,4,2,15,2,72039
1997,11,,3,13,1,1,0,0,0,0,1,18,2,1,2,1,17,2,72039
1997,11,,1,20,1,1,0,0,0,0,1,1,2,3,7,1,29,1,85047
1997,11,,5,10,1,1,0,0,0,0,2,1,2,1,4,2,,2,57094
1997,11,,6,23,0,0,0,0,0,0,1,1,2,3,5,1,18,1,61081
1997,11,,4,17,1,1,0,0,0,0,2,1,2,1,4,2,17,1,51065
1997,11,,4,12,1,1,0,0,0,0,2,2,2,1,3,1,16,1,53082
1997,11,,6,23,1,0,1,0,0,0,1,22,2,3,5,1,14,1,61081
1997,11,,4,18,0,0,0,0,0,0,1,1,2,3,5,1,52,1,41082
1997,11,,5,12,0,0,0,0,0,0,1,1,2,1,3,2,39,2,62121
1997,11,,5,8,0,0,0,0,0,0,1,1,2,2,5,1,43,1,92094
1997,11,,2,21,0,0,0,0,0,0,1,1,2,4,3,2,19,1,92087
1997,11,,7,1,1,1,0,0,0,0,1,1,1,3,7,2,27,1,92094
1997,11,,5,12,1,0,1,0,0,0,1,22,2,1,5,2,71,2,92035
1997,11,,7,17,0,0,0,0,0,0,1,1,1,1,7,2,33,2,92035
1997,11,,7,12,1,0,1,0,0,0,1,1,2,1,4,2,34,1,73083
1997,11,,5,16,0,0,0,0,0,0,1,1,2,1,3,2,25,1,81001
1997,11,,1,8,1,1,0,0,0,0,1,16,2,2,8,2,19,1,72021
1997,11,,5,1,0,0,0,0,0,0,1,1,2,3,5,1,,,71037
1997,11,,5,22,0,0,0,0,0,0,1,1,2,3,2,1,27,1,63079
1997,11,,5,11,0,0,0,0,0,0,1,1,2,1,4,1,70,1,62096
1997,11,,1,11,1,1,0,0,0,0,1,1,1,1,4,2,38,2,62118
1997,11,,4,17,1,1,0,0,0,0,2,1,2,3,3,1,10,2,62063
1997,11,,5,16,0,0,0,0,0,0,1,1,2,1,3,1,,,62063
1997,11,,4,19,1,1,0,0,0,0,1,1,1,3,4,2,30,1,62063
1997,11,,6,0,0,0,0,0,0,0,1,4,2,3,2,1,37,1,62015
1997,11,,7,11,1,1,0,0,0,0,1,1,2,1,2,1,35,2,62011
1997,11,,4,16,1,1,0,0,0,0,1,15,2,1,3,1,25,2,62009
1997,11,,7,16,0,0,0,0,0,0,1,1,2,1,3,1,42,2,54007
1997,11,,1,11,1,1,0,0,0,0,1,1,2,1,4,1,34,1,53020
1997,11,,6,19,1,1,0,0,0,0,2,1,2,3,2,1,32,2,53053
1997,11,,5,16,0,0,0,0,0,0,1,1,2,1,4,1,33,2,52011
1997,11,,1,9,0,0,0,0,0,0,1,1,2,1,5,1,33,2,52012
1997,11,,6,18,0,0,0,0,0,0,1,16,2,3,2,1,,1,46025
1997,11,,6,10,1,1,0,0,0,0,1,1,2,1,2,2,19,1,46014
1997,11,,6,3,0,0,0,0,0,0,1,1,2,3,7,2,21,1,46021
1997,11,,3,8,2,2,0,0,0,0,1,1,2,2,2,1,20,1,45041
1997,11,,3,17,0,0,0,0,0,0,1,1,2,1,4,1,22,2,46003
1997,11,,3,9,1,1,0,0,0,0,1,6,2,1,1,2,34,1,44040
1997,11,,7,18,1,0,1,0,0,0,2,1,2,2,7,2,22,2,44021
1997,11,,6,13,0,0,0,0,0,0,1,1,2,1,4,1,31,1,44021
1997,11,,7,4,1,0,1,0,0,0,2,1,2,3,7,2,22,2,43010
1997,11,,6,15,1,1,0,0,0,0,1,1,2,1,3,2,47,1,42006
1997,11,,5,22,0,0,0,0,0,0,1,,2,3,4,1,,,42006
1997,11,,3,9,1,0,0,0,1,1,1,18,2,1,4,1,16,2,42025
1997,11,,6,22,0,0,0,0,0,0,1,1,2,3,4,1,,1,41081
1997,11,,6,13,1,1,0,0,0,0,1,1,2,1,4,1,43,2,42011
1997,11,,5,0,1,1,0,0,0,0,1,1,2,3,4,2,58,1,41048
1997,11,,1,13,1,1,0,0,0,0,1,18,2,1,3,1,38,2,41002
1997,11,,7,20,1,1,0,0,0,0,1,15,2,3,4,1,14,2,36015
1997,11,,2,8,0,0,0,0,0,0,1,4,2,1,4,2,28,1,35014
1997,11,,2,18,0,0,0,0,0,0,1,1,2,1,5,1,66,2,36015
1997,11,,6,21,0,0,0,0,0,0,1,1,2,3,4,2,25,1,36015
1997,11,,2,21,1,1,0,0,0,0,1,16,2,3,7,1,18,1,34042
1997,11,,2,15,0,0,0,0,0,0,1,1,2,1,2,1,37,2,34023
1997,11,,6,18,1,1,0,0,0,0,1,18,2,3,4,2,13,1,34040
1997,11,,5,11,1,1,0,0,0,0,1,1,2,1,4,2,54,2,34040
1997,11,,3,12,1,1,0,0,0,0,1,1,2,1,2,1,32,1,32011
1997,11,,2,8,1,0,1,0,0,0,1,18,2,4,3,2,39,2,32006
1997,11,,5,22,1,1,0,0,0,0,1,14,2,3,4,1,,1,34013
1997,11,,4,20,1,1,0,0,0,0,1,1,2,3,7,2,36,1,32003
1997,12,,3,13,1,1,0,0,0,0,1,1,2,1,4,2,27,1,31043
1997,12,,5,15,0,0,0,0,0,0,1,1,2,1,4,1,32,2,31040
1997,12,,2,14,0,0,0,0,0,0,1,1,2,1,3,1,38,2,31022
1997,12,,5,12,0,0,0,0,0,0,1,1,2,1,3,1,,,34022
1997,12,,6,0,1,1,0,0,0,0,2,2,2,3,3,2,38,2,33029
1997,12,,5,8,1,0,1,0,0,0,1,1,2,3,3,2,31,2,34009
1997,12,,2,12,0,0,0,0,0,0,1,1,2,1,4,2,18,2,34040
1997,12,,5,0,1,1,0,0,0,0,1,1,2,3,7,2,22,2,34022
1997,12,,2,16,0,0,0,0,0,0,1,1,2,1,4,2,41,2,34042
1997,12,,2,11,1,1,0,0,0,0,1,15,2,1,4,1,16,1,36015
1997,12,,3,19,1,1,0,0,0,0,1,1,2,1,3,1,30,1,41034
1997,12,,5,8,0,0,0,0,0,0,1,1,2,3,4,1,,,43018
1997,12,,7,22,1,1,0,0,0,0,2,1,2,3,2,2,27,2,43005
1997,12,,1,15,1,1,0,0,0,0,1,18,2,1,3,1,65,1,44021
1997,12,,3,10,1,1,0,0,0,0,1,1,2,1,4,1,37,2,44021
1997,12,,2,4,1,1,0,0,0,0,1,1,1,4,7,2,22,1,44049
1997,12,,1,4,1,0,0,0,1,1,1,1,1,4,7,2,29,1,44048
1997,12,,2,9,1,1,0,0,0,0,1,4,2,3,4,2,39,2,44034
1997,12,,3,21,1,1,0,0,0,0,1,1,2,3,4,1,20,1,45041
1997,12,,6,16,1,1,0,0,0,0,1,22,2,1,5,1,8,1,46014
1997,12,,5,10,1,1,0,0,0,0,1,16,2,1,4,1,17,1,46021
1997,12,,7,0,0,0,0,0,0,0,1,1,2,3,4,1,39,1,52011
1997,12,,4,2,1,1,0,0,0,0,2,1,2,3,7,1,31,2,52011
1997,12,,2,22,1,1,0,0,0,0,1,1,2,3,1,1,47,1,53014
1997,12,,7,15,1,1,0,0,0,0,1,1,1,1,3,2,26,1,55010
1997,12,,5,9,0,0,0,0,0,0,1,4,2,1,4,1,45,1,56078
1997,12,,4,0,1,1,0,0,0,0,2,1,2,3,3,1,50,2,62015
1997,12,,2,19,0,0,0,0,0,0,1,1,2,3,4,1,38,2,62063
1997,12,,2,15,0,0,0,0,0,0,1,1,2,1,4,1,43,1,62063
1997,12,,7,15,0,0,0,0,0,0,1,18,2,1,5,2,17,1,71016
1997,12,,7,22,0,0,0,0,0,0,1,1,2,3,3,2,20,2,71004
1997,12,,5,18,1,0,1,0,0,0,1,18,2,2,4,2,80,1,71022
1997,12,,6,14,1,1,0,0,0,0,1,1,2,1,4,2,36,1,71016
1997,12,,7,14,1,1,0,0,0,0,2,1,2,1,2,2,36,2,71016
1997,12,,5,16,1,1,0,0,0,0,1,1,2,1,3,1,46,2,72020
1997,12,,6,10,0,0,0,0,0,0,1,1,2,1,2,2,49,1,72030
1997,12,,1,21,1,1,0,0,0,0,1,1,2,3,4,2,65,2,72020
1997,12,,5,17,1,1,0,0,0,0,1,2,2,1,7,1,,1,81001
1997,12,,6,19,1,1,0,0,0,0,2,1,2,4,6,2,20,2,73042
1997,12,,2,22,1,1,0,0,0,0,1,1,1,3,4,2,22,2,73107
1997,12,,1,14,0,0,0,0,0,0,1,1,2,1,3,1,57,2,81001
1997,12,,7,21,1,0,1,0,0,0,1,1,2,3,2,2,28,2,73066
1997,12,,4,20,1,0,1,0,0,0,2,1,2,3,3,2,15,2,91005
1997,12,,7,16,0,0,0,0,0,0,1,1,2,1,3,1,33,1,52074
1997,12,,1,1,1,0,0,0,1,1,1,1,2,3,7,2,42,1,57094
1997,12,,6,10,1,1,0,0,0,0,1,1,2,1,4,1,70,1,41082
1997,12,,7,20,0,0,0,0,0,0,1,1,2,3,4,1,20,1,72039
1997,12,,3,10,1,1,0,0,0,0,1,1,2,1,7,1,30,2,85046
1997,12,,6,9,0,0,0,0,0,0,1,1,2,1,4,1,,,71070
1997,12,,1,15,1,1,0,0,0,0,1,6,1,1,7,2,63,1,23003
1997,12,,3,15,0,0,0,0,0,0,1,1,2,1,4,2,58,1,23088
1997,12,,5,18,0,0,0,0,0,0,1,1,1,1,3,2,28,1,23094
1997,12,,1,19,1,1,0,0,0,0,1,1,1,3,7,2,33,1,23088
1997,12,,1,11,1,1,0,0,0,0,1,1,2,1,3,1,30,1,23077
1997,12,,4,20,1,0,1,0,0,0,1,1,1,3,7,2,21,2,24011
1997,12,,4,20,1,1,0,0,0,0,1,1,2,3,3,2,27,1,24011
1997,12,,1,16,1,0,0,0,1,1,1,1,2,1,7,2,38,1,24011
1997,12,,3,19,1,1,0,0,0,0,1,18,2,3,8,1,55,1,24086
1997,12,,3,16,0,0,0,0,0,0,1,1,2,1,4,1,25,2,25023
1997,12,,2,12,0,0,0,0,0,0,1,18,2,1,5,1,14,1,24107
1997,12,,5,14,1,1,0,0,0,0,1,1,1,1,7,2,40,1,25112
1997,12,,6,12,1,1,0,0,0,0,1,4,2,1,4,2,28,1,25031
1997,12,,1,14,1,1,0,0,0,0,2,1,2,1,4,2,35,2,13003
1997,12,,6,21,1,1,0,0,0,0,1,1,2,3,3,2,28,2,13011
1997,12,,6,1,0,0,0,0,0,0,1,3,2,3,3,1,40,1,13008
1997,12,,1,12,1,1,0,0,0,0,1,1,2,1,4,1,26,2,21001
1997,12,,6,21,1,1,0,0,0,0,2,1,2,3,4,1,26,2,21008
1997,12,,6,15,0,0,0,0,0,0,1,1,2,1,2,1,40,1,21009
1997,12,,3,21,1,1,0,0,0,0,1,22,2,3,5,1,43,1,21009
1997,12,,4,17,1,0,1,0,0,0,1,22,2,1,5,1,82,1,21016
1997,12,,4,14,1,1,0,0,0,0,1,1,2,1,3,2,,2,11002
1997,12,,4,16,1,1,0,0,0,0,1,1,2,1,2,2,38,2,11004
1997,12,,2,13,1,1,0,0,0,0,1,1,2,1,4,1,38,1,11005
1997,12,,2,13,1,1,0,0,0,0,1,18,2,1,2,1,12,2,11002
1997,12,,4,13,1,1,0,0,0,0,1,16,2,1,4,1,17,1,11024
1997,12,,3,17,0,0,0,0,0,0,1,1,1,1,1,2,66,1,11052
1997,12,,3,13,1,1,0,0,0,0,1,22,2,1,5,1,27,2,11050
1997,12,,3,16,1,1,0,0,0,0,1,1,1,1,3,2,25,2,11054
1997,12,,4,18,1,1,0,0,0,0,2,1,2,3,4,1,0,1,12009
1997,12,,5,11,1,1,0,0,0,0,1,1,2,1,3,1,64,1,12007
1997,12,,3,20,0,0,0,0,0,0,1,1,2,3,3,1,22,1,12021
1997,12,,3,17,0,0,0,0,0,0,1,1,2,1,4,1,26,2,12014
1997,12,,5,14,0,0,0,0,0,0,1,1,2,1,4,1,32,2,11002
1997,12,,1,9,0,0,0,0,0,0,1,1,2,2,2,2,55,1,11002
1997,12,,7,18,0,0,0,0,0,0,1,1,2,,3,1,59,1,11002
1997,12,,5,18,1,1,0,0,0,0,1,22,2,3,5,1,47,1,11002
1997,12,,4,2,0,0,0,0,0,0,1,1,1,3,3,2,66,2,25124
1998,1,,5,17,1,1,0,0,0,0,1,1,2,1,4,2,44,1,11002
1998,1,,3,18,1,1,0,0,0,0,1,1,2,2,3,2,52,1,12007
1998,1,,6,18,1,1,0,0,0,0,2,1,2,2,3,1,64,2,11029
1998,1,,1,13,1,1,0,0,0,0,1,15,2,1,4,1,18,1,11005
1998,1,,7,21,0,0,0,0,0,0,1,1,1,3,4,2,21,1,11002
1998,1,,1,17,0,0,0,0,0,0,1,1,2,3,4,1,27,1,31005
1998,1,,5,12,0,0,0,0,0,0,1,2,2,1,4,1,58,1,21013
1998,1,,3,15,0,0,0,0,0,0,1,2,2,1,5,1,37,1,21004
1998,1,,3,14,0,0,0,0,0,0,1,1,2,1,4,1,45,2,21004
1998,1,,3,21,0,0,0,0,0,0,1,1,2,3,3,1,26,1,21004
1998,1,,2,17,1,1,0,0,0,0,1,1,2,1,4,1,23,1,21001
1998,1,,1,17,1,1,0,0,0,0,1,18,2,1,4,1,12,1,13040
1998,1,,5,9,1,1,0,0,0,0,1,18,2,2,4,1,42,1,13008
1998,1,,4,5,1,1,0,0,0,0,1,1,2,3,7,2,24,1,12030
1998,1,,6,23,1,0,0,0,1,1,2,1,2,4,7,2,21,1,12035
1998,1,,3,19,0,0,0,0,0,0,1,1,2,3,5,2,37,1,12029
1998,1,,5,17,1,1,0,0,0,0,2,2,2,2,3,2,,2,25112
1998,1,,5,19,1,1,0,0,0,0,1,16,2,3,4,1,17,1,25014
1998,1,,5,19,1,1,0,0,0,0,1,1,2,3,4,2,54,2,24134
1998,1,,7,21,1,1,0,0,0,0,2,1,2,3,4,1,44,1,24107
1998,1,,1,19,1,1,0,0,0,0,1,1,2,3,4,2,26,2,24062
1998,1,,6,20,1,1,0,0,0,0,1,15,2,2,3,1,27,2,24062
1998,1,,7,19,0,0,0,0,0,0,1,1,2,3,4,2,28,1,24009
1998,1,,6,22,1,0,1,0,0,0,1,1,2,3,1,2,25,2,23097
1998,1,,4,19,1,1,0,0,0,0,2,1,2,3,2,1,7,2,23104
1998,1,,4,0,0,0,0,0,0,0,1,1,2,3,3,1,48,1,23094
1998,1,,2,9,1,1,0,0,0,0,2,1,2,1,7,1,,2,93090
1998,1,,2,16,0,0,0,0,0,0,1,1,2,1,5,1,35,2,84077
1998,1,,5,19,1,1,0,0,0,0,2,1,2,3,4,2,42,2,63088
1998,1,,2,17,0,0,0,0,0,0,1,1,2,1,4,1,18,1,84077
1998,1,,4,13,1,0,0,0,1,1,1,1,1,1,2,2,24,2,71069
1998,1,,4,9,1,1,0,0,0,0,1,1,2,2,2,2,38,2,62119
1998,1,,1,7,0,0,0,0,0,0,1,1,1,3,7,2,47,1,13053
1998,1,,3,13,1,0,1,0,0,0,1,15,2,1,4,1,32,2,92094
1998,1,,7,3,1,1,0,0,0,0,1,1,2,3,7,2,27,1,83044
1998,1,,4,10,1,1,0,0,0,0,1,4,2,1,4,2,25,1,72030
1998,1,,3,9,0,0,0,0,0,0,1,1,2,1,4,1,41,2,71024
1998,1,,2,16,1,1,0,0,0,0,2,1,2,1,2,2,33,1,71053
1998,1,,7,19,1,1,0,0,0,0,1,1,2,3,4,2,58,1,71022
1998,1,,7,19,0,0,0,0,0,0,1,1,2,3,4,2,66,1,71022
1998,1,,5,16,0,0,0,0,0,0,1,1,2,1,4,2,75,2,71016
1998,1,,2,15,1,1,0,0,0,0,2,1,2,1,3,2,58,2,71016
1998,1,,7,18,1,1,0,0,0,0,1,1,2,3,2,1,35,1,71011
1998,1,,7,4,1,1,0,0,0,0,2,1,2,3,4,1,46,1,64074
1998,1,,6,19,1,0,1,0,0,0,2,1,2,4,2,2,33,1,64015
1998,1,,2,18,1,1,0,0,0,0,2,2,2,3,4,1,26,2,64056
1998,1,,6,17,1,1,0,0,0,0,2,1,2,1,4,1,24,2,62063
1998,1,,3,8,0,0,0,0,0,0,1,1,2,2,3,1,44,2,62003
1998,1,,1,20,0,0,0,0,0,0,1,1,2,3,2,2,19,1,61072
1998,1,,7,8,1,1,0,0,0,0,1,1,2,3,7,1,24,2,62011
1998,1,,7,15,0,0,0,0,0,0,1,1,2,1,4,1,23,1,56011
1998,1,,7,15,0,0,0,0,0,0,1,1,2,1,4,1,37,1,56011
1998,1,,2,13,1,1,0,0,0,0,1,1,2,1,3,1,66,1,55022
1998,1,,3,6,1,1,0,0,0,0,1,7,1,3,3,2,29,1,53053
1998,1,,6,2,1,1,0,0,0,0,1,1,2,3,4,1,20,1,52055
1998,1,,7,4,1,0,1,0,0,0,1,1,1,3,8,2,41,1,52012
1998,1,,5,14,1,0,1,0,0,0,1,1,2,1,4,1,22,2,52011
1998,1,,7,15,1,1,0,0,0,0,2,2,1,1,4,1,14,2,52011
1998,1,,5,14,1,0,1,0,0,0,1,4,2,1,4,2,29,2,51004
1998,1,,6,14,0,0,0,0,0,0,1,13,2,1,3,2,55,1,46024
1998,1,,7,19,0,0,0,0,0,0,1,1,2,3,3,1,47,1,46021
1998,1,,5,9,0,0,0,0,0,0,1,1,2,2,4,2,61,1,44040
1998,1,,5,16,0,0,0,0,0,0,1,1,2,1,2,1,,1,44029
1998,1,,6,19,1,1,0,0,0,0,1,1,2,2,2,2,37,1,44021
1998,1,,1,15,1,1,0,0,0,0,1,1,1,1,7,2,41,2,44021
1998,1,,6,19,0,0,0,0,0,0,1,1,2,3,3,1,40,2,44021
1998,1,,7,18,1,1,0,0,0,0,1,14,2,1,4,1,22,1,44021
1998,1,,1,10,1,1,0,0,0,0,1,1,2,1,4,1,45,2,44019
1998,1,,1,10,1,1,0,0,0,0,1,9,2,1,4,1,60,2,43005
1998,1,,7,13,1,1,0,0,0,0,1,1,2,1,2,2,57,1,42003
1998,1,,2,9,0,0,0,0,0,0,1,15,2,1,3,2,16,1,42025
1998,1,,5,16,0,0,0,0,0,0,1,1,2,1,4,2,41,2,41018
1998,1,,4,18,0,0,0,0,0,0,1,14,2,1,4,1,18,1,41048
1998,1,,1,11,1,1,0,0,0,0,1,16,2,1,4,1,20,2,35013
1998,1,,6,22,1,1,0,0,0,0,1,18,2,3,4,1,29,1,35013
1998,1,,5,16,0,0,0,0,0,0,1,1,2,1,4,1,36,2,34013
1998,2,,7,19,1,1,0,0,0,0,2,2,2,3,3,2,4,1,31043
1998,2,,1,13,1,1,0,0,0,0,1,18,2,1,4,1,14,2,31043
1998,2,,1,12,1,1,0,0,0,0,1,1,2,1,3,1,25,1,31043
1998,2,,2,8,1,0,1,0,0,0,1,16,2,2,4,1,17,2,34023
1998,2,,6,15,1,0,1,0,0,0,1,18,2,1,4,1,65,2,35006
1998,2,,6,5,1,1,0,0,0,0,1,1,2,3,8,1,,1,35006
1998,2,,7,20,1,1,0,0,0,0,1,1,2,3,2,1,21,1,34042
1998,2,,6,3,1,1,0,0,0,0,1,1,1,4,,2,23,1,35011
1998,2,,7,20,1,0,1,0,0,0,2,1,2,3,2,1,17,2,34042
1998,2,,7,13,0,0,0,0,0,0,1,4,2,1,4,2,32,1,36015
1998,2,,2,14,0,0,0,0,0,0,1,1,2,1,3,2,19,1,36008
1998,2,,6,17,1,1,0,0,0,0,1,1,2,1,3,2,19,1,37018
1998,2,,5,22,1,1,0,0,0,0,2,1,2,4,7,2,29,2,38008
1998,2,,3,8,0,0,0,0,0,0,1,10,2,2,3,2,29,2,37017
1998,2,,7,16,1,1,0,0,0,0,1,13,2,1,4,1,29,1,42025
1998,2,,1,17,0,0,0,0,0,0,1,10,2,1,4,1,32,2,43018
1998,2,,1,9,2,2,0,0,0,0,2,1,1,1,1,2,,1,44001
1998,2,,5,20,1,0,0,0,1,1,2,1,1,3,7,2,27,1,44021
1998,2,,4,19,0,0,0,0,0,0,1,1,1,2,3,2,23,1,44021
1998,2,,7,19,1,1,0,0,0,0,1,18,2,1,4,1,28,1,44013
1998,2,,4,17,0,0,0,0,0,0,1,1,1,1,7,2,35,2,44021
1998,2,,3,11,0,0,0,0,0,0,1,4,2,1,4,1,78,1,44021
1998,2,,2,20,0,0,0,0,0,0,1,1,2,1,4,2,,1,44036
1998,2,,7,7,1,1,0,0,0,0,1,2,1,3,7,2,25,1,44034
1998,2,,4,8,1,1,0,0,0,0,1,16,2,3,4,1,17,1,44034