year,month,monthDay,weekDay,hour,numVictims,numSlightlyInjured,numSeverelyInjured,numMortallyInjured,numDiedWithin24Hours,numDiedWithin30Days,victimType,roadUserType,roadType,lightConditions,collisionType,areaType,age,sex,municipality
1998,2,,6,21,1,1,0,0,0,0,2,1,2,3,3,2,25,2,44081
1998,2,,7,20,1,1,0,0,0,0,2,1,2,3,2,1,1,2,46014
1998,2,,2,8,1,1,0,0,0,0,1,16,2,3,4,1,17,1,46021
1998,2,,4,20,0,0,0,0,0,0,1,1,2,3,4,1,22,1,46024
1998,2,,2,20,1,1,0,0,0,0,1,1,2,3,3,1,76,1,51004
1998,2,,6,3,1,1,0,0,0,0,2,15,2,3,8,1,21,1,52011
1998,2,,4,20,1,1,0,0,0,0,1,2,1,3,7,2,22,1,46025
1998,2,,6,19,1,1,0,0,0,0,1,1,2,3,4,1,77,1,52011
1998,2,,6,23,0,0,0,0,0,0,1,1,2,3,4,1,31,2,52015
1998,2,,6,17,1,0,1,0,0,0,1,18,2,1,3,1,52,1,52011
1998,2,,4,18,1,1,0,0,0,0,2,1,2,2,2,2,73,2,53053
1998,2,,7,6,1,1,0,0,0,0,1,1,2,3,3,2,24,1,55010
1998,2,,7,7,0,0,0,0,0,0,1,1,2,3,4,2,52,1,61041
1998,2,,3,7,1,1,0,0,0,0,1,1,2,2,7,2,27,1,62027
1998,2,,6,0,1,1,0,0,0,0,1,1,2,3,4,1,22,1,62011
1998,2,,1,18,1,1,0,0,0,0,1,1,2,1,4,1,21,1,62063
1998,2,,5,10,0,0,0,0,0,0,1,7,2,1,3,1,36,1,62096
1998,2,,3,13,1,1,0,0,0,0,1,1,2,1,3,1,35,2,63073
1998,2,,1,20,1,1,0,0,0,0,1,1,2,3,3,1,47,1,63058
1998,2,,2,19,0,0,0,0,0,0,1,7,2,3,2,2,23,1,63084
1998,2,,5,8,0,0,0,0,0,0,1,3,2,1,4,2,19,2,71011
1998,2,,3,10,0,0,0,0,0,0,1,1,2,1,4,1,34,1,71022
1998,2,,7,3,1,0,1,0,0,0,1,1,2,3,7,2,25,1,71016
1998,2,,3,15,1,1,0,0,0,0,1,1,2,1,3,2,42,1,71016
1998,2,,5,11,1,1,0,0,0,0,1,18,2,1,4,1,54,1,71022
1998,2,,5,18,1,1,0,0,0,0,1,1,2,1,7,2,60,1,71053
1998,2,,3,20,1,1,0,0,0,0,1,15,2,3,4,2,53,1,73006
1998,2,,1,9,0,0,0,0,0,0,1,1,2,1,4,2,27,2,72021
1998,2,,1,13,0,0,0,0,0,0,1,1,2,1,4,2,,2,72020
1998,2,,6,12,1,1,0,0,0,0,2,1,2,1,4,1,61,2,73006
1998,2,,5,13,0,0,0,0,0,0,1,1,2,1,4,2,60,1,73042
1998,2,,1,23,1,1,0,0,0,0,1,1,2,3,7,1,19,1,81001
1998,2,,1,10,1,1,0,0,0,0,1,1,2,1,7,2,26,2,81015
1998,2,,7,12,1,1,0,0,0,0,1,14,2,1,8,1,,2,83012
1998,2,,5,22,0,0,0,0,0,0,1,1,2,3,3,2,48,1,92087
1998,2,,7,23,1,1,0,0,0,0,2,1,2,3,7,1,22,1,92094
1998,2,,4,18,1,1,0,0,0,0,1,22,2,1,5,1,37,1,92094
1998,2,,7,4,1,1,0,0,0,0,1,1,2,3,3,2,27,1,13053
1998,2,,5,8,0,0,0,0,0,0,1,1,2,1,4,1,20,2,92094
1998,2,,7,17,0,0,0,0,0,0,1,14,2,1,4,1,50,1,72039
1998,2,,2,15,0,0,0,0,0,0,1,1,2,1,4,1,,2,54010
1998,2,,3,16,1,1,0,0,0,0,1,22,2,1,5,1,52,2,23016
1998,2,,6,19,1,1,0,0,0,0,1,1,2,2,4,1,24,1,23044
1998,2,,1,20,1,1,0,0,0,0,1,22,2,2,5,2,63,1,23077
1998,2,,3,20,1,1,0,0,0,0,1,4,1,3,3,2,,1,23094
1998,2,,5,21,1,1,0,0,0,0,1,1,2,3,4,2,74,1,24008
1998,2,,3,20,1,1,0,0,0,0,1,1,2,3,3,1,27,2,23103
1998,2,,6,0,1,0,1,0,0,0,1,1,2,3,7,2,49,1,25044
1998,2,,3,16,0,0,0,0,0,0,1,18,2,1,5,1,14,1,25050
1998,2,,3,7,1,1,0,0,0,0,1,1,2,2,7,1,25,1,25091
1998,2,,3,18,1,1,0,0,0,0,2,10,2,1,2,1,37,1,12025
1998,2,,7,3,1,1,0,0,0,0,2,1,1,3,4,1,16,1,12025
1998,2,,4,10,0,0,0,0,0,0,1,1,2,1,3,1,50,1,13003
1998,2,,6,19,1,1,0,0,0,0,2,1,2,3,3,1,65,2,13014
1998,2,,2,14,0,0,0,0,0,0,1,15,2,1,4,1,19,1,13008
1998,2,,2,9,0,0,0,0,0,0,1,2,2,1,4,1,31,1,21004
1998,2,,4,9,1,1,0,0,0,0,1,14,2,1,3,1,37,1,21004
1998,2,,1,17,1,1,0,0,0,0,1,22,2,1,5,1,7,2,21004
1998,2,,6,6,1,1,0,0,0,0,2,1,2,3,4,1,22,1,21004
1998,2,,4,0,1,1,0,0,0,0,1,1,2,3,6,1,27,2,21012
1998,2,,5,21,0,0,0,0,0,0,1,1,2,3,4,1,28,1,21011
1998,2,,7,9,1,1,0,0,0,0,1,1,2,4,4,1,44,2,21019
1998,2,,1,17,1,1,0,0,0,0,1,18,2,1,4,2,12,2,31003
1998,2,,5,22,1,0,1,0,0,0,1,1,2,3,2,1,52,2,21016
1998,2,,1,6,0,0,0,0,0,0,1,8,2,3,4,1,45,1,31005
1998,2,,5,8,1,1,0,0,0,0,1,15,2,1,4,1,15,2,11023
1998,2,,3,10,0,0,0,0,0,0,1,1,2,1,4,1,62,1,12009
1998,3,,3,11,1,1,0,0,0,0,1,1,2,1,4,1,19,1,25119
1998,3,,3,8,1,1,0,0,0,0,1,1,2,1,4,2,57,1,11002
1998,3,,1,16,1,1,0,0,0,0,1,1,2,1,4,1,60,1,11002
1998,3,,2,23,1,1,0,0,0,0,1,1,1,1,4,2,30,2,11002
1998,3,,5,12,0,0,0,0,0,0,1,2,2,1,4,1,30,2,12025
1998,3,,1,11,1,0,1,0,0,0,1,18,2,1,2,1,79,2,12007
1998,3,,2,9,0,0,0,0,0,0,1,1,2,1,4,1,38,2,12021
1998,3,,7,18,0,0,0,0,0,0,1,1,2,1,5,1,22,1,12021
1998,3,,3,14,1,1,0,0,0,0,1,1,2,1,4,1,56,1,12014
1998,3,,5,21,1,1,0,0,0,0,1,1,1,3,4,2,20,1,11035
1998,3,,4,17,1,1,0,0,0,0,1,16,2,1,4,1,,2,11052
1998,3,,2,10,1,1,0,0,0,0,1,1,1,1,7,2,31,1,11052
1998,3,,4,17,1,1,0,0,0,0,1,18,2,1,4,2,,1,11025
1998,3,,7,19,0,0,0,0,0,0,1,1,2,1,1,2,77,1,11008
1998,3,,2,7,1,1,0,0,0,0,1,15,2,2,4,1,28,1,11030
1998,3,,7,19,0,0,0,0,0,0,1,1,2,1,1,2,23,2,11008
1998,3,,6,12,1,1,0,0,0,0,1,18,2,1,4,1,20,1,11002
1998,3,,5,13,1,1,0,0,0,0,1,18,2,1,3,1,17,2,11005
1998,3,,7,13,1,1,0,0,0,0,2,1,1,1,3,2,15,1,11002
1998,3,,2,12,1,1,0,0,0,0,1,18,2,1,4,1,51,1,31005
1998,3,,6,8,1,1,0,0,0,0,1,1,2,1,7,1,35,1,31004
1998,3,,3,8,0,0,0,0,0,0,1,1,2,1,4,1,28,2,21012
1998,3,,3,2,0,0,0,0,0,0,1,1,2,3,4,1,,1,21004
1998,3,,3,9,0,0,0,0,0,0,1,1,2,1,4,1,,1,21004
1998,3,,6,9,1,1,0,0,0,0,2,1,2,3,4,1,,2,21004
1998,3,,2,12,0,0,0,0,0,0,1,1,2,1,3,1,42,2,21001
1998,3,,5,14,1,1,0,0,0,0,1,1,2,1,3,1,22,2,21001
1998,3,,6,23,0,0,0,0,0,0,1,12,2,3,4,2,39,1,13025
1998,3,,1,20,1,1,0,0,0,0,1,1,2,1,4,1,18,2,13008
1998,3,,1,20,0,0,0,0,0,0,1,2,2,4,8,2,23,1,25112
1998,3,,7,3,0,0,0,0,0,0,1,2,1,3,7,2,32,2,25112
1998,3,,3,12,1,1,0,0,0,0,1,16,2,1,4,1,,2,25110
1998,3,,2,16,1,1,0,0,0,0,1,1,2,1,5,2,,,25119
1998,3,,5,23,1,1,0,0,0,0,2,1,2,3,7,2,19,1,24109
1998,3,,7,10,1,1,0,0,0,0,1,1,2,1,7,2,33,1,25014
1998,3,,6,12,0,0,0,0,0,0,1,18,2,1,2,2,17,1,24104
1998,3,,3,13,1,1,0,0,0,0,1,1,2,1,1,1,48,1,24062
1998,3,,2,14,0,0,0,0,0,0,1,1,2,1,4,1,19,1,24062
1998,3,,2,8,0,0,0,0,0,0,1,2,1,1,3,2,,1,24062
1998,3,,4,17,1,1,0,0,0,0,1,1,2,1,3,1,37,2,24062
1998,3,,2,16,1,1,0,0,0,0,1,1,1,1,3,2,35,1,24041
1998,3,,4,17,0,0,0,0,0,0,1,1,2,1,3,1,32,1,24001
1998,3,,4,11,0,0,0,0,0,0,1,1,1,1,3,2,46,1,24009
1998,3,,1,9,1,1,0,0,0,0,1,1,2,1,4,2,44,1,23062
1998,3,,3,15,1,1,0,0,0,0,1,1,2,1,7,2,52,1,23064
1998,3,,2,9,0,0,0,0,0,0,1,1,2,1,3,2,35,1,23033
1998,3,,2,8,0,0,0,0,0,0,1,1,2,2,4,2,29,2,23027
1998,3,,2,8,0,0,0,0,0,0,1,1,1,1,1,2,21,1,23025
1998,3,,4,9,0,0,0,0,0,0,1,1,2,1,4,2,57,1,71070
1998,3,,6,12,1,1,0,0,0,0,1,1,1,1,3,2,43,2,71070
1998,3,,1,20,1,1,0,0,0,0,1,15,2,3,4,2,16,1,71070
1998,3,,6,14,1,0,1,0,0,0,1,1,2,1,4,2,47,2,51065
1998,3,,7,21,1,1,0,0,0,0,1,1,2,3,6,1,64,1,52075
1998,3,,6,4,1,1,0,0,0,0,1,1,2,3,4,2,43,2,62121
1998,3,,4,17,1,1,0,0,0,0,1,1,1,1,7,2,23,1,13053
1998,3,,3,15,0,0,0,0,0,0,1,1,2,1,4,1,29,1,91005
1998,3,,5,19,1,1,0,0,0,0,1,1,2,3,4,1,28,1,82003
1998,3,,1,10,0,0,0,0,0,0,1,4,2,1,2,1,37,1,73042
1998,3,,5,19,1,1,0,0,0,0,1,15,2,2,4,1,16,1,73042
1998,3,,6,15,0,0,0,0,0,0,1,1,2,1,3,1,21,1,73083
1998,3,,1,8,1,1,0,0,0,0,1,6,2,2,7,2,24,1,71067
1998,3,,2,8,2,2,0,0,0,0,1,18,2,1,1,2,15,2,72018
1998,3,,3,13,1,0,1,0,0,0,1,16,2,1,4,1,17,1,71022
1998,3,,6,15,0,0,0,0,0,0,1,2,1,1,3,2,40,1,71022
1998,3,,7,5,0,0,0,0,0,0,1,1,2,3,2,1,54,2,71016
1998,3,,4,16,1,1,0,0,0,0,1,1,2,1,3,2,20,1,71016
1998,3,,3,17,1,1,0,0,0,0,1,1,2,1,3,1,26,2,62118
1998,3,,6,0,1,1,0,0,0,0,1,1,2,3,4,1,19,1,62063
1998,3,,6,18,0,0,0,0,0,0,1,1,2,1,5,1,,,62063
1998,3,,4,11,1,0,1,0,0,0,1,22,2,1,5,1,57,2,62063
1998,3,,6,16,0,0,0,0,0,0,1,1,1,1,1,2,23,1,62063
1998,3,,5,15,0,0,0,0,0,0,1,1,2,1,3,1,23,1,62063
1998,3,,1,19,0,0,0,0,0,0,1,1,2,1,2,1,34,1,62060
1998,3,,7,22,1,1,0,0,0,0,2,1,2,3,3,1,5,1,62003
1998,3,,1,21,1,0,1,0,0,0,1,1,2,4,2,2,25,2,61003
1998,3,,3,19,0,0,0,0,0,0,1,10,2,1,5,1,,1,62011
1998,3,,6,5,0,0,0,0,0,0,1,1,2,3,4,2,21,1,61031
1998,3,,7,19,0,0,0,0,0,0,1,16,2,1,3,1,17,1,61031
1998,3,,2,14,0,0,0,0,0,0,1,4,2,1,4,1,38,1,57081
1998,3,,6,12,1,1,0,0,0,0,2,1,2,1,7,2,,,55023
1998,3,,6,23,1,1,0,0,0,0,2,1,1,3,3,2,6,1,53065
1998,3,,2,9,1,1,0,0,0,0,1,13,2,1,2,1,10,1,54007
1998,3,,6,5,1,1,0,0,0,0,2,1,2,3,4,1,40,2,52011
1998,3,,6,11,0,0,0,0,0,0,1,1,2,1,4,1,63,1,52011
1998,3,,5,12,1,1,0,0,0,0,2,1,2,1,4,2,,2,52010
1998,3,,6,20,1,1,0,0,0,0,1,15,2,3,4,1,17,1,52011
1998,3,,4,17,1,1,0,0,0,0,1,18,2,1,4,1,13,2,52011
1998,3,,7,15,1,1,0,0,0,0,2,1,2,1,4,1,12,1,46021
1998,3,,3,22,2,2,0,0,0,0,1,15,2,3,3,1,15,1,46021
1998,3,,2,20,0,0,0,0,0,0,1,1,2,1,2,2,20,1,46013
1998,3,,3,12,1,1,0,0,0,0,1,15,2,1,4,1,32,1,46003
1998,3,,6,13,1,1,0,0,0,0,1,1,2,1,4,1,57,2,44073
1998,3,,3,19,1,1,0,0,0,0,1,18,2,3,4,1,11,2,42028
1998,3,,4,17,0,0,0,0,0,0,1,16,2,1,3,1,,,42025
1998,3,,5,18,0,0,0,0,0,0,1,1,2,1,4,1,37,2,41081
1998,3,,3,9,1,1,0,0,0,0,1,18,2,1,4,1,16,1,42010
1998,3,,4,8,1,1,0,0,0,0,1,1,2,2,2,2,29,2,41048
1998,3,,5,8,1,1,0,0,0,0,1,1,2,2,4,1,33,2,41002
1998,3,,2,12,1,1,0,0,0,0,1,15,2,1,4,1,16,1,41048
1998,3,,7,16,1,1,0,0,0,0,2,13,2,1,3,2,41,2,37015
1998,3,,2,8,0,0,0,0,0,0,1,1,2,1,5,1,,,38014
1998,3,,2,9,1,1,0,0,0,0,1,15,2,1,3,2,17,1,38014
1998,3,,5,0,1,0,1,0,0,0,2,1,2,3,7,1,25,1,36007
1998,3,,4,19,1,1,0,0,0,0,1,18,2,3,2,1,12,2,36015
1998,3,,5,7,1,1,0,0,0,0,1,1,2,3,3,1,27,1,36015
1998,3,,6,16,0,0,0,0,0,0,1,1,2,1,3,2,34,1,34027
1998,3,,1,12,0,0,0,0,0,0,1,1,2,1,4,1,76,1,34013
1998,3,,3,17,0,0,0,0,0,0,1,4,2,1,4,2,50,1,31012
1998,3,,2,18,0,0,0,0,0,0,1,4,2,1,4,1,,,31033
1998,4,,4,21,1,1,0,0,0,0,1,1,2,1,7,2,18,1,33037
1998,4,,5,13,1,1,0,0,0,0,1,18,2,1,4,1,44,1,32010
1998,4,,1,8,0,0,0,0,0,0,1,1,2,1,4,1,33,2,35013
1998,4,,1,18,0,0,0,0,0,0,1,2,2,1,4,2,24,1,34041
1998,4,,5,17,3,3,0,0,0,0,2,1,2,1,3,2,,2,35011
1998,4,,3,9,1,1,0,0,0,0,1,18,2,1,4,1,34,2,36015
1998,4,,5,11,1,1,0,0,0,0,1,18,2,1,4,1,52,2,41002
1998,4,,5,22,1,1,0,0,0,0,2,1,2,3,3,2,40,2,37012
1998,4,,2,13,1,1,0,0,0,0,1,1,2,1,4,2,39,1,41081
1998,4,,4,23,0,0,0,0,0,0,1,1,2,3,3,1,44,1,42006
1998,4,,5,12,0,0,0,0,0,0,1,1,2,1,3,2,22,1,41081
1998,4,,5,0,1,1,0,0,0,0,2,1,2,3,1,2,19,2,43005
1998,4,,6,13,0,0,0,0,0,0,1,1,2,1,3,2,32,1,44001
1998,4,,3,8,1,1,0,0,0,0,1,15,2,1,4,2,17,2,42026
1998,4,,1,20,0,0,0,0,0,0,1,2,2,1,3,1,32,1,44021
1998,4,,3,18,0,0,0,0,0,0,1,1,2,1,5,2,31,1,44011
1998,4,,1,20,1,1,0,0,0,0,1,1,2,1,7,1,37,2,44019
1998,4,,6,15,1,1,0,0,0,0,1,1,2,1,3,1,23,1,44021
1998,4,,1,20,0,0,0,0,0,0,1,1,2,1,4,1,33,1,44021
1998,4,,5,8,0,0,0,0,0,0,1,1,2,2,4,1,36,1,44052
1998,4,,2,18,1,1,0,0,0,0,1,18,2,,4,1,53,2,44080
1998,4,,3,21,0,0,0,0,0,0,1,4,2,3,3,2,53,1,46014
1998,4,,5,18,0,0,0,0,0,0,1,1,2,1,4,1,47,1,46014
1998,4,,5,21,1,1,0,0,0,0,1,18,2,3,4,2,44,1,46025
1998,4,,6,18,0,0,0,0,0,0,1,1,2,1,3,1,,1,52011
1998,4,,2,9,1,1,0,0,0,0,1,15,2,1,2,1,16,1,52011
1998,4,,7,18,1,1,0,0,0,0,1,14,2,1,7,1,20,2,52021
1998,4,,3,19,0,0,0,0,0,0,1,1,2,1,4,1,34,1,52011
1998,4,,6,13,0,0,0,0,0,0,1,1,1,1,3,2,24,2,53053
1998,4,,3,3,0,0,0,0,0,0,1,1,2,3,4,1,21,1,53053
1998,4,,3,16,0,0,0,0,0,0,1,1,2,1,4,1,38,2,52021
1998,4,,6,17,1,1,0,0,0,0,1,1,2,1,3,2,24,1,52021
1998,4,,1,17,1,1,0,0,0,0,1,22,2,1,5,1,14,1,52022
1998,4,,1,11,1,1,0,0,0,0,1,1,2,1,4,1,19,2,55022
1998,4,,5,21,1,1,0,0,0,0,1,1,2,3,3,1,26,1,54007
1998,4,,7,13,0,0,0,0,0,0,1,15,2,1,,2,13,2,55040
1998,4,,5,21,1,1,0,0,0,0,2,1,2,3,3,1,42,2,54007
1998,4,,5,10,1,1,0,0,0,0,1,1,1,1,7,2,36,2,55022
1998,4,,7,20,1,1,0,0,0,0,1,14,2,1,3,2,33,1,57081
1998,4,,5,20,0,0,0,0,0,0,1,1,2,1,2,1,36,1,62009
1998,4,,4,1,0,0,0,0,0,0,1,1,2,3,4,1,36,1,62063
1998,4,,2,7,1,0,1,0,0,0,1,1,2,3,7,2,49,1,62096
1998,4,,1,18,0,0,0,0,0,0,1,1,2,1,3,1,53,2,62079
1998,4,,5,19,0,0,0,0,0,0,1,1,2,3,3,1,20,1,62063
1998,4,,4,18,1,1,0,0,0,0,1,1,2,1,2,1,34,1,62079
1998,4,,7,23,1,1,0,0,0,0,1,1,1,3,4,2,24,1,63035
1998,4,,4,18,0,0,0,0,0,0,1,1,1,1,3,2,41,1,63079
1998,4,,3,11,0,0,0,0,0,0,1,1,2,1,4,2,66,1,71011
1998,4,,6,15,0,0,0,0,0,0,1,1,2,1,4,2,48,2,71004
1998,4,,4,8,1,1,0,0,0,0,1,1,1,3,4,2,35,1,71022
1998,4,,5,23,1,1,0,0,0,0,1,14,2,3,3,2,25,1,71016
1998,4,,4,8,0,0,0,0,0,0,1,18,2,1,4,2,47,1,71034
1998,4,,5,18,0,0,0,0,0,0,1,1,2,1,2,1,23,1,73083
1998,4,,6,11,1,0,1,0,0,0,1,4,2,1,4,1,44,2,85045
1998,4,,2,8,1,1,0,0,0,0,2,4,2,1,3,2,29,1,82032
1998,4,,4,17,0,0,0,0,0,0,1,2,2,1,4,1,29,1,92094
1998,4,,1,17,0,0,0,0,0,0,1,1,2,1,5,1,34,2,92094
1998,4,,7,2,1,0,1,0,0,0,2,1,2,3,4,2,30,1,53084
1998,4,,7,23,0,0,0,0,0,0,1,2,2,3,6,1,45,1,61080
1998,4,,4,18,0,0,0,0,0,0,1,1,2,1,4,1,45,2,41082
1998,4,,1,16,1,0,1,0,0,0,1,15,2,1,4,2,21,2,72039
1998,4,,1,11,1,1,0,0,0,0,2,1,2,1,4,1,12,1,92137
1998,4,,3,8,0,0,0,0,0,0,1,7,1,1,4,2,24,1,23002
1998,4,,7,18,1,1,0,0,0,0,1,1,1,1,3,2,30,1,23016
1998,4,,7,15,1,1,0,0,0,0,1,1,2,1,3,1,52,1,72041
1998,4,,3,17,1,1,0,0,0,0,1,1,1,1,3,2,43,2,23047
1998,4,,6,16,0,0,0,0,0,0,1,1,2,1,5,2,21,1,23050
1998,4,,4,18,1,1,0,0,0,0,1,18,2,1,4,1,15,2,23088
1998,4,,5,19,1,1,0,0,0,0,1,1,2,2,2,1,23,2,23099
1998,4,,4,18,0,0,0,0,0,0,1,1,2,1,2,1,73,2,24033
1998,4,,5,0,0,0,0,0,0,0,1,1,2,3,4,1,31,1,24062
1998,4,,3,17,1,1,0,0,0,0,1,1,2,1,3,1,45,1,24062
1998,4,,6,8,1,0,1,0,0,0,1,1,1,1,3,2,22,1,24055
1998,4,,1,9,1,0,1,0,0,0,1,16,2,1,4,1,17,1,24062
1998,4,,5,23,1,0,1,0,0,0,1,1,2,3,3,1,46,1,24107
1998,4,,1,18,1,1,0,0,0,0,1,1,1,1,7,2,32,2,25015
1998,4,,1,16,1,1,0,0,0,0,1,1,2,1,3,1,19,1,25110
1998,4,,5,11,1,1,0,0,0,0,1,1,2,1,4,1,,2,25037
1998,4,,3,14,0,0,0,0,0,0,1,4,2,1,4,1,33,1,25112
1998,4,,7,22,1,1,0,0,0,0,1,14,2,3,3,2,37,1,12040
1998,4,,7,13,0,0,0,0,0,0,1,1,2,1,4,2,22,1,13004
1998,4,,7,19,1,1,0,0,0,0,2,1,2,1,3,2,69,2,13014
1998,4,,5,17,1,1,0,0,0,0,1,18,2,1,3,2,15,1,13004
1998,4,,2,8,0,0,0,0,0,0,1,1,2,2,5,1,42,2,21003
1998,4,,5,20,0,0,0,0,0,0,1,1,2,1,4,1,37,2,21007
1998,4,,6,3,1,1,0,0,0,0,2,1,2,3,4,1,21,1,21009
1998,4,,3,16,0,0,0,0,0,0,1,1,2,1,4,1,21,1,21014
1998,4,,3,12,0,0,0,0,0,0,1,1,2,1,4,1,38,2,21012
1998,4,,4,17,0,0,0,0,0,0,1,1,2,1,4,1,,1,21009
1998,4,,3,20,1,1,0,0,0,0,1,2,2,1,4,1,51,2,21015
1998,4,,3,19,1,1,0,0,0,0,1,16,2,1,3,1,18,2,31005
1998,4,,3,23,1,1,0,0,0,0,2,1,1,3,7,2,19,1,11002
1998,4,,5,15,1,1,0,0,0,0,2,4,1,1,3,2,,2,11002
1998,4,,6,12,0,0,0,0,0,0,1,1,2,1,4,1,21,1,11023
1998,4,,1,10,1,1,0,0,0,0,1,1,2,1,4,1,27,1,11055
1998,4,,6,12,1,1,0,0,0,0,1,1,2,1,3,1,36,1,11055
1998,4,,1,20,1,1,0,0,0,0,1,1,2,1,4,1,23,2,11053
1998,4,,6,17,1,1,0,0,0,0,2,1,2,1,4,2,20,2,11050
1998,4,,6,20,1,0,1,0,0,0,1,1,1,1,3,2,40,1,11035
1998,4,,1,22,1,1,0,0,0,0,1,1,2,3,4,2,30,1,12025
1998,4,,5,17,1,1,0,0,0,0,1,1,2,1,4,1,62,2,12009
1998,4,,3,20,1,1,0,0,0,0,1,18,2,1,4,1,27,1,12009
1998,4,,7,22,1,1,0,0,0,0,2,1,2,3,4,2,24,2,12021
1998,4,,1,18,1,1,0,0,0,0,1,1,2,1,4,1,38,2,11001
1998,4,,2,17,1,1,0,0,0,0,1,1,2,1,1,2,52,2,11002
1998,4,,2,16,0,0,0,0,0,0,1,1,2,1,5,1,39,2,11002
1998,4,,6,11,0,0,0,0,0,0,1,1,2,1,4,1,44,2,11002
1998,4,,6,2,1,1,0,0,0,0,2,1,2,4,3,2,27,2,25124
1998,5,,6,11,1,1,0,0,0,0,1,22,2,1,5,1,13,2,25121
1998,5,,2,17,0,0,0,0,0,0,1,1,2,1,4,2,73,1,12014
1998,5,,6,18,0,0,0,0,0,0,1,1,2,1,3,2,45,1,11056
1998,5,,5,3,1,1,0,0,0,0,2,1,2,,2,2,26,1,12025
1998,5,,3,14,0,0,0,0,0,0,1,1,2,1,4,2,19,2,11040
1998,5,,7,6,1,1,0,0,0,0,2,1,2,3,4,1,14,1,11050
1998,5,,1,18,1,1,0,0,0,0,1,1,2,1,4,1,38,2,11030
1998,5,,4,8,1,1,0,0,0,0,1,1,2,1,4,2,29,2,11004
1998,5,,1,12,0,0,0,0,0,0,1,1,2,1,3,2,31,1,31005
1998,5,,5,11,1,1,0,0,0,0,2,1,2,1,4,2,81,2,31005
1998,5,,2,22,1,0,1,0,0,0,2,1,2,1,3,2,24,1,31005
1998,5,,2,9,1,1,0,0,0,0,1,22,2,1,5,1,20,2,21016
1998,5,,6,6,0,0,0,0,0,0,1,1,2,2,2,1,35,1,21016
1998,5,,2,16,1,1,0,0,0,0,1,22,2,1,5,1,,2,21004
1998,5,,3,19,0,0,0,0,0,0,1,1,2,1,5,1,,,21006
1998,5,,1,19,0,0,0,0,0,0,1,1,2,1,4,1,40,1,21004
1998,5,,1,0,1,1,0,0,0,0,1,1,2,3,4,1,28,1,21001
1998,5,,4,17,0,0,0,0,0,0,1,1,2,1,3,1,31,2,21004
1998,5,,3,14,0,0,0,0,0,0,1,1,2,1,4,1,65,1,13011
1998,5,,5,21,1,1,0,0,0,0,1,14,2,2,7,1,19,1,13017
1998,5,,4,10,0,0,0,0,0,0,1,6,2,1,3,1,38,1,12025
1998,5,,1,15,1,1,0,0,0,0,1,15,2,1,4,2,32,2,25072
1998,5,,7,21,1,0,1,0,0,0,1,15,2,,2,2,17,1,24135
1998,5,,3,15,0,0,0,0,0,0,1,1,2,1,2,1,42,2,24107
1998,5,,6,11,0,0,0,0,0,0,1,1,2,1,4,1,66,1,24062
1998,5,,1,20,1,1,0,0,0,0,1,18,2,1,4,1,11,2,24062
1998,5,,6,23,0,0,0,0,0,0,1,1,1,,3,2,,,24062
1998,5,,4,19,0,0,0,0,0,0,1,1,2,1,4,1,38,1,23023
1998,5,,3,16,1,1,0,0,0,0,1,1,1,1,4,2,38,1,23016
1998,5,,1,13,1,1,0,0,0,0,1,1,2,1,7,1,39,1,23016
1998,5,,3,20,1,1,0,0,0,0,1,1,2,1,3,2,23,2,92137
1998,5,,7,12,1,1,0,0,0,0,1,1,2,1,7,2,27,1,91142
1998,5,,1,9,1,1,0,0,0,0,1,4,2,1,3,1,32,1,71069
1998,5,,3,10,1,1,0,0,0,0,1,14,2,1,4,2,43,1,52075
1998,5,,3,21,1,0,1,0,0,0,1,15,2,1,8,1,48,1,51065
1998,5,,3,16,0,0,0,0,0,0,1,1,2,1,4,2,48,1,92114
1998,5,,3,15,0,0,0,0,0,0,1,7,2,1,4,2,39,1,13053
1998,5,,3,15,1,1,0,0,0,0,1,18,2,1,4,1,24,1,92114
1998,5,,5,18,1,0,1,0,0,0,2,15,2,1,7,2,9,1,92054
1998,5,,3,15,1,1,0,0,0,0,1,4,2,1,6,2,58,1,82005
1998,5,,6,22,1,1,0,0,0,0,1,16,2,2,4,2,17,2,73066
1998,5,,6,16,1,0,1,0,0,0,1,18,2,1,4,1,48,1,73107
1998,5,,4,20,1,1,0,0,0,0,1,1,2,1,2,2,73,1,81015
1998,5,,5,14,0,0,0,0,0,0,1,1,2,1,4,1,51,1,72020
1998,5,,5,19,1,1,0,0,0,0,1,2,2,1,3,2,41,1,73009
1998,5,,5,18,2,0,2,0,0,0,2,4,2,1,2,2,30,1,71066
1998,5,,6,21,0,0,0,0,0,0,1,1,2,1,5,1,22,1,71034
1998,5,,5,16,0,0,0,0,0,0,1,1,2,1,3,2,18,1,71053
1998,5,,6,12,1,0,0,0,1,1,1,1,2,1,2,2,24,2,71022
1998,5,,4,15,1,1,0,0,0,0,2,1,2,1,3,2,31,2,71016
1998,5,,5,22,0,0,0,0,0,0,1,1,2,3,3,1,29,1,71016
1998,5,,6,19,1,1,0,0,0,0,2,1,2,1,7,2,16,2,63086
1998,5,,5,18,1,1,0,0,0,0,2,1,2,1,4,2,4,2,71016
1998,5,,6,21,1,1,0,0,0,0,1,1,2,1,3,2,19,1,63086
1998,5,,2,9,1,1,0,0,0,0,2,1,2,1,4,1,10,1,62063
1998,5,,4,9,1,1,0,0,0,0,1,14,2,1,2,1,19,1,62063
1998,5,,5,22,1,1,0,0,0,0,2,1,2,3,2,1,15,2,62096