year,month,monthDay,weekDay,hour,numVictims,numSlightlyInjured,numSeverelyInjured,numMortallyInjured,numDiedWithin24Hours,numDiedWithin30Days,victimType,roadUserType,roadType,lightConditions,collisionType,areaType,age,sex,municipality
1998,5,,1,13,1,0,1,0,0,0,1,1,2,1,7,1,,1,62051
1998,5,,1,20,0,0,0,0,0,0,1,1,2,1,3,2,25,1,62026
1998,5,,5,21,0,0,0,0,0,0,1,1,2,1,5,1,19,1,55022
1998,5,,2,4,1,1,0,0,0,0,1,16,2,3,,1,45,1,53053
1998,5,,2,19,1,1,0,0,0,0,1,1,1,1,3,2,59,1,52055
1998,5,,5,11,1,1,0,0,0,0,1,1,2,1,3,1,28,1,52011
1998,5,,5,23,0,0,0,0,0,0,1,1,2,3,3,1,37,1,52011
1998,5,,5,2,0,0,0,0,0,0,1,1,2,3,5,1,,,46021
1998,5,,1,17,1,1,0,0,0,0,1,18,2,1,4,2,15,1,46021
1998,5,,5,13,1,1,0,0,0,0,1,14,2,1,4,1,26,1,46021
1998,5,,5,13,0,0,0,0,0,0,1,6,2,1,4,1,48,1,46021
1998,5,,2,11,1,0,1,0,0,0,1,1,2,1,4,2,24,2,44048
1998,5,,6,12,0,0,0,0,0,0,1,1,2,1,3,1,37,1,44021
1998,5,,3,12,0,0,0,0,0,0,1,1,2,1,2,1,45,1,44021
1998,5,,5,19,1,1,0,0,0,0,1,22,2,1,5,1,17,2,44011
1998,5,,4,18,1,1,0,0,0,0,1,18,2,1,4,1,14,2,43018
1998,5,,7,0,1,1,0,0,0,0,1,1,2,3,2,2,22,2,42025
1998,5,,4,10,0,0,0,0,0,0,1,1,2,1,4,2,35,2,41018
1998,5,,5,18,0,0,0,0,0,0,1,10,2,1,4,1,,1,38025
1998,5,,1,9,0,0,0,0,0,0,1,1,2,1,4,2,26,2,36015
1998,5,,6,14,0,0,0,0,0,0,1,1,2,1,4,1,65,1,36015
1998,5,,2,10,1,0,1,0,0,0,1,18,2,1,,1,63,2,34042
1998,5,,5,18,0,0,0,0,0,0,1,1,2,1,4,1,30,1,34040
1998,5,,6,9,1,1,0,0,0,0,1,18,2,1,4,1,40,2,35006
1998,5,,6,15,0,0,0,0,0,0,1,1,2,1,3,2,62,1,35005
1998,5,,1,18,1,1,0,0,0,0,1,18,2,1,3,1,12,2,34040
1998,5,,3,18,0,0,0,0,0,0,1,1,2,1,2,2,56,1,34023
1998,5,,5,22,1,1,0,0,0,0,1,14,2,3,3,1,33,1,31043
1998,5,,6,9,1,0,1,0,0,0,1,1,2,1,7,2,38,1,31006
1998,5,,5,17,1,1,0,0,0,0,1,18,2,1,2,2,16,2,31040
1998,5,,6,22,0,0,0,0,0,0,1,1,2,3,4,2,29,2,31043
1998,6,,1,20,0,0,0,0,0,0,1,1,1,1,3,2,44,1,31012
1998,6,,1,16,1,1,0,0,0,0,1,2,2,1,3,2,49,1,31043
1998,6,,1,7,1,1,0,0,0,0,1,1,2,1,7,2,20,1,32011
1998,6,,2,12,0,0,0,0,0,0,1,1,2,1,4,1,43,1,33011
1998,6,,4,1,1,0,1,0,0,0,1,1,2,4,7,2,33,1,33021
1998,6,,7,7,1,1,0,0,0,0,1,14,2,1,4,1,30,1,34022
1998,6,,1,15,0,0,0,0,0,0,1,1,2,1,4,1,23,1,41048
1998,6,,6,13,0,0,0,0,0,0,1,1,2,1,4,2,33,2,41027
1998,6,,6,13,2,2,0,0,0,0,2,1,2,1,4,1,,2,41048
1998,6,,5,18,1,1,0,0,0,0,1,1,2,1,3,2,25,2,42010
1998,6,,2,18,1,1,0,0,0,0,1,18,2,1,3,1,34,1,42028
1998,6,,2,11,1,1,0,0,0,0,1,1,2,1,4,2,24,1,42028
1998,6,,5,21,0,0,0,0,0,0,1,6,2,1,5,1,28,1,44021
1998,6,,1,1,1,1,0,0,0,0,1,15,2,3,6,1,21,1,44011
1998,6,,2,14,0,0,0,0,0,0,1,2,1,1,4,2,48,1,44021
1998,6,,7,2,1,1,0,0,0,0,1,4,2,3,7,1,40,1,44021
1998,6,,2,2,0,0,0,0,0,0,1,7,2,3,2,2,33,1,44036
1998,6,,7,19,1,1,0,0,0,0,1,16,2,1,3,1,17,1,45035
1998,6,,1,17,0,0,0,0,0,0,1,1,2,1,4,1,22,1,52011
1998,6,,6,20,1,1,0,0,0,0,1,22,2,1,5,1,4,1,52011
1998,6,,3,17,0,0,0,0,0,0,1,1,2,1,4,1,43,1,52012
1998,6,,1,15,0,0,0,0,0,0,1,1,2,1,4,1,23,2,52011
1998,6,,5,23,1,1,0,0,0,0,2,1,2,3,7,2,27,1,52011
1998,6,,5,20,0,0,0,0,0,0,1,4,2,1,3,1,50,1,52025
1998,6,,1,18,0,0,0,0,0,0,1,1,2,1,4,1,,1,53053
1998,6,,4,5,0,0,0,0,0,0,1,1,2,1,5,1,70,2,54007
1998,6,,7,0,1,0,1,0,0,0,1,1,2,3,7,1,45,1,55004
1998,6,,3,11,0,0,0,0,0,0,1,1,2,1,4,2,35,2,53070
1998,6,,4,4,1,1,0,0,0,0,2,16,2,4,8,2,33,2,56022
1998,6,,6,16,1,0,1,0,0,0,1,14,2,1,4,2,26,1,56022
1998,6,,1,15,1,1,0,0,0,0,1,1,2,1,4,2,75,1,57081
1998,6,,5,0,1,1,0,0,0,0,1,1,2,3,3,1,22,1,62003
1998,6,,1,7,1,1,0,0,0,0,2,4,1,1,7,2,21,1,62022
1998,6,,4,21,1,1,0,0,0,0,1,1,2,1,7,1,24,1,61031
1998,6,,3,12,1,1,0,0,0,0,2,1,2,1,3,1,37,2,61003
1998,6,,2,16,1,1,0,0,0,0,1,1,2,1,3,1,52,1,62063
1998,6,,4,13,0,0,0,0,0,0,1,10,2,1,2,1,34,1,62063
1998,6,,7,21,0,0,0,0,0,0,1,1,2,1,4,1,59,1,62063
1998,6,,5,11,1,1,0,0,0,0,1,16,2,1,3,1,,1,62096
1998,6,,5,19,1,1,0,0,0,0,1,1,2,1,4,1,47,2,63061
1998,6,,2,7,0,0,0,0,0,0,1,1,2,1,3,2,47,1,64076
1998,6,,1,22,0,0,0,0,0,0,1,1,2,3,2,1,23,1,64056
1998,6,,6,8,1,1,0,0,0,0,1,16,2,1,4,2,17,1,64034
1998,6,,4,17,0,0,0,0,0,0,1,1,2,1,4,2,45,1,71004
1998,6,,5,20,1,1,0,0,0,0,1,22,2,1,7,1,76,1,71022
1998,6,,1,10,1,1,0,0,0,0,1,15,2,1,4,1,17,2,71034
1998,6,,5,15,1,1,0,0,0,0,1,15,2,1,4,2,24,2,72004
1998,6,,2,17,1,1,0,0,0,0,1,18,2,1,3,2,55,2,72029
1998,6,,1,11,0,0,0,0,0,0,1,14,2,1,4,2,28,1,72020
1998,6,,6,2,1,0,1,0,0,0,1,1,1,3,7,2,60,1,81001
1998,6,,2,21,1,1,0,0,0,0,1,1,2,1,7,2,34,1,81001
1998,6,,4,18,1,1,0,0,0,0,2,1,1,1,3,2,,1,91030
1998,6,,7,14,1,1,0,0,0,0,1,1,2,1,2,1,28,1,92094
1998,6,,2,9,1,1,0,0,0,0,1,16,2,1,3,1,18,1,91114
1998,6,,7,3,1,0,1,0,0,0,1,1,2,4,7,2,26,1,92035
1998,6,,7,15,1,1,0,0,0,0,1,18,2,1,4,1,13,1,62120
1998,6,,5,17,1,1,0,0,0,0,2,13,2,1,4,1,17,2,62120
1998,6,,4,10,1,0,1,0,0,0,1,1,2,1,3,2,71,1,84077
1998,6,,5,21,1,1,0,0,0,0,1,1,2,1,4,1,20,1,71070
1998,6,,5,10,0,0,0,0,0,0,1,1,2,1,3,2,,1,71070
1998,6,,1,15,1,1,0,0,0,0,1,18,2,1,4,1,9,1,72039
1998,6,,6,23,1,1,0,0,0,0,2,1,2,4,2,2,14,2,92140
1998,6,,2,8,0,0,0,0,0,0,1,6,2,1,4,1,70,1,92140
1998,6,,2,20,1,1,0,0,0,0,1,15,2,1,2,1,49,2,23027
1998,6,,2,2,1,1,0,0,0,0,1,1,1,3,7,2,22,2,23094
1998,6,,7,11,1,1,0,0,0,0,1,18,2,1,6,2,50,1,23064
1998,6,,3,18,1,1,0,0,0,0,1,16,2,1,3,1,16,1,23062
1998,6,,1,21,0,0,0,0,0,0,1,1,2,2,4,1,56,1,23096
1998,6,,2,7,1,1,0,0,0,0,2,16,2,1,4,2,28,1,24016
1998,6,,3,12,1,1,0,0,0,0,1,1,1,1,3,2,60,1,24008
1998,6,,3,13,1,1,0,0,0,0,1,1,2,1,4,2,79,1,23097
1998,6,,4,19,1,1,0,0,0,0,1,16,2,1,4,2,17,1,24048
1998,6,,4,15,1,1,0,0,0,0,1,1,2,1,2,1,54,1,24062
1998,6,,1,8,0,0,0,0,0,0,1,18,2,1,2,1,16,2,24062
1998,6,,4,14,1,1,0,0,0,0,1,18,1,1,4,1,23,2,24062
1998,6,,6,12,1,1,0,0,0,0,1,18,2,1,3,1,20,1,24062
1998,6,,2,17,1,1,0,0,0,0,1,1,2,1,2,1,25,1,24135
1998,6,,3,8,0,0,0,0,0,0,1,1,2,1,4,2,46,2,24135
1998,6,,1,20,1,1,0,0,0,0,1,18,2,1,3,1,49,2,24062
1998,6,,5,2,1,1,0,0,0,0,1,16,2,3,6,2,38,1,24134
1998,6,,1,11,1,1,0,0,0,0,2,1,2,1,4,2,68,2,24104
1998,6,,2,8,1,1,0,0,0,0,1,2,2,1,4,2,59,2,12035
1998,6,,7,20,1,0,1,0,0,0,1,1,2,1,2,2,18,1,12030
1998,6,,6,12,0,0,0,0,0,0,1,4,2,1,4,1,21,1,13010
1998,6,,1,15,1,1,0,0,0,0,1,15,2,1,3,1,16,2,13008
1998,6,,4,16,2,2,0,0,0,0,2,1,2,1,3,2,16,2,13008
1998,6,,4,16,1,1,0,0,0,0,2,1,2,1,3,2,18,1,13008
1998,6,,7,14,1,1,0,0,0,0,1,1,2,1,3,2,24,1,13049
1998,6,,4,22,1,0,0,0,1,1,1,1,2,3,2,1,35,1,21004
1998,6,,3,13,0,0,0,0,0,0,1,14,2,1,5,1,46,1,21009
1998,6,,4,13,0,0,0,0,0,0,1,2,2,1,3,1,60,2,21013
1998,6,,7,14,1,1,0,0,0,0,1,1,2,1,4,1,23,1,21011
1998,6,,1,17,1,1,0,0,0,0,1,15,2,1,4,1,17,2,31005
1998,6,,2,15,1,1,0,0,0,0,1,1,2,1,3,1,20,2,31005
1998,6,,2,18,0,0,0,0,0,0,1,1,2,1,3,2,33,2,31005
1998,6,,7,20,0,0,0,0,0,0,1,1,1,1,3,2,25,2,11035
1998,6,,4,20,1,1,0,0,0,0,1,1,2,1,3,2,43,2,11023
1998,6,,4,17,0,0,0,0,0,0,1,18,2,1,4,1,17,2,11055
1998,6,,7,3,0,0,0,0,0,0,1,1,2,3,3,1,,,11039
1998,6,,6,6,1,1,0,0,0,0,1,1,2,2,7,1,36,1,11055
1998,6,,6,16,1,0,1,0,0,0,1,14,2,1,3,1,19,1,12009
1998,6,,2,17,0,0,0,0,0,0,1,1,2,1,2,2,28,1,12009
1998,6,,5,17,1,1,0,0,0,0,2,13,2,1,4,1,34,2,12014
1998,6,,3,15,0,0,0,0,0,0,1,1,2,1,4,1,53,2,25123
1998,7,,1,12,1,0,1,0,0,0,1,1,1,1,7,2,52,1,11002
1998,7,,6,22,0,0,0,0,0,0,1,1,2,1,4,1,41,1,11002
1998,7,,2,19,1,1,0,0,0,0,2,1,1,1,4,2,29,1,11002
1998,7,,3,18,1,1,0,0,0,0,1,16,2,1,5,1,17,1,11050
1998,7,,2,14,1,1,0,0,0,0,1,1,2,1,2,1,20,1,11037
1998,7,,4,19,1,1,0,0,0,0,1,1,2,1,4,1,28,2,11044
1998,7,,2,18,1,1,0,0,0,0,1,1,2,1,3,1,74,1,11023
1998,7,,4,22,1,1,0,0,0,0,1,22,2,1,5,1,4,1,11002
1998,7,,5,19,1,1,0,0,0,0,1,15,2,1,4,1,16,2,11002
1998,7,,4,12,0,0,0,0,0,0,1,1,2,1,3,1,18,2,11002
1998,7,,6,23,1,1,0,0,0,0,1,1,2,3,7,2,19,2,31005
1998,7,,2,21,1,1,0,0,0,0,1,22,2,1,5,1,21,2,21014
1998,7,,3,19,1,1,0,0,0,0,1,1,2,1,3,1,25,2,21014
1998,7,,6,19,2,2,0,0,0,0,2,1,2,1,3,1,35,2,21004
1998,7,,3,0,1,1,0,0,0,0,2,3,2,1,7,1,3,2,21002
1998,7,,3,20,0,0,0,0,0,0,1,1,2,1,4,2,26,2,13049
1998,7,,5,15,0,0,0,0,0,0,1,1,2,1,4,2,35,1,13025
1998,7,,5,18,1,1,0,0,0,0,2,1,2,1,2,1,30,2,13036
1998,7,,6,16,1,1,0,0,0,0,1,1,2,1,4,2,,1,13011
1998,7,,2,18,1,1,0,0,0,0,2,1,2,1,4,2,2,2,13011
1998,7,,4,13,1,1,0,0,0,0,1,1,2,1,4,2,25,1,13014
1998,7,,4,14,0,0,0,0,0,0,1,1,2,1,4,2,31,1,13003
1998,7,,7,19,1,1,0,0,0,0,2,1,2,1,4,2,30,2,25037
1998,7,,7,19,1,1,0,0,0,0,1,1,2,1,4,2,24,2,25037
1998,7,,1,0,1,0,1,0,0,0,1,1,2,3,7,2,22,2,24086
1998,7,,3,22,1,1,0,0,0,0,1,14,2,1,3,1,43,1,24137
1998,7,,4,20,0,0,0,0,0,0,1,1,2,1,4,2,39,1,24104
1998,7,,3,6,0,0,0,0,0,0,1,1,2,1,2,2,,,24109
1998,7,,6,3,1,1,0,0,0,0,1,1,2,3,7,1,27,1,24062
1998,7,,1,16,1,1,0,0,0,0,1,1,2,1,4,2,43,1,24020
1998,7,,3,14,1,1,0,0,0,0,1,15,2,1,4,2,18,2,23096
1998,7,,3,0,1,1,0,0,0,0,2,14,2,3,8,2,27,2,23094
1998,7,,5,18,0,0,0,0,0,0,1,1,2,1,1,2,76,2,23038
1998,7,,7,16,1,1,0,0,0,0,2,1,2,1,2,1,32,2,71069
1998,7,,7,1,1,0,0,0,1,1,1,18,2,3,2,2,19,1,72038
1998,7,,2,17,1,1,0,0,0,0,1,18,2,1,4,2,58,1,33039
1998,7,,2,21,1,1,0,0,0,0,2,1,2,1,2,1,17,1,92094
1998,7,,2,10,1,1,0,0,0,0,1,1,2,1,4,2,51,1,93088
1998,7,,6,19,1,1,0,0,0,0,1,22,2,1,5,2,4,2,92101
1998,7,,7,23,1,1,0,0,0,0,1,22,2,3,5,1,17,1,35029
1998,7,,7,8,1,1,0,0,0,0,2,1,2,1,4,1,11,1,91059
1998,7,,3,1,0,0,0,0,0,0,1,1,2,3,2,1,23,1,92094
1998,7,,7,0,1,1,0,0,0,0,1,1,2,3,2,1,52,2,92094
1998,7,,1,1,1,1,0,0,0,0,1,1,2,3,6,1,41,1,81004
1998,7,,7,21,0,0,0,0,0,0,1,1,2,2,4,1,49,1,81004
1998,7,,7,15,1,1,0,0,0,0,1,2,2,1,3,2,24,1,73009
1998,7,,6,17,0,0,0,0,0,0,1,1,2,1,2,1,29,1,73009
1998,7,,1,21,1,1,0,0,0,0,2,1,2,1,3,2,19,1,71022
1998,7,,5,13,1,1,0,0,0,0,1,1,2,1,3,1,36,2,71016
1998,7,,5,16,0,0,0,0,0,0,1,1,2,1,1,2,37,2,71022
1998,7,,7,12,0,0,0,0,0,0,1,2,2,1,4,2,41,2,71004
1998,7,,7,0,1,1,0,0,0,0,2,4,2,4,7,1,,2,63079
1998,7,,3,13,1,1,0,0,0,0,1,1,2,1,7,1,26,1,63073
1998,7,,7,19,1,1,0,0,0,0,1,15,2,1,3,1,17,2,63020
1998,7,,4,11,0,0,0,0,0,0,1,1,2,1,4,1,74,1,62096
1998,7,,2,12,0,0,0,0,0,0,1,1,2,1,3,1,70,1,62099
1998,7,,2,10,0,0,0,0,0,0,1,1,1,1,4,2,39,1,62063
1998,7,,4,15,1,1,0,0,0,0,1,22,2,1,5,1,9,2,62022
1998,7,,7,2,1,1,0,0,0,0,2,2,2,3,4,1,39,1,54007
1998,7,,2,1,1,1,0,0,0,0,2,1,1,3,3,2,28,1,52063
1998,7,,7,4,1,1,0,0,0,0,1,1,2,4,6,2,26,1,53053
1998,7,,4,21,0,0,0,0,0,0,1,2,2,1,2,2,46,1,52011
1998,7,,5,16,1,1,0,0,0,0,1,1,2,1,4,1,37,1,52015
1998,7,,5,18,1,1,0,0,0,0,1,18,2,1,4,2,14,2,46014
1998,7,,2,10,1,1,0,0,0,0,1,18,2,1,3,1,62,2,45035
1998,7,,5,18,0,0,0,0,0,0,1,6,2,1,4,2,54,1,45035
1998,7,,3,19,1,1,0,0,0,0,1,1,2,1,4,1,21,2,44029
1998,7,,1,12,0,0,0,0,0,0,1,7,2,1,2,2,,1,44049
1998,7,,1,19,1,0,1,0,0,0,1,22,2,1,5,1,6,1,44021
1998,7,,2,8,1,1,0,0,0,0,1,18,2,1,4,1,15,1,44040
1998,7,,1,21,1,1,0,0,0,0,1,2,1,1,7,2,42,1,44021
1998,7,,7,19,0,0,0,0,0,0,1,1,2,1,4,2,19,1,44021
1998,7,,5,15,1,1,0,0,0,0,1,1,2,1,3,1,24,1,42025
1998,7,,4,8,1,1,0,0,0,0,1,13,2,1,7,2,25,1,43002
1998,7,,3,19,1,1,0,0,0,0,2,4,1,1,3,2,22,1,44001
1998,7,,4,22,1,0,1,0,0,0,1,1,2,2,4,1,21,1,42011
1998,7,,4,21,1,1,0,0,0,0,2,1,2,1,2,1,0,2,41034
1998,7,,5,3,1,1,0,0,0,0,2,15,2,3,7,1,28,2,41002
1998,7,,4,19,1,1,0,0,0,0,1,1,2,1,3,1,20,2,41048
1998,7,,3,17,1,1,0,0,0,0,1,1,2,1,4,1,20,2,41002
1998,7,,6,13,1,1,0,0,0,0,1,18,2,1,4,1,9,1,35013
1998,7,,3,18,0,0,0,0,0,0,1,9,2,1,3,1,33,1,36006
1998,7,,6,18,1,1,0,0,0,0,2,1,2,1,4,1,34,2,36015
1998,7,,4,19,0,0,0,0,0,0,1,8,2,1,4,1,28,1,36015
1998,7,,3,23,0,0,0,0,0,0,1,4,2,3,3,2,36,1,35006
1998,7,,3,14,0,0,0,0,0,0,1,1,2,1,3,1,45,1,35013
1998,7,,3,17,1,1,0,0,0,0,1,22,2,1,5,1,27,1,34022
1998,7,,4,15,0,0,0,0,0,0,1,1,2,1,4,1,,,34022
1998,7,,7,5,0,0,0,0,0,0,1,1,2,3,4,1,30,1,31043
1998,7,,5,14,1,1,0,0,0,0,1,18,2,1,2,1,66,2,31043
1998,7,,6,16,1,1,0,0,0,0,1,1,2,1,2,2,61,2,31043
1998,7,,2,17,1,0,1,0,0,0,1,1,2,1,7,2,51,1,31006
1998,8,,1,14,0,0,0,0,0,0,1,16,2,1,3,1,50,1,31033
1998,8,,5,20,1,1,0,0,0,0,1,1,2,1,6,2,65,2,34002
1998,8,,4,16,1,1,0,0,0,0,1,18,2,1,4,2,28,1,34003
1998,8,,5,20,1,1,0,0,0,0,1,15,2,1,4,2,16,1,33021
1998,8,,6,23,1,1,0,0,0,0,2,1,1,3,4,2,23,1,34022
1998,8,,5,11,1,1,0,0,0,0,2,1,2,1,4,1,41,2,35013
1998,8,,7,15,0,0,0,0,0,0,1,1,2,1,4,1,31,2,35013
1998,8,,1,18,1,0,1,0,0,0,1,15,2,1,3,1,25,1,35013
1998,8,,5,14,0,0,0,0,0,0,1,6,2,1,4,2,47,1,35006
1998,8,,4,10,0,0,0,0,0,0,1,1,2,1,4,2,57,1,35011
1998,8,,6,11,0,0,0,0,0,0,1,1,2,1,4,1,,2,35014
1998,8,,2,9,1,1,0,0,0,0,1,18,2,1,4,1,60,2,36015
1998,8,,5,2,1,1,0,0,0,0,1,1,2,3,7,2,23,1,36012
1998,8,,5,16,1,1,0,0,0,0,1,1,2,1,4,1,38,1,36008
1998,8,,1,9,1,1,0,0,0,0,2,1,2,1,4,2,7,1,37018
1998,8,,4,17,1,1,0,0,0,0,1,16,2,1,4,1,16,2,41002
1998,8,,5,2,0,0,0,0,0,0,1,1,2,3,3,1,45,1,38016
1998,8,,3,19,1,1,0,0,0,0,1,18,2,1,4,1,81,1,41063
1998,8,,6,12,0,0,0,0,0,0,1,1,2,1,3,2,22,1,41048
1998,8,,6,7,1,1,0,0,0,0,1,1,2,3,7,2,29,1,42004
1998,8,,6,19,0,0,0,0,0,0,1,1,2,1,4,1,12,2,42006
1998,8,,6,15,1,1,0,0,0,0,1,14,2,1,3,2,39,1,44001
1998,8,,7,20,1,1,0,0,0,0,2,1,2,1,7,2,4,1,43002
1998,8,,7,7,1,1,0,0,0,0,2,1,2,1,2,1,27,2,44021
1998,8,,5,11,1,1,0,0,0,0,1,15,2,1,3,1,28,2,44021
1998,8,,4,19,1,1,0,0,0,0,2,2,1,1,3,2,44,1,44021
1998,8,,7,22,1,1,0,0,0,0,1,13,2,3,4,1,26,1,45041
1998,8,,2,16,0,0,0,0,0,0,1,1,2,1,4,1,33,2,46021
1998,8,,5,0,1,0,1,0,0,0,1,13,2,3,7,1,41,1,46021
1998,8,,6,22,1,1,0,0,0,0,1,1,2,2,2,1,57,2,52018
1998,8,,4,2,1,1,0,0,0,0,2,1,2,3,4,1,31,2,53053
1998,8,,3,9,1,1,0,0,0,0,1,1,2,1,4,2,25,2,53070
1998,8,,2,20,1,1,0,0,0,0,1,1,2,1,2,2,29,1,56005
1998,8,,6,20,1,0,1,0,0,0,2,4,1,1,7,2,8,2,61072
1998,8,,2,1,1,1,0,0,0,0,2,1,1,3,7,2,17,1,62009
1998,8,,5,7,1,1,0,0,0,0,1,1,1,2,3,2,35,1,62118
1998,8,,1,15,0,0,0,0,0,0,1,1,2,1,3,1,63,1,62096
1998,8,,7,13,1,1,0,0,0,0,1,14,2,1,4,2,51,1,63012
1998,8,,7,18,1,1,0,0,0,0,1,1,2,1,7,2,18,1,63073
1998,8,,2,23,0,0,0,0,0,0,1,1,2,3,4,2,,,71016
1998,8,,6,20,1,1,0,0,0,0,2,15,2,1,4,2,15,1,71016
1998,8,,6,3,1,1,0,0,0,0,1,22,2,3,5,1,19,2,63086
1998,8,,2,8,0,0,0,0,0,0,1,4,2,1,4,2,37,1,64047
1998,8,,7,7,1,0,1,0,0,0,2,1,2,1,7,2,21,1,63084
1998,8,,5,17,0,0,0,0,0,0,1,1,2,1,4,2,49,1,71016
1998,8,,7,19,1,0,1,0,0,0,1,14,2,1,4,2,54,1,71020
1998,8,,2,17,0,0,0,0,0,0,1,1,2,1,5,1,44,1,71034
1998,8,,7,21,1,1,0,0,0,0,1,1,2,1,7,2,19,1,73001
1998,8,,3,11,1,1,0,0,0,0,2,1,2,1,4,2,62,1,71067
1998,8,,2,18,1,1,0,0,0,0,1,18,2,1,4,1,18,2,73083
1998,8,,6,12,0,0,0,0,0,0,1,1,2,1,4,2,28,1,82003
1998,8,,6,16,0,0,0,0,0,0,1,1,2,1,2,1,27,2,85024
1998,8,,1,13,1,1,0,0,0,0,2,1,2,1,3,2,14,2,83044
1998,8,,3,18,1,0,1,0,0,0,1,4,2,1,7,1,21,1,91114
1998,8,,6,19,1,0,0,0,1,1,1,22,2,1,5,2,78,2,55035
1998,8,,1,13,1,0,1,0,0,0,1,1,2,1,3,2,74,2,93056
1998,8,,4,18,1,1,0,0,0,0,1,1,2,1,4,1,22,2,62120
1998,8,,3,11,1,1,0,0,0,0,2,1,2,1,2,1,19,2,56086
1998,8,,4,20,1,1,0,0,0,0,2,1,2,1,3,1,19,1,52075
1998,8,,6,22,0,0,0,0,0,0,1,1,2,3,6,1,23,1,62120
1998,8,,1,11,1,1,0,0,0,0,1,1,2,1,4,2,48,2,72040
1998,8,,3,15,1,1,0,0,0,0,1,18,2,1,3,1,28,2,23003
1998,8,,7,21,0,0,0,0,0,0,1,1,2,1,4,1,55,1,23002
1998,8,,1,11,1,1,0,0,0,0,2,1,2,1,3,2,57,1,23016
1998,8,,1,15,0,0,0,0,0,0,1,1,2,1,4,1,23,1,11057
1998,8,,1,17,0,0,0,0,0,0,1,1,1,1,3,2,30,2,23002
1998,8,,6,21,1,0,1,0,0,0,2,1,2,1,4,2,19,2,92138
1998,8,,6,4,1,1,0,0,0,0,1,1,2,3,2,1,35,1,23027
1998,8,,3,15,0,0,0,0,0,0,1,6,1,1,3,2,37,1,23086
1998,8,,6,13,0,0,0,0,0,0,1,4,2,1,3,1,57,1,23060
1998,8,,2,16,0,0,0,0,0,0,1,1,2,1,2,2,44,1,23062
1998,8,,4,10,0,0,0,0,0,0,1,1,1,1,3,2,25,2,23094
1998,8,,3,16,1,1,0,0,0,0,1,18,2,1,3,1,,1,23105
1998,8,,6,22,1,1,0,0,0,0,1,14,1,1,7,2,45,1,24062
1998,8,,1,19,1,1,0,0,0,0,1,2,2,1,7,2,54,1,25023
1998,8,,6,17,0,0,0,0,0,0,1,1,1,1,7,2,22,2,25112
1998,8,,3,0,1,1,0,0,0,0,1,2,2,3,7,1,25,1,25119
1998,8,,5,4,1,1,0,0,0,0,2,1,2,3,4,2,18,1,12035
1998,8,,2,12,1,1,0,0,0,0,1,18,2,1,3,1,65,2,12025
1998,8,,5,22,1,1,0,0,0,0,1,1,2,2,3,1,20,1,12035
1998,8,,3,14,1,1,0,0,0,0,1,15,2,1,4,1,16,2,12029
1998,8,,4,7,0,0,0,0,0,0,1,3,2,1,4,2,42,1,13014
1998,8,,7,16,1,1,0,0,0,0,2,19,2,1,7,2,10,1,13021
1998,8,,4,16,0,0,0,0,0,0,1,1,2,1,4,2,36,1,13040
1998,8,,4,13,1,1,0,0,0,0,1,18,2,1,4,2,57,1,13025
1998,8,,3,2,1,1,0,0,0,0,1,1,2,4,7,2,21,2,13019
1998,8,,5,23,0,0,0,0,0,0,1,1,2,3,4,2,50,1,13029
1998,8,,1,18,1,1,0,0,0,0,1,1,2,1,1,2,26,2,13036
1998,8,,6,19,1,1,0,0,0,0,1,18,2,1,8,1,,1,21002
1998,8,,2,11,1,1,0,0,0,0,1,1,2,1,2,1,60,1,21004
1998,8,,6,20,1,1,0,0,0,0,1,1,2,1,3,1,23,1,21007
1998,8,,1,11,1,1,0,0,0,0,1,22,2,1,5,1,78,1,21009
1998,8,,7,9,0,0,0,0,0,0,1,1,2,1,3,1,20,1,21016
1998,8,,4,17,1,1,0,0,0,0,1,18,2,1,4,1,,1,31005
1998,8,,6,14,0,0,0,0,0,0,1,15,2,1,5,1,,1,31005
1998,8,,5,17,0,0,0,0,0,0,1,1,2,1,4,1,30,2,11029
1998,8,,1,13,0,0,0,0,0,0,1,4,2,1,4,1,39,1,11037
1998,8,,6,8,1,1,0,0,0,0,1,1,1,1,7,2,31,2,11054
1998,8,,1,17,1,1,0,0,0,0,1,1,2,1,3,1,30,2,11044
1998,8,,7,1,0,0,0,0,0,0,1,1,2,4,2,1,40,1,11037
1998,8,,6,15,0,0,0,0,0,0,1,1,2,1,4,1,27,2,12025
1998,8,,2,16,1,1,0,0,0,0,1,18,2,1,4,1,76,1,12014
1998,8,,3,19,1,1,0,0,0,0,1,1,2,2,3,1,35,1,11002
1998,8,,5,13,0,0,0,0,0,0,1,4,2,1,4,1,38,1,11002
1998,8,,4,22,1,0,0,0,1,1,1,22,2,2,5,1,42,1,11002
1998,9,,1,1,1,1,0,0,0,0,1,22,2,4,5,1,18,2,25120
1998,9,,5,18,0,0,0,0,0,0,1,1,2,1,4,1,24,2,11002
1998,9,,3,14,1,0,1,0,0,0,1,4,2,1,7,2,32,1,11002
1998,9,,4,12,1,1,0,0,0,0,1,18,2,1,4,1,72,2,12021
1998,9,,5,13,0,0,0,0,0,0,1,1,2,1,4,2,32,2,11054
1998,9,,2,18,1,1,0,0,0,0,1,18,2,1,4,1,9,1,11023
1998,9,,6,17,1,1,0,0,0,0,2,1,2,1,3,2,58,2,11007
1998,9,,6,13,1,1,0,0,0,0,1,18,2,1,4,1,15,2,11002
1998,9,,4,15,1,1,0,0,0,0,1,1,2,1,4,2,23,1,31005