year,month,monthDay,weekDay,hour,numVictims,numSlightlyInjured,numSeverelyInjured,numMortallyInjured,numDiedWithin24Hours,numDiedWithin30Days,victimType,roadUserType,roadType,lightConditions,collisionType,areaType,age,sex,municipality
1998,9,,6,18,0,0,0,0,0,0,1,1,2,1,5,1,80,1,31005
1998,9,,6,23,0,0,0,0,0,0,1,1,2,3,3,2,24,1,31005
1998,9,,2,10,1,1,0,0,0,0,1,14,2,1,3,1,21,1,21016
1998,9,,6,14,1,1,0,0,0,0,1,1,2,1,4,1,32,2,21015
1998,9,,2,19,1,1,0,0,0,0,1,13,2,1,3,1,25,1,21018
1998,9,,4,10,1,1,0,0,0,0,2,1,2,1,3,1,40,1,21009
1998,9,,6,8,0,0,0,0,0,0,1,1,2,2,1,1,22,1,21012
1998,9,,2,11,1,0,1,0,0,0,2,1,2,1,2,1,,2,21004
1998,9,,3,16,0,0,0,0,0,0,1,1,2,1,3,1,33,1,21004
1998,9,,2,16,1,0,1,0,0,0,1,1,2,1,3,2,45,1,13029
1998,9,,3,16,1,0,0,0,1,1,1,1,2,1,2,1,61,1,13040
1998,9,,6,1,0,0,0,0,0,0,1,1,2,3,4,1,37,1,13025
1998,9,,6,21,1,1,0,0,0,0,2,1,2,3,3,2,33,2,13008
1998,9,,3,17,1,1,0,0,0,0,1,18,2,1,4,1,43,1,13001
1998,9,,6,21,0,0,0,0,0,0,1,1,2,3,4,2,,,12040
1998,9,,7,7,1,1,0,0,0,0,1,1,2,2,7,2,23,2,12040
1998,9,,1,13,1,1,0,0,0,0,1,1,2,1,4,1,42,2,12025
1998,9,,2,21,1,0,1,0,0,0,1,14,2,3,4,1,23,1,25091
1998,9,,3,13,0,0,0,0,0,0,1,6,2,1,4,1,43,1,25112
1998,9,,6,20,1,1,0,0,0,0,1,1,2,1,4,1,44,2,25112
1998,9,,5,14,0,0,0,0,0,0,1,1,1,1,4,2,,,25014
1998,9,,4,17,0,0,0,0,0,0,1,4,2,1,4,1,40,1,24062
1998,9,,1,1,0,0,0,0,0,0,1,4,2,3,4,2,23,1,24062
1998,9,,5,9,2,2,0,0,0,0,1,1,2,1,1,2,31,2,23104
1998,9,,2,9,1,1,0,0,0,0,1,18,2,1,4,2,20,2,23096
1998,9,,1,20,0,0,0,0,0,0,1,1,2,1,3,2,20,2,23060
1998,9,,1,21,1,1,0,0,0,0,1,1,1,3,7,2,47,1,23047
1998,9,,3,16,1,1,0,0,0,0,1,16,2,1,4,1,21,1,23027
1998,9,,2,19,0,0,0,0,0,0,1,1,1,1,3,2,33,1,23033
1998,9,,1,8,0,0,0,0,0,0,1,1,2,2,3,1,48,1,23027
1998,9,,5,15,1,1,0,0,0,0,2,1,2,1,4,2,31,2,72041
1998,9,,6,17,0,0,0,0,0,0,1,1,2,1,7,2,30,1,91142
1998,9,,1,5,1,1,0,0,0,0,1,1,1,3,7,2,20,1,72039
1998,9,,7,3,1,1,0,0,0,0,2,1,2,3,3,1,0,1,62121
1998,9,,2,16,1,1,0,0,0,0,1,22,2,1,5,2,73,1,53084
1998,9,,4,9,1,1,0,0,0,0,1,1,2,1,3,1,38,2,53082
1998,9,,4,3,0,0,0,0,0,0,1,1,2,3,7,2,32,1,13053
1998,9,,2,19,0,0,0,0,0,0,1,1,2,1,3,2,45,1,93088
1998,9,,2,13,0,0,0,0,0,0,1,1,2,1,4,1,51,2,92094
1998,9,,4,15,1,1,0,0,0,0,1,1,2,1,4,1,52,2,92094
1998,9,,7,11,1,1,0,0,0,0,1,1,2,1,4,2,,2,91030
1998,9,,1,12,0,0,0,0,0,0,1,1,2,1,3,1,32,1,73107
1998,9,,6,11,1,1,0,0,0,0,1,1,2,1,4,1,30,2,73006
1998,9,,4,20,1,0,1,0,0,0,1,14,2,3,8,2,41,1,72020
1998,9,,4,19,1,1,0,0,0,0,1,16,2,1,4,2,32,2,72030
1998,9,,4,9,1,1,0,0,0,0,1,1,2,1,4,2,45,2,72025
1998,9,,1,20,0,0,0,0,0,0,1,1,2,3,2,2,36,1,71053
1998,9,,7,20,1,1,0,0,0,0,2,2,2,2,3,2,5,2,71066
1998,9,,7,20,0,0,0,0,0,0,1,2,2,2,3,2,48,1,71066
1998,9,,5,21,1,1,0,0,0,0,2,1,2,3,4,2,4,2,71053
1998,9,,1,20,1,1,0,0,0,0,2,1,2,3,2,2,52,2,71053
1998,9,,6,16,1,1,0,0,0,0,1,18,2,1,8,1,20,1,71022
1998,9,,6,16,0,0,0,0,0,0,1,18,2,1,3,1,15,1,71053
1998,9,,3,23,1,1,0,0,0,0,1,1,2,3,2,2,20,1,71037
1998,9,,4,17,1,1,0,0,0,0,2,1,2,1,2,2,23,2,71053
1998,9,,3,18,0,0,0,0,0,0,1,10,2,1,4,1,24,1,71022
1998,9,,1,16,1,1,0,0,0,0,1,15,2,1,3,1,18,1,64074
1998,9,,3,16,0,0,0,0,0,0,1,15,2,1,4,2,17,1,71016
1998,9,,1,10,1,1,0,0,0,0,1,1,2,1,4,2,44,1,71004
1998,9,,1,21,1,1,0,0,0,0,2,1,2,2,4,2,21,2,71016
1998,9,,4,17,1,1,0,0,0,0,1,22,2,1,5,1,43,2,63076
1998,9,,5,15,1,0,1,0,0,0,1,14,2,1,2,2,21,1,63061
1998,9,,7,4,1,1,0,0,0,0,1,1,2,3,7,1,22,1,63061
1998,9,,5,18,1,1,0,0,0,0,1,18,2,1,4,1,15,1,62099
1998,9,,6,13,0,0,0,0,0,0,1,1,2,1,4,2,71,1,61043
1998,9,,1,22,0,0,0,0,0,0,1,2,2,3,2,1,32,1,62003
1998,9,,7,16,1,1,0,0,0,0,1,14,2,1,4,1,27,1,56005
1998,9,,4,11,0,0,0,0,0,0,1,4,2,1,5,1,26,1,55039
1998,9,,1,21,0,0,0,0,0,0,1,2,2,3,5,1,34,1,54007
1998,9,,3,23,0,0,0,0,0,0,1,2,2,3,4,1,21,1,54007
1998,9,,3,17,0,0,0,0,0,0,1,1,2,1,5,2,32,2,55039
1998,9,,4,9,0,0,0,0,0,0,1,10,2,1,4,1,41,1,52012
1998,9,,2,17,1,1,0,0,0,0,1,18,2,1,3,1,,2,51008
1998,9,,4,23,1,0,1,0,0,0,1,2,2,3,3,1,21,1,52011
1998,9,,3,9,1,0,1,0,0,0,1,15,2,1,4,1,19,2,52011
1998,9,,1,18,1,1,0,0,0,0,1,16,2,1,4,1,16,1,46021
1998,9,,3,19,0,0,0,0,0,0,1,1,2,1,3,1,22,1,46025
1998,9,,5,11,1,1,0,0,0,0,1,18,2,1,4,1,64,2,46014
1998,9,,6,15,0,0,0,0,0,0,1,16,2,1,5,1,,1,46021
1998,9,,2,16,0,0,0,0,0,0,1,1,2,1,2,1,32,1,46021
1998,9,,6,22,0,0,0,0,0,0,1,1,2,3,4,1,29,2,46003
1998,9,,2,14,1,1,0,0,0,0,2,10,2,1,3,1,20,1,44021
1998,9,,6,2,0,0,0,0,0,0,1,1,2,4,5,1,28,2,44021
1998,9,,6,10,1,1,0,0,0,0,2,1,2,1,4,2,0,1,44001
1998,9,,7,16,1,0,1,0,0,0,1,1,2,1,4,2,78,2,43002
1998,9,,1,17,0,0,0,0,0,0,1,1,2,1,3,1,62,1,42026
1998,9,,6,19,0,0,0,0,0,0,1,1,2,1,2,1,51,1,41048
1998,9,,6,15,1,1,0,0,0,0,1,1,2,1,4,1,85,1,38016
1998,9,,3,12,0,0,0,0,0,0,1,4,2,1,7,2,,,37015
1998,9,,7,15,0,0,0,0,0,0,1,18,2,1,5,1,13,1,35013
1998,9,,7,18,0,0,0,0,0,0,1,1,2,1,3,1,34,1,36015
1998,9,,5,20,0,0,0,0,0,0,1,1,2,2,3,2,66,1,36007
1998,9,,2,7,1,1,0,0,0,0,1,14,2,3,4,2,29,1,36007
1998,9,,7,23,0,0,0,0,0,0,1,1,2,3,4,1,44,1,35013
1998,9,,1,20,1,1,0,0,0,0,1,18,2,1,4,1,17,2,34041
1998,9,,3,18,1,1,0,0,0,0,1,1,2,1,4,1,65,1,35011
1998,9,,2,20,0,0,0,0,0,0,1,1,2,1,4,1,34,1,34022
1998,9,,1,17,1,1,0,0,0,0,1,18,2,1,4,1,15,2,34022
1998,9,,6,3,1,1,0,0,0,0,2,4,2,3,4,1,16,2,34022
1998,9,,6,15,0,0,0,0,0,0,1,1,2,1,4,1,43,1,33011
1998,9,,7,7,1,1,0,0,0,0,2,1,1,4,3,2,46,2,31022
1998,9,,2,16,0,0,0,0,0,0,1,1,2,1,4,1,37,1,31043
1998,9,,7,16,1,1,0,0,0,0,2,1,2,1,4,1,21,2,31012
1998,9,,5,5,1,0,1,0,0,0,1,1,2,3,7,1,47,1,31022
1998,10,,4,8,0,0,0,0,0,0,1,7,2,2,3,2,35,1,31012
1998,10,,2,18,0,0,0,0,0,0,1,1,2,1,4,1,58,1,33011
1998,10,,4,5,0,0,0,0,0,0,1,4,2,3,4,2,27,1,33011
1998,10,,3,23,1,1,0,0,0,0,2,1,2,3,4,1,20,1,33011
1998,10,,1,14,1,1,0,0,0,0,1,15,2,1,4,1,31,2,34022
1998,10,,3,9,0,0,0,0,0,0,1,15,2,1,2,2,18,1,34040
1998,10,,7,20,0,0,0,0,0,0,1,4,2,3,3,1,37,1,34022
1998,10,,1,14,0,0,0,0,0,0,1,1,2,1,4,2,51,1,36015
1998,10,,3,8,1,1,0,0,0,0,1,15,2,2,4,1,20,2,35013
1998,10,,2,19,0,0,0,0,0,0,1,1,2,1,4,1,35,1,36007
1998,10,,2,17,1,1,0,0,0,0,1,15,2,1,4,1,17,2,41002
1998,10,,4,17,1,1,0,0,0,0,1,15,2,1,4,1,17,1,41002
1998,10,,3,9,0,0,0,0,0,0,1,1,2,2,2,2,31,2,41063
1998,10,,2,12,0,0,0,0,0,0,1,1,2,1,3,2,27,2,41002
1998,10,,4,21,1,1,0,0,0,0,1,1,2,3,4,2,28,1,41018
1998,10,,7,15,0,0,0,0,0,0,1,4,2,1,2,1,30,1,41034
1998,10,,6,19,1,0,1,0,0,0,1,22,2,3,5,2,48,2,41018
1998,10,,5,15,0,0,0,0,0,0,1,1,2,1,3,2,24,1,41002
1998,10,,7,19,0,0,0,0,0,0,1,1,2,1,3,1,19,1,42003
1998,10,,1,9,1,0,1,0,0,0,2,1,2,1,4,1,21,2,43005
1998,10,,5,21,1,1,0,0,0,0,1,1,2,3,3,2,31,1,43005
1998,10,,2,8,1,1,0,0,0,0,1,14,2,2,4,1,23,1,44019
1998,10,,4,23,1,1,0,0,0,0,2,1,1,3,4,2,23,1,44013
1998,10,,6,14,1,1,0,0,0,0,1,1,2,1,4,2,41,2,44020
1998,10,,6,5,1,1,0,0,0,0,1,1,2,3,7,2,32,2,44052
1998,10,,6,15,0,0,0,0,0,0,1,1,2,1,4,1,39,1,44043
1998,10,,5,13,1,1,0,0,0,0,1,16,2,1,4,1,16,1,44021
1998,10,,5,9,1,1,0,0,0,0,1,18,2,2,4,1,13,2,45035
1998,10,,6,21,1,1,0,0,0,0,2,1,1,3,3,2,28,1,46003
1998,10,,7,5,1,0,0,0,1,1,2,1,2,4,7,2,20,2,46013
1998,10,,5,14,0,0,0,0,0,0,1,6,2,1,4,2,60,1,46014
1998,10,,5,19,0,0,0,0,0,0,1,1,2,3,4,1,20,1,46021
1998,10,,6,20,1,1,0,0,0,0,2,1,2,3,4,1,7,1,46021
1998,10,,4,19,1,1,0,0,0,0,1,1,2,3,2,1,21,1,52011
1998,10,,5,19,0,0,0,0,0,0,1,1,2,1,4,1,31,1,52011
1998,10,,6,20,1,0,0,0,1,1,1,1,2,2,2,1,21,1,52012
1998,10,,4,22,0,0,0,0,0,0,1,15,2,3,3,1,47,1,52011
1998,10,,5,20,1,1,0,0,0,0,1,1,2,3,4,1,20,2,53065
1998,10,,7,21,1,1,0,0,0,0,1,22,2,3,5,1,30,2,62027
1998,10,,3,12,1,1,0,0,0,0,1,1,2,1,2,1,46,2,61012
1998,10,,4,15,1,1,0,0,0,0,1,22,2,1,5,1,14,2,62108
1998,10,,6,18,0,0,0,0,0,0,1,1,2,1,3,1,42,1,62118
1998,10,,7,19,0,0,0,0,0,0,1,1,2,2,3,1,18,1,63035
1998,10,,3,13,1,1,0,0,0,0,2,1,2,1,4,2,7,1,71016
1998,10,,3,18,1,1,0,0,0,0,2,1,2,1,4,2,9,2,64029
1998,10,,4,17,0,0,0,0,0,0,1,1,2,1,4,1,20,2,71016
1998,10,,6,19,1,0,1,0,0,0,1,1,2,3,4,2,50,2,64015
1998,10,,7,18,0,0,0,0,0,0,1,1,2,1,3,2,58,1,71022
1998,10,,2,15,0,0,0,0,0,0,1,1,2,1,4,2,26,1,71016
1998,10,,6,14,0,0,0,0,0,0,1,1,2,1,1,1,35,1,71034
1998,10,,5,15,1,1,0,0,0,0,1,1,2,1,3,2,27,1,73006
1998,10,,6,23,1,1,0,0,0,0,1,1,2,3,4,1,20,2,73006
1998,10,,5,23,0,0,0,0,0,0,1,1,2,3,4,2,18,1,72025
1998,10,,6,16,1,1,0,0,0,0,1,1,2,1,4,2,,1,72025
1998,10,,4,16,0,0,0,0,0,0,1,4,2,1,4,1,51,1,73107
1998,10,,6,14,1,1,0,0,0,0,2,1,2,1,7,2,2,1,85034
1998,10,,1,15,0,0,0,0,0,0,1,1,2,1,2,2,20,1,83031
1998,10,,6,15,0,0,0,0,0,0,1,2,2,1,3,1,44,1,92094
1998,10,,6,1,1,0,1,0,0,0,2,15,2,3,4,1,18,1,92094
1998,10,,7,7,1,1,0,0,0,0,1,1,2,2,6,2,21,1,33039
1998,10,,6,5,0,0,0,0,0,0,1,1,2,3,3,2,25,1,45063
1998,10,,5,18,0,0,0,0,0,0,1,1,2,1,4,2,32,1,37020
1998,10,,3,15,0,0,0,0,0,0,1,9,2,1,4,2,36,1,72040
1998,10,,5,16,1,1,0,0,0,0,1,1,2,1,3,2,32,2,72038
1998,10,,5,20,1,0,1,0,0,0,2,1,2,3,4,1,14,1,72041
1998,10,,5,18,1,1,0,0,0,0,1,1,2,1,4,2,21,1,23050
1998,10,,1,19,1,1,0,0,0,0,2,2,2,3,7,1,38,2,23027
1998,10,,6,12,1,1,0,0,0,0,1,18,2,1,2,1,50,2,23094
1998,10,,1,18,1,1,0,0,0,0,1,1,2,1,3,2,31,1,23094
1998,10,,6,9,0,0,0,0,0,0,1,1,1,1,7,2,51,1,23088
1998,10,,7,20,2,2,0,0,0,0,2,1,2,1,1,2,14,2,24014
1998,10,,5,9,0,0,0,0,0,0,1,1,2,1,4,1,,,24062
1998,10,,2,18,0,0,0,0,0,0,1,1,2,1,4,2,51,1,24107
1998,10,,6,16,1,0,1,0,0,0,1,1,2,1,4,1,25,2,24134
1998,10,,2,19,0,0,0,0,0,0,1,1,2,2,4,1,45,1,24104
1998,10,,4,16,1,1,0,0,0,0,2,1,2,1,4,1,10,1,24107
1998,10,,7,16,1,1,0,0,0,0,2,1,1,1,3,2,24,2,25110
1998,10,,5,17,1,1,0,0,0,0,1,1,2,1,3,1,34,1,25105
1998,10,,6,1,0,0,0,0,0,0,1,1,2,4,3,2,39,1,25068
1998,10,,7,1,1,0,1,0,0,0,1,2,2,3,6,2,35,1,12030
1998,10,,4,10,1,1,0,0,0,0,1,1,2,1,3,2,39,2,12025
1998,10,,4,19,1,1,0,0,0,0,2,1,2,3,4,2,20,2,13008
1998,10,,6,17,1,1,0,0,0,0,1,2,2,1,3,2,44,1,13006
1998,10,,4,8,0,0,0,0,0,0,1,15,2,1,3,1,,1,13011
1998,10,,2,9,1,1,0,0,0,0,1,15,2,1,2,2,16,1,13011
1998,10,,7,19,0,0,0,0,0,0,1,1,2,1,7,2,41,1,13017
1998,10,,1,18,1,1,0,0,0,0,1,2,2,1,4,1,32,1,21002
1998,10,,5,8,1,1,0,0,0,0,1,14,2,2,4,1,19,1,21001
1998,10,,5,23,0,0,0,0,0,0,1,1,2,3,4,1,,1,21004
1998,10,,3,9,1,1,0,0,0,0,1,22,2,2,5,1,14,1,21007
1998,10,,4,14,0,0,0,0,0,0,1,1,2,1,4,1,21,1,31004
1998,10,,7,13,1,1,0,0,0,0,1,22,2,1,5,1,,2,21017
1998,10,,2,9,1,1,0,0,0,0,1,15,2,1,4,1,18,1,31005
1998,10,,1,12,1,1,0,0,0,0,1,7,2,1,7,2,46,1,31005
1998,10,,7,10,1,1,0,0,0,0,1,1,2,1,7,1,27,1,11008
1998,10,,2,19,0,0,0,0,0,0,1,16,2,1,5,1,16,1,11005
1998,10,,4,16,0,0,0,0,0,0,1,1,2,1,3,1,,1,11005
1998,10,,4,21,0,0,0,0,0,0,1,1,2,3,5,1,47,2,11008
1998,10,,2,13,1,1,0,0,0,0,1,1,2,1,4,1,,2,11022
1998,10,,3,14,0,0,0,0,0,0,1,1,2,1,3,1,42,1,11023
1998,10,,4,20,1,1,0,0,0,0,1,1,2,3,4,1,40,1,11055
1998,10,,6,16,0,0,0,0,0,0,1,1,2,1,4,1,19,1,11039
1998,10,,3,18,1,1,0,0,0,0,1,1,2,1,2,1,29,2,11040
1998,10,,6,10,1,1,0,0,0,0,1,1,2,1,4,2,40,2,11053
1998,10,,5,9,0,0,0,0,0,0,1,1,2,1,3,2,53,1,12014
1998,10,,5,9,1,1,0,0,0,0,1,1,2,1,4,1,30,1,11002
1998,10,,6,8,0,0,0,0,0,0,1,1,2,2,4,1,30,1,11002
1998,10,,5,10,1,1,0,0,0,0,1,16,2,1,4,1,45,1,11002
1998,10,,6,19,1,1,0,0,0,0,1,22,2,1,5,1,66,1,11002
1998,11,,2,15,0,0,0,0,0,0,1,1,2,1,4,1,69,2,11002
1998,11,,2,7,1,1,0,0,0,0,2,1,2,3,4,2,31,1,11002
1998,11,,5,21,0,0,0,0,0,0,1,18,2,3,5,1,19,1,12007
1998,11,,5,16,1,1,0,0,0,0,1,1,2,1,4,1,29,2,11055
1998,11,,4,9,1,1,0,0,0,0,1,1,2,1,3,1,44,1,11013
1998,11,,7,14,0,0,0,0,0,0,1,1,2,1,4,1,36,1,11008
1998,11,,2,14,0,0,0,0,0,0,1,1,2,1,3,2,24,1,11007
1998,11,,3,19,0,0,0,0,0,0,1,1,2,2,4,1,,1,11002
1998,11,,1,17,1,1,0,0,0,0,1,15,2,1,4,1,16,1,11005
1998,11,,7,18,0,0,0,0,0,0,1,1,2,3,5,1,,1,11002
1998,11,,5,16,1,1,0,0,0,0,1,15,2,1,4,2,26,2,31005
1998,11,,4,14,0,0,0,0,0,0,1,1,2,1,3,1,,1,21009
1998,11,,3,9,1,1,0,0,0,0,1,1,2,1,3,1,36,2,21012
1998,11,,1,11,1,1,0,0,0,0,1,1,2,1,4,1,28,1,21012
1998,11,,6,19,0,0,0,0,0,0,1,1,2,3,4,1,69,2,21005
1998,11,,7,21,1,1,0,0,0,0,1,1,2,3,4,1,,1,21004
1998,11,,6,9,1,1,0,0,0,0,1,1,2,1,2,2,57,2,13049
1998,11,,7,9,1,1,0,0,0,0,2,1,2,1,7,1,35,2,21004
1998,11,,7,1,1,1,0,0,0,0,1,22,2,3,5,1,17,1,21003
1998,11,,5,16,1,1,0,0,0,0,1,1,2,1,3,1,45,1,21001
1998,11,,5,16,1,1,0,0,0,0,1,1,2,1,4,2,53,2,13025
1998,11,,1,3,1,0,1,0,0,0,1,1,2,3,7,2,48,1,13008
1998,11,,3,9,1,1,0,0,0,0,1,16,2,1,4,2,38,2,12030
1998,11,,1,20,1,0,1,0,0,0,2,1,2,3,4,1,62,2,12025
1998,11,,6,15,1,1,0,0,0,0,1,21,2,1,5,1,55,2,12040
1998,11,,7,15,1,1,0,0,0,0,1,16,2,1,4,1,16,2,25112
1998,11,,2,16,0,0,0,0,0,0,1,1,1,1,3,2,48,1,25091
1998,11,,1,19,1,0,1,0,0,0,1,22,2,3,5,2,53,2,25110
1998,11,,1,22,1,1,0,0,0,0,1,16,2,3,8,1,52,2,25091
1998,11,,2,13,0,0,0,0,0,0,1,1,2,1,3,2,58,2,24104
1998,11,,3,14,0,0,0,0,0,0,1,1,2,1,4,2,54,1,24107
1998,11,,3,14,1,1,0,0,0,0,1,13,2,1,4,2,35,1,24107
1998,11,,2,18,1,1,0,0,0,0,1,18,2,1,2,1,17,2,24062
1998,11,,7,22,0,0,0,0,0,0,1,1,2,3,2,1,20,2,24062
1998,11,,4,10,1,1,0,0,0,0,1,1,2,1,2,1,20,1,24062
1998,11,,1,6,1,1,0,0,0,0,1,6,1,3,3,2,24,1,24008
1998,11,,4,18,1,1,0,0,0,0,1,1,2,2,5,1,38,1,23077
1998,11,,6,2,0,0,0,0,0,0,1,1,2,3,4,1,53,1,23088
1998,11,,7,17,0,0,0,0,0,0,1,1,2,1,5,1,61,1,23077
1998,11,,1,9,1,1,0,0,0,0,1,18,2,2,4,2,15,2,23050
1998,11,,3,11,0,0,0,0,0,0,1,7,2,1,4,2,40,1,92137
1998,11,,3,20,1,1,0,0,0,0,2,4,2,4,3,2,27,2,56085
1998,11,,3,19,1,1,0,0,0,0,2,1,2,4,3,2,40,2,93088
1998,11,,1,18,0,0,0,0,0,0,1,2,2,2,4,1,43,1,92094
1998,11,,6,19,1,1,0,0,0,0,1,22,2,3,5,1,48,2,92094
1998,11,,6,12,1,1,0,0,0,0,1,3,2,1,4,2,25,2,92094
1998,11,,7,15,1,0,1,0,0,0,1,1,2,1,8,2,36,1,82032
1998,11,,1,20,1,0,1,0,0,0,2,1,2,3,3,1,40,1,83028
1998,11,,3,15,0,0,0,0,0,0,1,4,2,1,4,2,43,1,81001
1998,11,,6,0,1,1,0,0,0,0,1,1,2,4,7,2,45,1,73066
1998,11,,7,17,1,1,0,0,0,0,2,1,2,1,4,2,9,2,72021
1998,11,,6,18,0,0,0,0,0,0,1,4,2,2,4,2,24,1,72020
1998,11,,2,18,0,0,0,0,0,0,1,1,2,3,3,2,18,1,73006
1998,11,,4,9,1,1,0,0,0,0,1,1,2,1,4,2,36,2,71057
1998,11,,3,21,1,1,0,0,0,0,2,1,2,3,4,2,16,2,71022
1998,11,,1,16,1,1,0,0,0,0,1,1,2,1,4,2,41,2,71016
1998,11,,2,17,0,0,0,0,0,0,1,1,2,1,3,2,25,1,71017
1998,11,,1,23,1,1,0,0,0,0,2,1,2,3,4,2,25,2,71022
1998,11,,6,15,1,1,0,0,0,0,2,1,2,1,2,1,,1,63079
1998,11,,4,6,1,1,0,0,0,0,2,1,2,3,7,2,36,1,71011
1998,11,,3,13,1,1,0,0,0,0,1,1,2,1,4,2,54,1,63075
1998,11,,5,19,1,1,0,0,0,0,2,1,2,3,3,1,24,2,62096
1998,11,,6,19,1,1,0,0,0,0,1,1,2,3,3,1,42,1,62063
1998,11,,4,22,1,1,0,0,0,0,2,1,1,3,3,2,,2,62022
1998,11,,6,3,1,0,1,0,0,0,1,1,2,3,7,2,32,2,61043
1998,11,,5,20,1,1,0,0,0,0,1,1,2,3,7,2,38,1,61072
1998,11,,3,19,0,0,0,0,0,0,1,,2,3,3,2,,,56051
1998,11,,5,18,1,1,0,0,0,0,1,15,2,3,4,1,,1,55023
1998,11,,7,13,1,1,0,0,0,0,1,1,2,1,4,1,43,1,53065
1998,11,,2,13,1,1,0,0,0,0,1,1,2,1,4,1,60,2,52021
1998,11,,2,13,0,0,0,0,0,0,1,1,2,1,4,1,38,2,52021
1998,11,,2,2,0,0,0,0,0,0,1,1,2,3,3,1,48,2,52011
1998,11,,5,20,0,0,0,0,0,0,1,1,1,3,1,2,43,2,52011
1998,11,,2,17,0,0,0,0,0,0,1,1,2,1,5,1,32,2,52011
1998,11,,4,20,0,0,0,0,0,0,1,4,2,3,4,1,34,1,52011
1998,11,,2,22,0,0,0,0,0,0,1,2,2,3,7,1,30,1,52011
1998,11,,7,2,1,0,0,0,1,1,1,1,2,3,4,2,30,1,52010
1998,11,,7,17,0,0,0,0,0,0,1,1,2,3,3,2,26,1,46014
1998,11,,7,21,1,1,0,0,0,0,2,1,1,3,3,2,27,1,44043
1998,11,,3,19,0,0,0,0,0,0,1,,2,3,3,2,,,44052
1998,11,,3,13,0,0,0,0,0,0,1,1,2,1,2,1,40,1,44021
1998,11,,4,0,1,1,0,0,0,0,2,1,2,3,2,1,21,1,44021
1998,11,,5,18,0,0,0,0,0,0,1,1,2,3,2,1,25,2,44021
1998,11,,3,22,1,1,0,0,0,0,1,1,2,3,4,2,27,1,43010
1998,11,,2,9,0,0,0,0,0,0,1,1,2,1,4,1,49,1,41048
1998,11,,7,18,1,1,0,0,0,0,2,2,2,2,7,2,41,2,41002
1998,11,,7,16,0,0,0,0,0,0,1,1,2,1,4,1,19,1,41048
1998,11,,2,11,1,1,0,0,0,0,2,1,2,1,4,2,0,2,37015
1998,11,,7,3,1,1,0,0,0,0,2,1,2,4,7,2,17,2,38008
1998,11,,2,16,0,0,0,0,0,0,1,1,2,1,3,1,57,1,41002
1998,11,,4,11,1,1,0,0,0,0,1,22,2,1,5,1,69,1,36006
1998,11,,6,22,1,1,0,0,0,0,2,1,2,3,4,2,,2,36007
1998,11,,7,4,1,1,0,0,0,0,1,1,2,3,4,1,19,2,35005
1998,11,,2,9,1,1,0,0,0,0,1,18,2,1,3,1,13,2,34022
1998,11,,2,15,0,0,0,0,0,0,1,4,2,1,3,1,,,34022
1998,11,,5,13,0,0,0,0,0,0,1,1,2,1,5,1,,,33011
1998,11,,4,18,1,1,0,0,0,0,1,1,2,2,4,2,33,2,32010
1998,11,,1,14,1,1,0,0,0,0,2,1,2,1,1,2,24,1,31033
1998,12,,4,14,1,1,0,0,0,0,2,1,2,1,3,2,4,2,31012
1998,12,,3,7,0,0,0,0,0,0,1,1,2,3,4,1,39,1,34013
1998,12,,5,10,1,1,0,0,0,0,2,1,2,1,4,2,27,2,34027
1998,12,,3,15,1,1,0,0,0,0,1,15,2,1,4,1,17,1,34022
1998,12,,2,11,0,0,0,0,0,0,1,15,2,1,4,2,24,2,34040
1998,12,,2,14,1,1,0,0,0,0,1,1,2,1,4,1,72,2,36015
1998,12,,3,18,0,0,0,0,0,0,1,1,2,2,2,1,54,1,41002
1998,12,,5,7,1,1,0,0,0,0,1,1,1,3,4,2,35,2,41002
1998,12,,6,17,1,1,0,0,0,0,1,2,2,1,2,1,41,1,41002
1998,12,,7,21,0,0,0,0,0,0,1,1,2,3,3,2,41,1,41048
1998,12,,3,2,1,0,0,0,1,1,1,1,2,3,7,1,31,1,44021
1998,12,,4,9,1,1,0,0,0,0,1,16,2,1,4,1,18,2,44013
1998,12,,3,19,0,0,0,0,0,0,1,1,2,2,4,1,20,1,44021
1998,12,,7,7,1,1,0,0,0,0,1,1,2,3,6,2,30,1,44064
1998,12,,6,6,1,1,0,0,0,0,2,1,1,4,7,2,32,1,45017
1998,12,,3,0,0,0,0,0,0,0,1,1,2,3,3,2,24,2,44081
1998,12,,1,18,1,0,0,0,1,1,1,15,2,3,4,1,25,2,46014
1998,12,,5,8,1,1,0,0,0,0,1,18,2,3,4,1,35,1,45041
1998,12,,7,4,1,0,1,0,0,0,1,22,2,3,5,1,22,2,46021
1998,12,,4,18,1,1,0,0,0,0,1,1,2,3,7,2,22,1,46025
1998,12,,6,18,1,1,0,0,0,0,2,1,2,3,4,2,23,2,46021
1998,12,,6,19,1,1,0,0,0,0,2,1,2,3,3,2,,2,46025
1998,12,,5,19,1,0,0,1,0,1,1,22,2,3,5,1,66,1,52011
1998,12,,7,20,1,1,0,0,0,0,2,1,1,3,3,2,14,2,52011
1998,12,,6,16,1,1,0,0,0,0,1,1,2,1,3,2,44,1,46025