year,month,monthDay,weekDay,hour,numVictims,numSlightlyInjured,numSeverelyInjured,numMortallyInjured,numDiedWithin24Hours,numDiedWithin30Days,victimType,roadUserType,roadType,lightConditions,collisionType,areaType,age,sex,municipality
1998,12,,5,5,1,1,0,0,0,0,1,22,2,3,5,1,,,61024
1998,12,,2,17,1,0,1,0,0,0,2,14,2,1,4,1,,2,61041
1998,12,,2,8,1,0,1,0,0,0,1,22,2,3,5,1,17,2,62051
1998,12,,5,10,1,1,0,0,0,0,1,1,2,1,4,1,27,1,62063
1998,12,,5,17,1,1,0,0,0,0,1,6,2,4,7,2,48,1,63045
1998,12,,7,14,0,0,0,0,0,0,1,1,2,1,4,1,59,1,63040
1998,12,,3,21,1,1,0,0,0,0,1,1,2,4,7,2,41,1,63038
1998,12,,4,15,0,0,0,0,0,0,1,1,2,1,4,1,24,1,63079
1998,12,,5,8,1,1,0,0,0,0,1,1,2,3,3,2,36,2,64074
1998,12,,3,17,1,1,0,0,0,0,2,1,2,2,3,1,75,2,71016
1998,12,,7,14,0,0,0,0,0,0,1,2,2,1,4,2,33,1,71016
1998,12,,5,8,0,0,0,0,0,0,1,2,2,2,4,1,33,1,71022
1998,12,,3,15,0,0,0,0,0,0,1,4,2,1,3,2,29,1,71022
1998,12,,6,11,1,1,0,0,0,0,1,1,2,1,4,2,62,1,71053
1998,12,,4,18,1,1,0,0,0,0,1,1,2,3,3,2,23,2,73022
1998,12,,6,12,0,0,0,0,0,0,1,1,2,1,4,1,64,1,72020
1998,12,,1,23,1,1,0,0,0,0,1,1,2,3,3,2,29,2,72029
1998,12,,3,12,1,1,0,0,0,0,2,1,2,1,3,2,21,1,81001
1998,12,,6,15,0,0,0,0,0,0,1,6,2,1,2,2,45,1,85045
1998,12,,4,11,0,0,0,0,0,0,1,1,2,1,4,1,25,1,91114
1998,12,,4,18,0,0,0,0,0,0,1,15,2,3,3,1,20,1,92137
1998,12,,4,8,1,0,1,0,0,0,2,1,2,3,2,1,40,2,54010
1998,12,,6,10,1,1,0,0,0,0,1,1,2,1,4,1,30,2,23077
1998,12,,5,15,1,0,0,0,1,1,1,22,2,1,5,2,88,1,23101
1998,12,,4,9,1,1,0,0,0,0,1,18,2,1,4,1,15,2,24020
1998,12,,4,14,0,0,0,0,0,0,1,7,1,1,3,2,28,1,23099
1998,12,,7,16,1,1,0,0,0,0,1,15,2,1,4,1,51,1,24020
1998,12,,4,11,0,0,0,0,0,0,1,1,2,1,4,1,25,1,24062
1998,12,,3,12,0,0,0,0,0,0,1,1,2,1,4,1,66,1,24038
1998,12,,6,12,1,1,0,0,0,0,1,1,2,1,3,2,44,1,24104
1998,12,,2,19,0,0,0,0,0,0,1,1,2,3,2,1,65,1,25091
1998,12,,2,1,1,0,1,0,0,0,1,1,2,3,6,1,22,1,25105
1998,12,,6,4,1,1,0,0,0,0,2,1,2,3,7,2,40,1,12025
1998,12,,1,7,1,1,0,0,0,0,1,1,2,3,7,1,38,2,13004
1998,12,,3,12,0,0,0,0,0,0,1,1,2,1,4,2,43,1,12029
1998,12,,6,11,1,1,0,0,0,0,2,1,2,1,4,1,3,1,13014
1998,12,,2,4,1,1,0,0,0,0,2,1,1,4,3,2,21,1,13010
1998,12,,5,14,1,1,0,0,0,0,1,1,2,1,3,1,35,2,13046
1998,12,,4,16,1,1,0,0,0,0,1,1,2,1,4,1,57,1,21001
1998,12,,1,23,1,1,0,0,0,0,1,1,2,3,2,1,36,1,21004
1998,12,,1,13,0,0,0,0,0,0,1,1,1,1,4,2,26,1,21007
1998,12,,7,22,1,1,0,0,0,0,1,1,2,3,4,1,26,1,21009
1998,12,,3,12,0,0,0,0,0,0,1,1,2,1,4,1,33,1,21015
1998,12,,1,16,0,0,0,0,0,0,1,1,2,1,5,1,49,1,31005
1998,12,,2,13,1,1,0,0,0,0,1,1,2,1,2,2,25,2,31005
1998,12,,6,0,1,1,0,0,0,0,1,1,2,3,7,2,32,1,11022
1998,12,,7,0,1,1,0,0,0,0,2,1,1,4,3,2,35,1,11024
1998,12,,5,9,1,1,0,0,0,0,1,18,2,3,4,1,82,1,11025
1998,12,,4,14,1,1,0,0,0,0,1,15,2,1,4,1,20,2,11050
1998,12,,2,17,1,1,0,0,0,0,1,1,2,1,3,2,42,2,12007
1998,12,,4,16,1,0,1,0,0,0,1,1,2,1,4,2,25,1,11002
1998,12,,5,13,1,1,0,0,0,0,1,1,2,1,2,1,38,1,11002
1998,12,,1,10,0,0,0,0,0,0,1,1,1,1,4,2,52,1,11002
1999,1,,5,8,0,0,0,0,0,0,1,6,2,2,4,2,35,1,25123
1999,1,,5,21,1,1,0,0,0,0,1,1,2,3,7,2,43,2,25123
1999,1,,6,14,0,0,0,0,0,0,1,1,1,1,7,2,38,2,11002
1999,1,,2,14,0,0,0,0,0,0,1,7,1,1,1,2,51,1,11002
1999,1,,6,14,1,1,0,0,0,0,1,1,2,1,3,2,26,1,12025
1999,1,,4,13,1,1,0,0,0,0,1,1,2,1,3,1,18,2,12005
1999,1,,4,9,0,0,0,0,0,0,1,4,2,1,4,2,43,1,11055
1999,1,,3,15,1,1,0,0,0,0,1,22,2,1,5,1,72,2,11002
1999,1,,7,17,1,1,0,0,0,0,1,1,2,1,3,1,29,2,31005
1999,1,,1,20,0,0,0,0,0,0,1,1,2,3,5,1,40,,21013
1999,1,,4,17,0,0,0,0,0,0,1,1,2,1,4,1,27,2,21009
1999,1,,1,19,0,0,0,0,0,0,1,6,1,1,4,2,32,1,21007
1999,1,,1,19,1,1,0,0,0,0,2,1,2,3,3,1,77,2,21004
1999,1,,5,4,1,1,0,0,0,0,1,1,2,3,4,1,26,2,21004
1999,1,,4,19,1,1,0,0,0,0,1,1,2,3,3,1,25,1,21004
1999,1,,5,4,1,1,0,0,0,0,1,1,2,3,7,1,24,2,13025
1999,1,,1,19,0,0,0,0,0,0,1,1,2,3,3,1,71,1,13031
1999,1,,1,14,0,0,0,0,0,0,1,1,2,1,4,1,60,2,13040
1999,1,,6,1,1,1,0,0,0,0,1,1,2,3,2,2,36,1,13008
1999,1,,6,15,1,1,0,0,0,0,2,1,2,1,4,2,11,1,13017
1999,1,,6,15,1,1,0,0,0,0,2,1,2,1,4,2,11,2,13008
1999,1,,4,21,0,0,0,0,0,0,1,1,2,3,2,1,31,1,25072
1999,1,,6,20,1,0,1,0,0,0,1,22,2,3,5,1,39,2,25110
1999,1,,2,12,0,0,0,0,0,0,1,1,2,1,7,1,49,2,24062
1999,1,,6,3,1,0,1,0,0,0,1,1,2,3,7,2,25,1,24134
1999,1,,6,12,0,0,0,0,0,0,1,1,2,1,4,2,47,1,24045
1999,1,,1,9,0,0,0,0,0,0,1,1,2,2,4,2,59,1,24048
1999,1,,1,5,1,0,1,0,0,0,1,1,1,3,7,2,53,1,23098
1999,1,,2,17,0,0,0,0,0,0,1,1,2,1,4,2,63,1,24001
1999,1,,3,18,1,1,0,0,0,0,1,18,2,2,2,1,13,1,23099
1999,1,,3,15,0,0,0,0,0,0,1,1,2,1,1,2,32,1,23101
1999,1,,4,20,0,0,0,0,0,0,1,1,2,2,5,1,34,1,23086
1999,1,,3,20,0,0,0,0,0,0,1,2,2,3,4,2,58,1,23094
1999,1,,5,18,0,0,0,0,0,0,1,1,2,3,3,2,68,1,23052
1999,1,,2,11,0,0,0,0,0,0,1,1,1,1,3,2,62,1,23002
1999,1,,6,11,1,0,1,0,0,0,1,14,2,1,4,2,23,1,11057
1999,1,,6,15,1,0,1,0,0,0,1,22,2,1,7,1,77,2,72039
1999,1,,4,17,0,0,0,0,0,0,1,1,2,1,3,2,22,1,72038
1999,1,,6,17,0,0,0,0,0,0,1,1,2,1,5,1,35,2,41082
1999,1,,4,21,1,0,1,0,0,0,1,1,2,3,8,2,22,1,61080
1999,1,,4,18,1,1,0,0,0,0,1,1,2,1,4,2,,2,51065
1999,1,,3,13,0,0,0,0,0,0,1,1,2,1,3,2,75,1,62121
1999,1,,3,22,0,0,0,0,0,0,1,1,2,3,2,2,62,1,51065
1999,1,,5,19,0,0,0,0,0,0,1,1,2,3,4,1,35,1,56086
1999,1,,3,18,0,0,0,0,0,0,1,1,2,2,3,1,48,1,62120
1999,1,,3,20,1,0,1,0,0,0,1,15,2,4,3,2,17,1,92094
1999,1,,5,15,1,1,0,0,0,0,2,1,1,1,4,2,72,2,92114
1999,1,,5,17,0,0,0,0,0,0,1,1,2,1,5,1,60,1,92094
1999,1,,3,11,0,0,0,0,0,0,1,1,2,1,4,1,53,1,93014
1999,1,,5,14,1,1,0,0,0,0,1,7,2,1,4,1,31,1,92094
1999,1,,5,14,0,0,0,0,0,0,1,6,2,1,4,1,,,83034
1999,1,,6,20,1,1,0,0,0,0,2,1,1,1,7,2,73,1,84043
1999,1,,5,4,1,0,1,0,0,0,1,1,2,3,4,1,28,2,73107
1999,1,,6,19,1,1,0,0,0,0,1,22,2,2,5,1,76,2,73083
1999,1,,1,15,0,0,0,0,0,0,1,7,1,1,3,2,42,1,81001
1999,1,,6,11,0,0,0,0,0,0,1,1,2,1,4,2,58,1,73083
1999,1,,5,18,0,0,0,0,0,0,1,2,2,1,5,2,20,1,72029
1999,1,,5,12,0,0,0,0,0,0,1,1,2,1,4,1,71,1,71024
1999,1,,6,21,1,0,0,0,1,1,1,1,2,4,7,2,63,1,63086
1999,1,,6,20,1,0,1,0,0,0,2,1,2,3,2,2,14,2,63048
1999,1,,4,1,1,1,0,0,0,0,1,1,2,3,7,1,28,1,62118
1999,1,,7,9,0,0,0,0,0,0,1,1,2,1,7,1,18,1,63067
1999,1,,7,20,1,1,0,0,0,0,2,1,1,3,4,2,18,2,62108
1999,1,,6,19,0,0,0,0,0,0,1,1,2,3,4,1,21,2,62063
1999,1,,4,12,0,0,0,0,0,0,1,1,2,1,3,1,49,1,62063
1999,1,,4,8,0,0,0,0,0,0,1,1,2,3,4,1,51,1,62063
1999,1,,5,18,0,0,0,0,0,0,1,1,2,2,4,1,,,62003
1999,1,,1,0,1,1,0,0,0,0,1,1,2,3,4,1,29,1,61031
1999,1,,5,19,1,1,0,0,0,0,1,1,2,3,7,1,45,1,56049
1999,1,,1,10,0,0,0,0,0,0,1,1,2,1,2,1,33,1,52025
1999,1,,7,9,1,1,0,0,0,0,1,1,2,1,4,1,39,2,52011
1999,1,,2,19,0,0,0,0,0,0,1,2,2,3,3,1,43,1,52011
1999,1,,1,22,0,0,0,0,0,0,1,1,2,3,4,1,16,1,52011
1999,1,,5,21,1,1,0,0,0,0,1,18,2,3,4,1,16,2,46021
1999,1,,1,7,0,0,0,0,0,0,1,4,2,3,7,2,22,1,46014
1999,1,,6,15,0,0,0,0,0,0,1,1,2,1,3,1,,2,46021
1999,1,,4,12,0,0,0,0,0,0,1,1,2,1,3,1,52,1,46021
1999,1,,1,9,1,0,1,0,0,0,1,22,2,2,5,1,57,2,46021
1999,1,,4,17,0,0,0,0,0,0,1,2,1,1,4,2,56,1,46003
1999,1,,4,20,1,0,1,0,0,0,1,16,2,3,2,2,16,1,44052
1999,1,,3,14,1,1,0,0,0,0,2,1,2,1,3,1,39,2,44043
1999,1,,3,15,1,1,0,0,0,0,1,1,2,1,4,2,29,1,44043
1999,1,,1,22,1,1,0,0,0,0,1,22,2,3,5,1,32,1,42025
1999,1,,7,1,1,1,0,0,0,0,2,1,2,3,3,2,25,2,43010
1999,1,,4,8,0,0,0,0,0,0,1,4,2,1,4,1,40,2,42006
1999,1,,6,15,1,1,0,0,0,0,1,3,2,1,4,1,32,1,41002
1999,1,,7,6,1,1,0,0,0,0,1,1,2,3,4,1,34,2,36015
1999,1,,5,9,0,0,0,0,0,0,1,1,2,2,3,1,19,1,35013
1999,1,,5,7,1,1,0,0,0,0,1,1,1,3,7,2,32,1,35013
1999,1,,2,19,0,0,0,0,0,0,1,2,2,1,2,1,31,2,34022
1999,1,,2,19,1,1,0,0,0,0,1,18,2,1,2,1,15,2,34022
1999,1,,2,9,0,0,0,0,0,0,1,1,2,2,2,2,33,2,34003
1999,1,,5,23,0,0,0,0,0,0,1,1,2,3,4,1,26,1,33011
1999,1,,4,12,1,1,0,0,0,0,2,1,2,1,3,2,47,2,31022
1999,2,,3,19,0,0,0,0,0,0,1,1,2,1,4,1,81,1,31033
1999,2,,1,18,0,0,0,0,0,0,1,1,2,1,2,1,52,1,34002
1999,2,,2,18,0,0,0,0,0,0,1,1,2,1,4,2,19,1,33011
1999,2,,7,18,0,0,0,0,0,0,1,1,2,1,4,1,28,2,34022
1999,2,,2,15,1,1,0,0,0,0,2,1,2,1,3,2,64,2,34025
1999,2,,3,17,1,1,0,0,0,0,1,1,2,1,3,1,27,1,36015
1999,2,,4,13,0,0,0,0,0,0,1,4,2,1,3,2,26,1,37018
1999,2,,5,16,1,1,0,0,0,0,2,4,2,1,4,1,7,1,41002
1999,2,,7,11,1,0,1,0,0,0,1,1,2,1,4,1,53,1,42006
1999,2,,1,12,0,0,0,0,0,0,1,1,2,1,4,1,25,1,44001
1999,2,,1,15,1,1,0,0,0,0,1,22,2,1,5,1,74,2,43005
1999,2,,6,6,1,1,0,0,0,0,1,1,1,4,7,2,28,1,44001
1999,2,,5,19,1,1,0,0,0,0,1,1,2,3,3,2,30,1,44019
1999,2,,3,19,0,0,0,0,0,0,1,15,2,2,4,1,,2,46021
1999,2,,2,8,0,0,0,0,0,0,1,1,2,1,2,1,,,52011
1999,2,,2,7,1,1,0,0,0,0,1,1,2,4,5,1,26,2,52011
1999,2,,6,9,0,0,0,0,0,0,1,1,1,1,3,2,40,1,52011
1999,2,,3,14,1,1,0,0,0,0,1,1,2,1,4,2,29,2,53053
1999,2,,2,20,1,1,0,0,0,0,1,1,2,3,7,1,50,1,53053
1999,2,,6,11,1,1,0,0,0,0,1,1,1,1,7,2,40,1,52063
1999,2,,5,12,1,1,0,0,0,0,1,16,2,1,4,1,73,1,55022
1999,2,,4,23,1,1,0,0,0,0,1,1,2,3,7,2,26,2,57081
1999,2,,6,0,1,1,0,0,0,0,2,1,2,3,7,1,18,1,57072
1999,2,,5,8,1,1,0,0,0,0,1,1,2,1,7,2,19,2,61048
1999,2,,3,9,1,1,0,0,0,0,1,2,2,1,6,2,21,2,61010
1999,2,,6,21,0,0,0,0,0,0,1,1,2,3,4,1,20,2,61031
1999,2,,7,20,0,0,0,0,0,0,1,1,2,3,7,1,30,1,62063
1999,2,,4,16,1,0,1,0,0,0,1,22,2,1,5,1,14,1,62063
1999,2,,6,7,1,1,0,0,0,0,1,1,2,2,4,1,21,2,62108
1999,2,,3,10,1,1,0,0,0,0,1,22,2,1,5,1,40,1,62096
1999,2,,7,12,1,1,0,0,0,0,2,1,2,1,2,1,58,2,63079
1999,2,,3,15,0,0,0,0,0,0,1,7,1,1,3,2,33,1,63004
1999,2,,3,13,0,0,0,0,0,0,1,4,2,1,4,1,39,1,71016
1999,2,,6,13,1,1,0,0,0,0,2,1,2,1,3,2,43,2,71053
1999,2,,6,21,1,1,0,0,0,0,2,2,2,3,4,2,19,2,71022
1999,2,,6,17,1,1,0,0,0,0,2,1,2,1,3,2,35,2,72020
1999,2,,6,18,1,0,0,0,1,1,1,1,2,1,4,2,42,1,85009
1999,2,,7,4,0,0,0,0,0,0,1,1,2,4,4,2,22,1,92035
1999,2,,1,10,1,1,0,0,0,0,1,1,2,1,7,2,38,2,91120
1999,2,,7,1,0,0,0,0,0,0,1,2,2,3,3,2,24,1,91059
1999,2,,6,17,1,1,0,0,0,0,1,1,2,1,4,2,42,1,62121
1999,2,,1,18,1,1,0,0,0,0,2,1,2,,7,1,19,2,52075
1999,2,,5,15,0,0,0,0,0,0,1,9,2,1,3,2,50,1,82037
1999,2,,6,18,1,1,0,0,0,0,1,16,2,2,4,1,75,2,23002
1999,2,,1,9,1,1,0,0,0,0,1,1,2,2,4,1,25,2,23027
1999,2,,7,12,0,0,0,0,0,0,1,1,2,1,3,2,,2,23044
1999,2,,5,16,1,1,0,0,0,0,1,1,2,1,2,1,,2,23094
1999,2,,2,13,0,0,0,0,0,0,1,2,1,1,3,2,28,1,23094
1999,2,,5,9,1,1,0,0,0,0,1,2,1,1,3,2,31,2,23094
1999,2,,5,17,1,1,0,0,0,0,1,1,2,1,2,2,19,2,24009
1999,2,,3,17,1,1,0,0,0,0,1,1,1,1,1,2,44,1,24062
1999,2,,2,18,0,0,0,0,0,0,1,1,2,3,4,1,47,2,24062
1999,2,,2,18,1,1,0,0,0,0,1,1,2,3,3,1,59,2,25014
1999,2,,7,11,1,1,0,0,0,0,2,1,2,1,3,2,,2,24135
1999,2,,1,17,1,1,0,0,0,0,2,15,2,1,8,2,33,2,24109
1999,2,,5,17,0,0,0,0,0,0,1,1,2,1,3,2,21,1,12026
1999,2,,3,21,1,1,0,0,0,0,1,1,2,3,4,2,22,1,13011
1999,2,,7,6,1,1,0,0,0,0,1,1,2,4,7,2,20,1,13008
1999,2,,2,13,1,1,0,0,0,0,2,1,2,1,3,1,17,1,13011
1999,2,,6,13,1,1,0,0,0,0,1,1,1,1,7,2,60,2,13011
1999,2,,3,15,1,1,0,0,0,0,2,1,2,1,3,2,68,2,13008
1999,2,,7,14,1,1,0,0,0,0,2,1,1,1,7,2,2,1,13036
1999,2,,6,17,0,0,0,0,0,0,1,2,2,1,3,1,47,1,13049
1999,2,,5,17,1,1,0,0,0,0,1,1,2,1,2,1,57,1,21007
1999,2,,2,11,1,1,0,0,0,0,1,22,2,1,5,2,39,1,21004
1999,2,,6,11,1,1,0,0,0,0,1,2,2,1,2,1,44,1,21004
1999,2,,1,16,0,0,0,0,0,0,1,2,2,1,4,1,,1,21008
1999,2,,4,6,1,1,0,0,0,0,1,1,2,3,7,1,30,1,21009
1999,2,,6,16,1,0,1,0,0,0,2,1,2,1,7,1,29,2,21019
1999,2,,3,13,1,1,0,0,0,0,1,18,2,1,4,1,15,2,31005
1999,2,,3,13,0,0,0,0,0,0,1,4,2,1,3,1,58,2,11007
1999,2,,1,3,1,1,0,0,0,0,1,7,1,4,7,2,43,1,11040
1999,2,,2,8,1,1,0,0,0,0,2,10,2,2,2,1,16,2,11053
1999,2,,7,14,0,0,0,0,0,0,1,1,2,1,4,2,43,1,12021
1999,2,,7,5,1,1,0,0,0,0,1,1,2,3,4,2,30,1,12014
1999,2,,4,7,0,0,0,0,0,0,1,1,2,3,4,1,24,1,11002
1999,2,,3,21,0,0,0,0,0,0,1,1,1,3,3,2,46,1,11001
1999,2,,1,8,1,1,0,0,0,0,1,1,2,3,4,1,43,1,11002
1999,2,,1,15,1,1,0,0,0,0,1,1,2,1,2,1,43,2,11002
1999,2,,2,8,1,1,0,0,0,0,1,1,1,1,3,2,49,1,11002
1999,2,,7,16,1,1,0,0,0,0,1,1,1,1,7,2,38,1,11002
1999,3,,5,18,1,1,0,0,0,0,1,14,2,1,4,1,30,1,25121
1999,3,,1,19,0,0,0,0,0,0,1,1,2,1,4,1,43,2,11002
1999,3,,1,11,1,1,0,0,0,0,1,1,1,1,4,2,62,2,11002
1999,3,,7,14,1,1,0,0,0,0,1,1,2,1,3,2,34,1,11002
1999,3,,2,11,0,0,0,0,0,0,1,6,2,1,4,2,36,1,11001
1999,3,,5,14,1,0,1,0,0,0,1,1,1,1,3,2,25,1,11002
1999,3,,7,15,1,1,0,0,0,0,1,18,2,1,4,1,48,2,11001
1999,3,,2,8,1,1,0,0,0,0,1,1,2,1,1,2,22,2,12021
1999,3,,3,9,1,1,0,0,0,0,1,1,2,1,3,2,35,2,12021
1999,3,,3,9,0,0,0,0,0,0,1,1,2,1,2,1,34,1,11055
1999,3,,3,21,1,1,0,0,0,0,1,1,1,3,7,2,31,1,11037
1999,3,,6,18,1,1,0,0,0,0,1,16,2,1,4,1,17,1,11008
1999,3,,6,17,0,0,0,0,0,0,1,1,2,1,4,1,38,1,11023
1999,3,,2,13,0,0,0,0,0,0,1,2,2,1,4,1,56,1,11013
1999,3,,3,18,1,1,0,0,0,0,1,1,2,1,3,1,20,2,11002
1999,3,,3,9,1,1,0,0,0,0,1,18,2,1,4,1,13,2,11005
1999,3,,7,17,1,1,0,0,0,0,2,1,2,1,4,1,20,2,11002
1999,3,,5,19,1,1,0,0,0,0,1,1,1,3,3,2,20,2,11002
1999,3,,1,10,1,1,0,0,0,0,1,18,2,1,4,1,16,1,31005
1999,3,,4,14,1,1,0,0,0,0,1,18,2,1,4,2,46,2,31005
1999,3,,4,18,0,0,0,0,0,0,1,1,2,1,3,1,32,1,31005
1999,3,,7,14,1,1,0,0,0,0,2,1,2,1,4,1,24,2,21012
1999,3,,3,20,1,1,0,0,0,0,1,1,2,1,4,1,20,1,21009
1999,3,,6,8,0,0,0,0,0,0,1,2,2,2,4,1,22,1,21009
1999,3,,7,15,1,1,0,0,0,0,2,1,2,1,3,1,58,2,21004
1999,3,,6,23,0,0,0,0,0,0,1,1,2,3,5,1,,1,21004
1999,3,,4,10,1,1,0,0,0,0,1,1,2,1,3,1,49,1,21004
1999,3,,2,17,0,0,0,0,0,0,1,1,2,1,4,1,60,1,21001
1999,3,,7,13,1,0,1,0,0,0,1,1,2,1,3,2,21,1,13035
1999,3,,7,15,1,1,0,0,0,0,1,18,2,1,4,2,67,2,13031
1999,3,,6,22,0,0,0,0,0,0,1,1,2,3,1,2,26,1,13025
1999,3,,4,17,0,0,0,0,0,0,1,1,2,1,3,1,,,13019
1999,3,,5,12,1,0,1,0,0,0,1,1,2,1,4,2,28,2,13017
1999,3,,1,16,0,0,0,0,0,0,1,6,2,1,3,2,29,1,12035
1999,3,,5,23,1,1,0,0,0,0,1,1,2,3,7,2,31,1,12029
1999,3,,1,9,1,1,0,0,0,0,1,1,1,1,1,2,23,2,12040
1999,3,,7,16,0,0,0,0,0,0,1,1,2,1,4,1,49,2,12025
1999,3,,6,16,1,0,1,0,0,0,1,1,2,1,7,2,34,1,25118
1999,3,,7,19,0,0,0,0,0,0,1,2,2,1,4,2,,,25018
1999,3,,1,10,0,0,0,0,0,0,1,1,2,1,4,1,85,1,25014
1999,3,,4,17,1,1,0,0,0,0,2,1,2,1,3,2,68,2,23101
1999,3,,2,12,1,1,0,0,0,0,1,1,2,1,3,1,71,1,23094
1999,3,,6,18,1,1,0,0,0,0,1,1,1,1,8,2,30,2,23088
1999,3,,6,9,0,0,0,0,0,0,1,1,2,1,4,2,30,2,23038
1999,3,,1,4,1,0,1,0,0,0,1,1,2,3,7,2,53,1,23033
1999,3,,3,14,0,0,0,0,0,0,1,1,2,1,5,1,57,2,92142
1999,3,,3,20,1,1,0,0,0,0,2,1,2,3,2,1,50,2,92137
1999,3,,1,7,0,0,0,0,0,0,1,8,2,3,3,2,34,1,72039
1999,3,,7,17,1,1,0,0,0,0,1,18,2,1,3,1,14,1,35029
1999,3,,5,13,1,1,0,0,0,0,1,1,2,1,4,2,27,2,32030
1999,3,,7,18,1,1,0,0,0,0,1,18,2,1,6,1,15,1,35029
1999,3,,5,18,1,1,0,0,0,0,1,2,2,1,2,2,41,1,91141
1999,3,,4,8,0,0,0,0,0,0,1,2,2,1,4,2,57,1,92006
1999,3,,3,0,1,0,0,0,1,1,1,14,2,4,7,2,31,1,92045
1999,3,,2,14,0,0,0,0,0,0,1,1,2,1,5,1,25,1,92048
1999,3,,1,16,0,0,0,0,0,0,1,1,2,1,4,1,31,1,92094
1999,3,,7,4,1,0,1,0,0,0,1,1,2,4,7,2,26,1,91114
1999,3,,1,8,1,1,0,0,0,0,2,6,2,1,2,2,23,1,85011
1999,3,,6,15,0,0,0,0,0,0,1,13,2,1,4,1,16,1,81015
1999,3,,7,21,1,1,0,0,0,0,1,1,2,3,4,2,20,1,73001
1999,3,,2,19,1,1,0,0,0,0,1,2,2,1,4,2,83,1,71022
1999,3,,4,8,1,0,1,0,0,0,2,14,2,1,4,2,19,2,71034
1999,3,,6,20,0,0,0,0,0,0,1,4,2,3,3,2,50,1,71066
1999,3,,3,9,0,0,0,0,0,0,1,1,1,1,3,2,29,1,71022
1999,3,,7,20,1,1,0,0,0,0,1,22,2,3,5,1,43,1,71022
1999,3,,5,18,1,0,0,1,0,1,1,1,2,2,4,1,78,1,64076
1999,3,,1,17,1,1,0,0,0,0,2,1,2,1,3,2,19,2,71016
1999,3,,5,12,1,1,0,0,0,0,1,22,2,1,5,1,70,2,63079
1999,3,,2,8,1,1,0,0,0,0,1,1,2,1,4,1,42,2,63049
1999,3,,5,16,0,0,0,0,0,0,1,1,2,1,4,1,,1,62063
1999,3,,6,22,1,1,0,0,0,0,1,22,2,3,5,1,29,1,62063
1999,3,,4,9,0,0,0,0,0,0,1,1,2,1,2,1,24,1,62051
1999,3,,6,23,0,0,0,0,0,0,1,1,2,3,4,1,23,1,61024
1999,3,,6,15,0,0,0,0,0,0,1,1,2,1,4,1,45,1,62015
1999,3,,1,10,1,1,0,0,0,0,1,1,2,1,4,1,23,1,56011
1999,3,,4,17,0,0,0,0,0,0,1,2,2,1,5,1,30,2,57003
1999,3,,3,11,1,1,0,0,0,0,2,1,2,1,3,1,62,2,55022
1999,3,,5,16,1,1,0,0,0,0,1,1,2,1,4,1,26,1,53070
1999,3,,7,17,0,0,0,0,0,0,1,1,2,1,5,1,33,1,53014
1999,3,,2,18,0,0,0,0,0,0,1,1,2,1,2,1,34,1,53065
1999,3,,2,12,0,0,0,0,0,0,1,1,2,1,2,1,33,1,52011
1999,3,,1,10,0,0,0,0,0,0,1,1,2,1,5,1,44,2,52011
1999,3,,4,20,1,1,0,0,0,0,1,1,1,3,3,2,20,2,52011
1999,3,,1,18,1,1,0,0,0,0,1,18,2,1,2,1,16,2,46014
1999,3,,5,18,0,0,0,0,0,0,1,1,2,1,2,2,19,1,44052
1999,3,,6,13,1,0,1,0,0,0,1,18,2,1,6,2,,1,44001
1999,3,,7,10,0,0,0,0,0,0,1,9,2,1,2,2,24,1,43002
1999,3,,5,16,0,0,0,0,0,0,1,1,2,1,4,1,45,2,42006
1999,3,,5,17,1,1,0,0,0,0,1,16,2,1,4,2,17,1,41034
1999,3,,3,17,1,1,0,0,0,0,1,1,2,1,3,2,31,1,41048
1999,3,,1,16,0,0,0,0,0,0,1,6,2,1,3,2,38,1,41048
1999,3,,1,14,1,1,0,0,0,0,1,15,2,1,2,2,37,2,41018
1999,3,,3,19,1,1,0,0,0,0,1,18,2,1,4,1,15,2,41002
1999,3,,1,18,1,1,0,0,0,0,1,18,2,1,4,1,62,2,38016
1999,3,,3,18,0,0,0,0,0,0,1,1,2,1,4,1,48,2,38016
1999,3,,5,16,0,0,0,0,0,0,1,1,2,1,2,1,50,2,38008
1999,3,,1,13,1,1,0,0,0,0,1,18,2,1,6,2,59,2,37002
1999,3,,3,15,1,1,0,0,0,0,2,1,2,1,3,1,22,2,36015
1999,3,,3,20,1,1,0,0,0,0,1,1,2,3,3,1,70,2,36015
1999,3,,3,15,0,0,0,0,0,0,1,4,2,1,4,1,13,1,36015
1999,3,,3,15,0,0,0,0,0,0,1,4,2,1,4,2,33,1,37007
1999,3,,1,8,0,0,0,0,0,0,1,4,1,2,1,2,27,1,34027
1999,3,,1,8,1,0,1,0,0,0,1,1,1,2,1,2,26,2,34027
1999,3,,6,14,0,0,0,0,0,0,1,1,2,1,4,1,79,2,33021
1999,3,,7,4,0,0,0,0,0,0,1,1,2,3,2,1,22,1,31022
1999,3,,6,15,1,1,0,0,0,0,1,1,2,1,3,2,33,2,31022
1999,4,,2,16,0,0,0,0,0,0,1,24,2,1,4,1,14,1,31043
1999,4,,5,11,1,1,0,0,0,0,2,1,2,1,4,1,16,1,31043
1999,4,,6,19,1,1,0,0,0,0,1,15,2,1,3,1,20,2,31043
1999,4,,3,14,1,1,0,0,0,0,1,15,2,1,3,1,17,1,33011
1999,4,,5,15,0,0,0,0,0,0,1,1,2,1,4,1,52,1,34027
1999,4,,1,23,0,0,0,0,0,0,1,1,2,3,5,1,68,2,34022