year,month,monthDay,weekDay,hour,numVictims,numSlightlyInjured,numSeverelyInjured,numMortallyInjured,numDiedWithin24Hours,numDiedWithin30Days,victimType,roadUserType,roadType,lightConditions,collisionType,areaType,age,sex,municipality
1999,4,,6,5,1,1,0,0,0,0,1,4,2,3,8,2,20,1,35011
1999,4,,5,19,1,1,0,0,0,0,2,17,2,1,3,2,26,2,34040
1999,4,,6,20,0,0,0,0,0,0,1,1,2,2,4,2,43,1,36006
1999,4,,3,17,1,1,0,0,0,0,2,1,2,1,4,2,42,2,38014
1999,4,,6,16,0,0,0,0,0,0,1,1,2,1,4,2,41,2,41024
1999,4,,2,1,1,1,0,0,0,0,1,2,2,3,3,1,36,1,41024
1999,4,,7,16,1,1,0,0,0,0,2,1,2,1,3,2,17,2,42010
1999,4,,4,15,1,1,0,0,0,0,1,16,2,1,7,2,16,1,42004
1999,4,,4,18,0,0,0,0,0,0,1,1,2,1,4,1,18,1,42006
1999,4,,6,12,0,0,0,0,0,0,1,1,2,1,4,1,48,2,43018
1999,4,,3,9,1,1,0,0,0,0,1,1,2,1,7,2,39,1,43010
1999,4,,2,20,1,1,0,0,0,0,1,18,2,3,4,1,32,2,44021
1999,4,,2,7,0,0,0,0,0,0,1,1,1,1,4,2,55,1,44013
1999,4,,6,0,1,1,0,0,0,0,1,1,2,3,4,1,22,1,44019
1999,4,,4,1,1,1,0,0,0,0,1,1,1,3,7,2,34,1,44021
1999,4,,3,18,0,0,0,0,0,0,1,4,2,1,4,2,28,1,44034
1999,4,,5,2,1,0,1,0,0,0,2,1,2,3,7,2,19,2,45057
1999,4,,5,18,0,0,0,0,0,0,1,4,2,1,4,1,41,1,45041
1999,4,,7,14,1,1,0,0,0,0,1,15,2,1,2,1,17,1,46021
1999,4,,7,7,1,1,0,0,0,0,1,1,1,1,7,2,27,1,46021
1999,4,,6,17,1,1,0,0,0,0,2,1,2,1,2,2,9,2,46021
1999,4,,6,23,1,0,0,0,1,1,2,1,2,3,3,1,18,2,46021
1999,4,,6,10,1,1,0,0,0,0,2,1,2,1,4,1,7,1,52011
1999,4,,2,13,1,1,0,0,0,0,1,22,2,1,5,1,38,2,52011
1999,4,,6,18,0,0,0,0,0,0,1,1,2,1,3,1,48,1,62032
1999,4,,1,14,1,1,0,0,0,0,1,18,2,1,4,1,55,1,62063
1999,4,,1,9,0,0,0,0,0,0,1,6,1,1,4,2,40,1,62118
1999,4,,3,15,1,1,0,0,0,0,1,6,2,1,2,2,52,1,62099
1999,4,,3,16,1,1,0,0,0,0,1,1,2,1,2,2,27,1,63072
1999,4,,1,18,1,1,0,0,0,0,1,22,2,1,5,1,6,1,63076
1999,4,,6,18,1,0,1,0,0,0,1,22,2,1,5,2,67,1,63084
1999,4,,3,12,1,1,0,0,0,0,2,1,2,1,3,2,55,2,71016
1999,4,,5,18,1,1,0,0,0,0,1,1,2,1,7,2,31,2,71022
1999,4,,4,16,0,0,0,0,0,0,1,4,2,1,2,2,25,2,71066
1999,4,,1,1,0,0,0,0,0,0,1,1,2,3,3,2,,,71053
1999,4,,1,17,1,1,0,0,0,0,1,18,2,1,4,2,30,2,72021
1999,4,,6,5,1,0,1,0,0,0,2,1,2,3,3,2,21,1,73066
1999,4,,5,9,1,0,1,0,0,0,1,1,1,1,7,2,42,1,91072
1999,4,,7,19,1,1,0,0,0,0,1,1,2,1,4,2,70,1,92048
1999,4,,3,8,1,1,0,0,0,0,1,1,2,1,3,1,36,1,92094
1999,4,,5,13,1,1,0,0,0,0,1,1,2,1,3,1,21,1,93056
1999,4,,2,21,1,0,1,0,0,0,2,1,2,2,2,2,57,2,53084
1999,4,,4,14,1,1,0,0,0,0,2,14,2,1,4,1,,1,45063
1999,4,,3,16,0,0,0,0,0,0,1,1,2,1,3,2,45,2,83055
1999,4,,5,20,1,0,1,0,0,0,1,1,2,1,7,2,18,1,92142
1999,4,,1,16,0,0,0,0,0,0,1,1,2,1,2,1,26,1,23027
1999,4,,2,19,0,0,0,0,0,0,1,7,1,1,3,2,28,1,23047
1999,4,,3,18,0,0,0,0,0,0,1,2,2,1,3,2,34,1,23027
1999,4,,7,6,1,0,1,0,0,0,1,1,1,3,7,2,45,1,23094
1999,4,,3,17,0,0,0,0,0,0,1,1,2,1,4,1,58,1,24062
1999,4,,4,18,1,1,0,0,0,0,1,1,2,1,3,2,34,1,24059
1999,4,,4,19,1,1,0,0,0,0,2,1,2,1,4,1,26,2,24062
1999,4,,7,12,0,0,0,0,0,0,1,1,2,1,4,1,37,1,25118
1999,4,,6,10,1,1,0,0,0,0,2,18,2,1,3,2,37,1,13001
1999,4,,3,8,1,1,0,0,0,0,1,1,2,1,3,1,30,2,13019
1999,4,,2,16,1,0,1,0,0,0,1,18,2,1,4,1,65,2,13004
1999,4,,6,3,1,1,0,0,0,0,1,15,2,3,7,1,18,1,13012
1999,4,,4,9,0,0,0,0,0,0,1,1,2,,4,1,25,2,13017
1999,4,,7,23,1,1,0,0,0,0,2,2,1,3,4,2,59,1,13049
1999,4,,2,16,1,1,0,0,0,0,2,1,2,1,6,1,16,1,21003
1999,4,,1,18,1,1,0,0,0,0,1,14,2,1,4,1,30,1,21004
1999,4,,4,13,1,1,0,0,0,0,1,22,2,1,4,1,20,1,21013
1999,4,,5,3,1,1,0,0,0,0,1,2,2,3,3,1,,1,21015
1999,4,,1,19,1,1,0,0,0,0,1,22,2,1,5,1,10,1,21012
1999,4,,5,16,0,0,0,0,0,0,1,1,2,1,3,1,30,1,31004
1999,4,,3,20,1,1,0,0,0,0,2,1,2,1,4,1,2,1,11002
1999,4,,5,16,0,0,0,0,0,0,1,1,2,1,4,1,28,2,11008
1999,4,,6,22,1,1,0,0,0,0,2,1,2,2,4,2,20,2,11029
1999,4,,4,17,0,0,0,0,0,0,1,1,2,1,4,1,60,1,11039
1999,4,,4,14,1,1,0,0,0,0,1,14,2,1,4,2,22,1,11037
1999,4,,5,17,0,0,0,0,0,0,1,18,2,1,2,2,18,1,11039
1999,4,,2,14,1,1,0,0,0,0,1,1,2,1,3,2,26,2,12021
1999,4,,3,16,1,1,0,0,0,0,1,1,2,1,3,2,56,2,12021
1999,4,,7,11,1,0,1,0,0,0,2,14,2,1,7,2,11,1,12021
1999,4,,6,17,0,0,0,0,0,0,1,1,2,1,4,1,32,1,12007
1999,4,,2,17,0,0,0,0,0,0,1,1,1,1,1,2,53,1,11002
1999,4,,5,10,1,1,0,0,0,0,1,18,2,1,4,1,70,1,11002
1999,4,,3,14,0,0,0,0,0,0,1,6,2,1,4,1,27,1,25121
1999,5,,5,16,1,1,0,0,0,0,1,1,2,1,3,2,57,2,11001
1999,5,,7,12,1,1,0,0,0,0,1,1,2,1,4,2,39,2,12014
1999,5,,3,16,1,1,0,0,0,0,2,1,2,1,3,2,24,2,11054
1999,5,,2,20,1,1,0,0,0,0,1,16,2,1,4,2,18,2,11055
1999,5,,2,17,1,1,0,0,0,0,1,18,2,1,4,1,14,1,11040
1999,5,,2,18,1,1,0,0,0,0,1,18,2,1,4,1,11,2,11040
1999,5,,7,21,1,1,0,0,0,0,1,16,2,1,4,1,18,1,11002
1999,5,,6,9,1,1,0,0,0,0,1,18,2,,4,1,15,1,11002
1999,5,,4,9,1,1,0,0,0,0,1,1,2,1,3,2,36,1,31005
1999,5,,4,18,0,0,0,0,0,0,1,1,2,1,4,1,20,2,21009
1999,5,,2,16,1,1,0,0,0,0,2,1,2,1,4,1,42,2,21009
1999,5,,3,12,0,0,0,0,0,0,1,1,2,1,5,1,35,2,21009
1999,5,,5,17,0,0,0,0,0,0,1,1,2,1,4,1,23,1,21001
1999,5,,2,21,1,1,0,0,0,0,1,23,2,1,3,2,16,1,13036
1999,5,,5,15,0,0,0,0,0,0,1,6,2,1,4,2,26,1,13014
1999,5,,2,18,0,0,0,0,0,0,1,1,2,1,4,1,55,1,12040
1999,5,,2,17,0,0,0,0,0,0,1,4,2,1,4,1,38,1,12040
1999,5,,2,15,1,1,0,0,0,0,1,1,1,1,3,2,57,2,25112
1999,5,,1,13,0,0,0,0,0,0,1,1,2,1,4,1,31,2,25014
1999,5,,7,2,1,0,1,0,0,0,1,1,2,3,6,2,23,1,24107
1999,5,,7,20,1,1,0,0,0,0,1,1,2,1,2,2,34,2,24104
1999,5,,4,16,1,1,0,0,0,0,1,1,2,1,3,2,20,2,24062
1999,5,,7,19,1,1,0,0,0,0,1,18,2,1,8,2,30,1,23077
1999,5,,1,11,0,0,0,0,0,0,1,1,1,1,6,2,47,1,23094
1999,5,,5,15,1,1,0,0,0,0,1,15,2,1,4,2,81,1,23086
1999,5,,4,20,1,1,0,0,0,0,1,14,2,1,4,2,21,1,23033
1999,5,,4,17,1,1,0,0,0,0,1,1,2,,3,2,51,2,23038
1999,5,,5,21,1,1,0,0,0,0,1,1,1,1,4,2,20,2,23016
1999,5,,6,5,1,0,1,0,0,0,1,1,2,3,7,2,28,1,72040
1999,5,,1,19,0,0,0,0,0,0,1,1,2,1,4,1,45,1,72039
1999,5,,4,17,1,1,0,0,0,0,1,18,2,1,4,1,35,2,37020
1999,5,,7,4,1,1,0,0,0,0,2,1,2,3,7,1,40,1,56086
1999,5,,6,11,1,1,0,0,0,0,2,1,2,1,4,1,40,2,92094
1999,5,,6,18,0,0,0,0,0,0,1,1,2,1,3,1,36,1,92094
1999,5,,3,19,1,0,1,0,0,0,1,18,2,1,4,1,7,1,85007
1999,5,,3,16,0,0,0,0,0,0,1,6,2,1,4,2,22,1,81004
1999,5,,1,13,1,0,0,0,1,1,1,22,2,1,5,1,2,2,81004
1999,5,,5,17,1,1,0,0,0,0,2,1,2,1,4,1,20,2,73107
1999,5,,6,18,1,1,0,0,0,0,1,16,2,1,4,2,24,1,81001
1999,5,,1,15,1,1,0,0,0,0,1,14,2,1,4,2,30,1,71022
1999,5,,7,19,1,1,0,0,0,0,1,16,2,1,4,2,17,2,71016
1999,5,,6,18,1,1,0,0,0,0,1,16,2,1,4,1,16,1,64034
1999,5,,7,23,0,0,0,0,0,0,1,1,2,3,2,1,35,1,63049
1999,5,,7,16,1,1,0,0,0,0,2,1,2,1,7,1,6,1,62096
1999,5,,5,0,1,1,0,0,0,0,1,16,2,3,4,1,17,1,62063
1999,5,,6,11,1,1,0,0,0,0,1,1,2,1,3,1,40,2,62063
1999,5,,7,23,1,1,0,0,0,0,1,1,2,3,6,1,42,1,62063
1999,5,,6,16,1,1,0,0,0,0,1,14,2,1,4,1,23,1,61068
1999,5,,3,21,0,0,0,0,0,0,1,1,2,2,2,2,23,1,62009
1999,5,,4,17,0,0,0,0,0,0,1,1,2,1,4,2,45,1,62009
1999,5,,2,0,1,1,0,0,0,0,1,22,2,3,5,1,67,1,62022
1999,5,,5,14,0,0,0,0,0,0,1,1,2,1,4,1,86,1,62009
1999,5,,6,11,0,0,0,0,0,0,1,1,2,1,4,1,30,1,57064
1999,5,,6,19,1,0,1,0,0,0,1,13,2,1,7,1,20,1,56005
1999,5,,1,8,1,0,1,0,0,0,1,4,1,1,7,2,51,1,57064
1999,5,,4,10,0,0,0,0,0,0,1,6,2,1,2,1,39,1,55022
1999,5,,4,18,0,0,0,0,0,0,1,18,2,1,4,1,17,1,53053
1999,5,,1,6,1,0,1,0,0,0,1,1,2,2,2,1,21,1,53053
1999,5,,3,17,1,1,0,0,0,0,1,13,2,1,4,1,29,1,52011
1999,5,,1,20,1,1,0,0,0,0,1,15,2,1,4,1,18,1,52012
1999,5,,7,19,1,1,0,0,0,0,1,1,2,1,4,1,34,1,52011
1999,5,,2,15,0,0,0,0,0,0,1,1,2,1,4,1,43,1,52011
1999,5,,7,4,0,0,0,0,0,0,1,1,1,3,3,2,29,2,52010
1999,5,,1,13,1,0,1,0,0,0,1,1,2,1,7,2,21,1,51004
1999,5,,6,18,1,1,0,0,0,0,1,15,2,1,2,1,17,1,52011
1999,5,,7,3,1,1,0,0,0,0,2,1,2,3,7,1,25,2,46024
1999,5,,1,23,0,0,0,0,0,0,1,1,2,3,3,1,,,44081
1999,5,,1,0,0,0,0,0,0,0,1,1,2,3,2,1,22,1,46003
1999,5,,4,4,2,2,0,0,0,0,2,1,1,3,7,2,16,1,46013
1999,5,,6,16,1,1,0,0,0,0,1,16,2,1,4,1,19,2,44034
1999,5,,1,10,0,0,0,0,0,0,1,7,2,1,3,2,44,1,44021
1999,5,,7,3,0,0,0,0,0,0,1,1,1,4,7,2,34,1,44021
1999,5,,7,18,0,0,0,0,0,0,1,1,2,1,4,2,22,1,44011
1999,5,,5,18,1,1,0,0,0,0,1,1,2,1,3,2,53,2,42006
1999,5,,1,21,1,0,1,0,0,0,2,14,2,1,4,2,40,2,42006
1999,5,,6,18,0,0,0,0,0,0,1,1,2,1,4,2,55,1,41048
1999,5,,7,18,2,2,0,0,0,0,2,1,2,1,4,1,,2,41048
1999,5,,1,6,1,1,0,0,0,0,1,1,2,3,7,2,28,1,37007
1999,5,,6,13,0,0,0,0,0,0,1,1,2,1,5,1,54,1,35013
1999,5,,5,19,1,1,0,0,0,0,2,1,1,1,3,2,6,2,35005
1999,5,,5,0,0,0,0,0,0,0,1,1,2,3,4,1,25,1,33029
1999,5,,2,15,1,0,1,0,0,0,1,18,2,1,3,1,52,1,33029
1999,5,,6,17,0,0,0,0,0,0,1,1,2,1,3,2,54,1,31040
1999,6,,4,13,1,1,0,0,0,0,1,15,2,1,4,1,18,1,31006
1999,6,,6,17,1,1,0,0,0,0,1,1,2,1,4,1,28,2,31043
1999,6,,7,5,1,1,0,0,0,0,1,1,2,3,4,2,38,1,31006
1999,6,,5,16,0,0,0,0,0,0,1,1,2,1,2,2,74,1,33029
1999,6,,5,21,0,0,0,0,0,0,1,1,2,1,4,1,35,1,34023
1999,6,,4,14,1,1,0,0,0,0,2,1,2,1,3,2,55,2,35005
1999,6,,3,21,1,1,0,0,0,0,1,15,2,1,4,1,23,2,35013
1999,6,,2,18,1,1,0,0,0,0,1,18,2,1,3,1,12,1,34042
1999,6,,6,2,0,0,0,0,0,0,1,1,2,3,2,1,29,1,36015
1999,6,,7,19,1,1,0,0,0,0,2,1,1,1,3,2,19,2,41002
1999,6,,5,21,0,0,0,0,0,0,1,4,2,1,4,1,26,1,37017
1999,6,,2,9,1,1,0,0,0,0,1,1,2,1,7,2,23,2,37015
1999,6,,4,10,1,1,0,0,0,0,1,1,2,1,3,1,19,2,41048
1999,6,,7,19,0,0,0,0,0,0,1,1,2,1,1,2,43,1,41002
1999,6,,1,20,1,1,0,0,0,0,1,1,2,1,4,2,30,1,41002
1999,6,,5,1,0,0,0,0,0,0,1,2,2,3,4,1,33,1,41002
1999,6,,6,2,1,1,0,0,0,0,1,1,2,3,7,2,22,1,41027
1999,6,,1,14,0,0,0,0,0,0,1,1,2,1,4,2,,1,42025
1999,6,,6,15,1,1,0,0,0,0,1,15,2,1,4,2,19,1,42008
1999,6,,3,19,0,0,0,0,0,0,1,1,1,1,3,2,21,1,44001
1999,6,,3,17,1,1,0,0,0,0,1,15,2,1,2,2,32,2,43010
1999,6,,3,1,1,0,1,0,0,0,1,1,2,3,4,2,,1,44001
1999,6,,1,13,1,1,0,0,0,0,1,1,2,1,4,1,47,1,42028
1999,6,,4,15,1,0,1,0,0,0,2,4,1,1,7,2,38,2,44012
1999,6,,4,10,1,1,0,0,0,0,1,1,2,1,3,2,21,2,44013
1999,6,,2,21,1,1,0,0,0,0,2,1,1,1,3,2,51,2,44021
1999,6,,2,9,1,1,0,0,0,0,1,1,2,1,3,2,32,2,44080
1999,6,,1,16,1,1,0,0,0,0,1,1,2,1,3,2,22,2,46021
1999,6,,3,9,1,0,1,0,0,0,1,15,2,1,4,1,24,2,46021
1999,6,,6,13,0,0,0,0,0,0,1,1,2,1,3,2,69,2,46025
1999,6,,2,17,1,1,0,0,0,0,2,15,2,1,4,1,44,2,52011
1999,6,,4,2,0,0,0,0,0,0,1,1,2,3,2,1,41,1,52011
1999,6,,4,14,1,1,0,0,0,0,1,15,2,1,4,1,30,2,52011
1999,6,,2,11,0,0,0,0,0,0,1,6,1,1,3,2,48,1,52011
1999,6,,6,21,1,1,0,0,0,0,1,14,2,1,2,1,24,1,52012
1999,6,,6,2,1,1,0,0,0,0,1,1,2,3,2,1,25,1,52012
1999,6,,3,18,0,0,0,0,0,0,1,1,2,1,3,2,28,1,54007
1999,6,,5,17,1,1,0,0,0,0,1,4,1,1,3,2,27,1,55010
1999,6,,6,17,0,0,0,0,0,0,1,1,2,1,5,1,57,1,54007
1999,6,,4,17,0,0,0,0,0,0,1,2,2,1,2,1,41,1,57081
1999,6,,2,12,1,1,0,0,0,0,1,14,2,1,4,1,44,1,62032
1999,6,,3,1,0,0,0,0,0,0,1,1,2,3,4,1,26,1,62063
1999,6,,2,9,0,0,0,0,0,0,1,1,2,1,3,1,61,2,62063
1999,6,,5,9,0,0,0,0,0,0,1,2,1,1,1,2,48,1,62063
1999,6,,6,19,1,1,0,0,0,0,1,1,2,1,2,1,22,1,62051
1999,6,,7,22,1,1,0,0,0,0,2,1,2,1,4,1,36,2,62096
1999,6,,5,14,1,1,0,0,0,0,1,1,2,1,3,1,51,1,62096
1999,6,,5,15,1,1,0,0,0,0,2,1,2,1,4,1,71,2,62063
1999,6,,5,18,1,0,0,0,1,1,2,1,2,1,4,2,65,2,63073
1999,6,,3,19,1,1,0,0,0,0,1,1,1,1,3,2,66,1,63035
1999,6,,7,4,0,0,0,0,0,0,1,1,2,4,3,2,44,2,63049
1999,6,,5,15,0,0,0,0,0,0,1,1,2,1,2,2,24,1,71011
1999,6,,4,23,1,1,0,0,0,0,1,1,2,3,2,1,20,1,71016
1999,6,,5,23,2,0,2,0,0,0,2,1,2,1,4,2,21,2,71016
1999,6,,2,12,1,1,0,0,0,0,1,14,2,1,4,2,19,1,71034
1999,6,,5,8,0,0,0,0,0,0,1,1,2,1,4,2,41,1,71057
1999,6,,3,16,1,1,0,0,0,0,2,1,2,1,7,2,,1,71037
1999,6,,5,22,1,0,1,0,0,0,1,1,2,1,2,2,26,2,71024
1999,6,,7,17,1,0,1,0,0,0,2,1,2,1,3,2,83,2,71022
1999,6,,5,20,1,1,0,0,0,0,1,1,2,1,7,2,20,1,72021
1999,6,,4,18,0,0,0,0,0,0,1,1,2,1,2,2,20,1,72018
1999,6,,7,7,1,1,0,0,0,0,2,1,1,1,7,2,26,1,84068
1999,6,,1,16,1,0,1,0,0,0,1,1,1,1,7,2,30,1,84035
1999,6,,6,17,1,1,0,0,0,0,1,1,2,1,4,2,40,1,92006
1999,6,,1,21,0,0,0,0,0,0,1,14,2,1,8,2,18,1,91034
1999,6,,7,16,1,1,0,0,0,0,1,1,2,1,2,1,41,1,91034
1999,6,,3,22,0,0,0,0,0,0,1,15,2,2,2,1,21,1,92045
1999,6,,6,23,0,0,0,0,0,0,1,1,2,4,4,2,29,1,93088
1999,6,,7,19,0,0,0,0,0,0,1,1,1,1,4,2,,,92094
1999,6,,5,21,0,0,0,0,0,0,1,1,2,1,4,2,52,1,41082
1999,6,,7,17,1,1,0,0,0,0,2,1,2,1,3,1,27,1,72038
1999,6,,7,14,1,0,1,0,0,0,2,1,2,1,4,2,33,2,71070
1999,6,,7,14,1,0,1,0,0,0,2,1,2,1,4,2,7,1,71070
1999,6,,6,8,0,0,0,0,0,0,1,1,2,1,4,1,23,2,72041
1999,6,,1,17,1,1,0,0,0,0,2,1,2,1,2,2,30,2,92137
1999,6,,2,9,0,0,0,0,0,0,1,4,2,1,4,2,50,1,23045
1999,6,,3,10,1,1,0,0,0,0,1,18,2,1,4,1,19,1,23088
1999,6,,2,12,1,1,0,0,0,0,1,16,2,1,2,1,18,1,23088
1999,6,,7,10,0,0,0,0,0,0,1,2,2,1,2,2,57,1,24001
1999,6,,3,20,1,1,0,0,0,0,1,22,2,1,5,1,4,1,24062
1999,6,,3,21,0,0,0,0,0,0,1,1,1,2,3,2,27,1,25110
1999,6,,4,17,1,0,1,0,0,0,2,1,2,1,2,2,12,1,12035
1999,6,,3,12,0,0,0,0,0,0,1,1,2,1,3,2,,,12026
1999,6,,1,16,1,0,1,0,0,0,1,18,2,1,4,2,53,1,12025
1999,6,,1,16,1,1,0,0,0,0,1,1,2,1,4,2,69,2,13014
1999,6,,7,17,0,0,0,0,0,0,1,1,2,1,3,2,41,1,13008
1999,6,,7,15,1,1,0,0,0,0,2,1,1,1,7,2,21,2,13014
1999,6,,1,16,1,1,0,0,0,0,1,1,2,1,2,1,22,1,13008
1999,6,,4,21,0,0,0,0,0,0,1,1,2,1,4,2,23,2,13025
1999,6,,2,10,1,1,0,0,0,0,1,1,2,1,7,2,42,2,13035
1999,6,,5,16,0,0,0,0,0,0,1,2,2,1,4,1,76,1,21002
1999,6,,2,12,1,1,0,0,0,0,1,1,2,1,4,1,54,1,13049
1999,6,,6,14,1,1,0,0,0,0,1,1,2,1,2,1,31,2,21009
1999,6,,6,16,0,0,0,0,0,0,1,1,2,1,4,1,28,1,21017
1999,6,,2,17,0,0,0,0,0,0,1,1,2,1,3,1,19,1,31004
1999,6,,5,18,2,2,0,0,0,0,1,18,2,1,3,1,17,1,31005
1999,6,,6,10,0,0,0,0,0,0,1,1,2,1,4,2,43,2,11024
1999,6,,3,18,0,0,0,0,0,0,1,1,2,1,3,2,36,2,11009
1999,6,,5,18,0,0,0,0,0,0,1,1,2,1,1,1,65,1,11022
1999,6,,4,19,1,1,0,0,0,0,1,1,2,1,2,1,20,1,11023
1999,6,,3,18,1,1,0,0,0,0,1,18,2,1,3,1,60,1,11055
1999,6,,4,12,1,0,1,0,0,0,1,14,2,1,3,2,19,1,12021
1999,6,,6,13,1,1,0,0,0,0,2,1,1,1,4,2,30,2,11002
1999,6,,2,18,1,1,0,0,0,0,1,22,2,1,5,1,26,1,11002
1999,6,,6,22,1,1,0,0,0,0,1,1,2,2,6,2,27,2,11001
1999,7,,4,22,1,1,0,0,0,0,1,1,2,2,4,1,48,2,11002
1999,7,,5,18,1,0,1,0,0,0,1,15,2,1,4,1,30,1,12025
1999,7,,6,15,1,1,0,0,0,0,2,1,2,1,2,2,45,2,12007
1999,7,,5,19,0,0,0,0,0,0,1,1,2,1,3,1,19,1,11055
1999,7,,6,19,0,0,0,0,0,0,1,1,2,1,5,2,31,2,11009
1999,7,,4,22,0,0,0,0,0,0,1,15,2,2,4,2,17,2,11023
1999,7,,7,4,1,1,0,0,0,0,1,1,2,3,7,2,22,1,11009
1999,7,,4,18,0,0,0,0,0,0,1,1,2,1,2,2,50,2,31005
1999,7,,7,10,0,0,0,0,0,0,1,2,1,1,1,2,25,1,31005
1999,7,,7,0,1,1,0,0,0,0,1,1,2,3,2,1,26,1,31005
1999,7,,6,18,1,1,0,0,0,0,1,22,2,1,5,1,61,1,21015
1999,7,,3,21,0,0,0,0,0,0,1,1,2,1,4,1,43,2,21018
1999,7,,5,22,0,0,0,0,0,0,1,1,2,1,2,2,35,1,31003
1999,7,,2,0,0,0,0,0,0,0,1,1,2,4,2,2,50,1,21016
1999,7,,1,16,1,1,0,0,0,0,2,1,2,1,4,1,9,2,21012
1999,7,,4,13,0,0,0,0,0,0,1,1,2,1,5,1,46,2,21012
1999,7,,2,19,1,0,1,0,0,0,1,22,2,1,4,1,28,2,21012
1999,7,,4,12,0,0,0,0,0,0,1,1,2,1,1,1,66,1,21004
1999,7,,6,1,1,1,0,0,0,0,1,1,2,3,4,1,24,1,21005
1999,7,,5,11,1,1,0,0,0,0,1,22,2,1,5,1,18,2,21004
1999,7,,4,14,1,1,0,0,0,0,2,1,2,1,3,1,,2,21004
1999,7,,5,18,0,0,0,0,0,0,1,1,2,1,4,1,,2,21001
1999,7,,7,0,1,1,0,0,0,0,1,1,2,3,7,2,63,2,13025
1999,7,,5,16,0,0,0,0,0,0,1,2,2,1,3,2,29,1,13008
1999,7,,4,15,0,0,0,0,0,0,1,1,2,1,4,2,74,1,13014
1999,7,,3,13,1,1,0,0,0,0,1,15,2,1,4,2,16,1,13011
1999,7,,6,5,0,0,0,0,0,0,1,1,2,3,5,2,22,1,25014
1999,7,,2,15,1,1,0,0,0,0,1,16,2,1,4,1,16,2,24062
1999,7,,4,19,0,0,0,0,0,0,1,1,2,1,4,2,19,1,23098
1999,7,,5,2,1,1,0,0,0,0,2,1,2,3,4,1,18,2,24001
1999,7,,1,17,1,1,0,0,0,0,2,1,1,1,7,2,78,1,23062
1999,7,,4,15,0,0,0,0,0,0,1,1,2,1,4,1,29,1,23027
1999,7,,7,12,1,1,0,0,0,0,1,23,2,1,4,2,,2,82038
1999,7,,1,19,1,1,0,0,0,0,1,18,2,1,8,1,14,1,62120
1999,7,,2,17,1,1,0,0,0,0,1,1,2,1,7,2,31,1,92094
1999,7,,5,17,0,0,0,0,0,0,1,1,2,1,2,2,78,1,84009
1999,7,,2,14,0,0,0,0,0,0,1,1,2,1,3,1,,,82003
1999,7,,2,19,1,1,0,0,0,0,1,1,2,1,3,1,34,2,81004
1999,7,,4,12,0,0,0,0,0,0,1,1,2,1,4,1,68,1,81001
1999,7,,6,4,1,1,0,0,0,0,1,1,1,4,3,2,46,2,71057
1999,7,,1,21,0,0,0,0,0,0,1,1,2,1,3,2,38,1,71022
1999,7,,5,17,0,0,0,0,0,0,1,1,2,1,4,1,28,1,71022
1999,7,,4,8,0,0,0,0,0,0,1,1,2,1,3,1,32,2,71016
1999,7,,6,17,1,1,0,0,0,0,2,1,2,1,2,2,16,2,71011
1999,7,,1,10,1,1,0,0,0,0,2,1,2,1,3,2,71,2,71011
1999,7,,7,19,1,1,0,0,0,0,1,13,1,1,7,2,34,1,64008
1999,7,,7,17,0,0,0,0,0,0,1,1,2,1,3,2,34,1,63075
1999,7,,7,23,1,0,1,0,0,0,1,14,2,1,8,2,33,1,63001
1999,7,,1,10,0,0,0,0,0,0,1,1,2,1,4,1,32,1,62096
1999,7,,1,17,1,1,0,0,0,0,2,15,2,1,3,1,15,2,62096
1999,7,,4,20,1,1,0,0,0,0,1,1,2,1,2,1,39,1,62096
1999,7,,1,16,0,0,0,0,0,0,1,1,2,1,2,1,48,1,62063
1999,7,,2,13,1,1,0,0,0,0,1,6,1,1,3,2,33,,62051
1999,7,,7,18,0,0,0,0,0,0,1,1,2,1,2,1,79,1,62038
1999,7,,5,16,0,0,0,0,0,0,1,1,2,1,5,1,42,1,57081
1999,7,,6,13,0,0,0,0,0,0,1,1,2,1,2,1,34,1,55022
1999,7,,2,15,1,1,0,0,0,0,2,1,2,1,4,1,0,2,53065
1999,7,,4,17,0,0,0,0,0,0,1,4,1,1,7,2,54,1,52043
1999,7,,3,17,1,1,0,0,0,0,1,1,2,1,4,1,34,2,52012
1999,7,,5,20,1,1,0,0,0,0,1,18,2,1,4,1,59,1,52012
1999,7,,4,21,1,1,0,0,0,0,1,1,2,1,2,1,30,1,52011
1999,7,,2,18,1,1,0,0,0,0,1,1,2,1,4,1,67,1,51004
1999,7,,2,22,0,0,0,0,0,0,1,1,2,2,4,1,20,2,52011
1999,7,,1,14,1,1,0,0,0,0,1,15,2,1,4,1,17,1,46021
1999,7,,5,3,1,1,0,0,0,0,1,1,2,3,3,2,28,1,46003
1999,7,,3,15,0,0,0,0,0,0,1,7,2,1,4,2,32,1,44048
1999,7,,7,8,1,1,0,0,0,0,2,2,2,1,7,2,32,2,44021
1999,7,,1,15,1,0,1,0,0,0,1,15,2,1,3,1,20,2,43005
1999,7,,2,8,0,0,0,0,0,0,1,1,2,1,4,2,36,2,43010
1999,7,,6,13,0,0,0,0,0,0,1,2,2,1,4,1,52,2,42006
1999,7,,5,18,0,0,0,0,0,0,1,1,2,1,2,1,52,2,42006
1999,7,,4,18,0,0,0,0,0,0,1,1,2,1,3,1,32,1,41002
1999,7,,4,8,0,0,0,0,0,0,1,1,1,1,7,2,40,1,41002
1999,7,,3,11,0,0,0,0,0,0,1,1,2,1,3,1,56,1,41002
1999,7,,7,16,1,1,0,0,0,0,1,18,2,1,3,1,8,1,38014