year,month,monthDay,weekDay,hour,numVictims,numSlightlyInjured,numSeverelyInjured,numMortallyInjured,numDiedWithin24Hours,numDiedWithin30Days,victimType,roadUserType,roadType,lightConditions,collisionType,areaType,age,sex,municipality
1999,7,,5,20,1,1,0,0,0,0,1,1,2,1,7,2,18,2,36008
1999,7,,6,17,0,0,0,0,0,0,1,1,2,1,7,1,,,35013
1999,7,,7,17,1,1,0,0,0,0,1,14,2,1,3,1,37,1,36015
1999,7,,4,15,0,0,0,0,0,0,1,7,2,1,4,2,35,1,36015
1999,7,,5,21,1,1,0,0,0,0,2,1,2,1,4,2,38,2,34040
1999,7,,3,18,1,1,0,0,0,0,2,1,2,1,2,2,18,2,34040
1999,7,,5,23,1,1,0,0,0,0,1,1,2,3,2,2,50,1,34022
1999,7,,6,1,1,1,0,0,0,0,1,1,2,3,6,1,47,1,34022
1999,7,,4,13,1,1,0,0,0,0,1,2,2,1,4,2,34,2,34009
1999,7,,2,17,0,0,0,0,0,0,1,16,2,1,3,1,16,2,34013
1999,7,,3,21,1,1,0,0,0,0,1,1,2,1,7,2,26,1,33037
1999,7,,7,8,1,1,0,0,0,0,2,1,2,1,7,1,18,2,31043
1999,7,,3,20,1,1,0,0,0,0,1,1,1,1,7,2,27,1,31012
1999,7,,1,18,0,0,0,0,0,0,1,1,2,1,4,1,31,1,31022
1999,7,,5,13,0,0,0,0,0,0,1,15,2,1,2,1,16,2,31043
1999,7,,1,13,1,0,1,0,0,0,1,1,2,1,4,2,64,1,31006
1999,8,,2,20,0,0,0,0,0,0,1,16,2,1,3,1,,1,31043
1999,8,,7,15,1,1,0,0,0,0,1,15,2,1,2,1,18,1,31022
1999,8,,3,12,0,0,0,0,0,0,1,1,2,1,3,1,50,1,35011
1999,8,,5,0,0,0,0,0,0,0,1,14,2,3,4,1,20,1,35014
1999,8,,6,17,0,0,0,0,0,0,1,1,2,1,3,2,42,2,38008
1999,8,,4,15,0,0,0,0,0,0,1,15,2,1,2,2,,1,41002
1999,8,,7,12,1,1,0,0,0,0,1,1,2,1,4,2,66,2,38016
1999,8,,3,14,1,1,0,0,0,0,1,1,2,1,2,2,25,1,41002
1999,8,,1,20,1,1,0,0,0,0,2,2,2,1,4,1,17,2,41018
1999,8,,4,15,1,1,0,0,0,0,1,18,2,1,6,1,16,2,42011
1999,8,,7,17,1,1,0,0,0,0,1,16,2,1,4,1,18,1,43005
1999,8,,5,21,0,0,0,0,0,0,1,22,2,1,5,1,,1,43005
1999,8,,1,11,0,0,0,0,0,0,1,1,2,1,2,2,43,1,44019
1999,8,,7,1,1,1,0,0,0,0,1,1,2,3,3,1,42,1,44020
1999,8,,5,13,0,0,0,0,0,0,1,2,2,1,4,1,40,1,44040
1999,8,,6,20,1,0,1,0,0,0,1,18,2,1,4,1,57,2,44034
1999,8,,4,17,1,1,0,0,0,0,2,1,1,1,1,2,37,1,46003
1999,8,,6,11,0,0,0,0,0,0,1,1,2,1,3,2,50,1,46003
1999,8,,7,17,1,1,0,0,0,0,2,1,2,1,2,1,17,2,46020
1999,8,,3,10,1,1,0,0,0,0,1,1,2,1,4,2,59,2,46021
1999,8,,4,0,0,0,0,0,0,0,1,1,2,3,3,1,36,1,46021
1999,8,,1,18,2,2,0,0,0,0,3,,1,1,3,2,29,1,46021
1999,8,,7,19,1,1,0,0,0,0,1,1,2,1,3,2,51,1,52055
1999,8,,5,13,1,1,0,0,0,0,1,1,2,1,2,2,60,1,52025
1999,8,,2,18,0,0,0,0,0,0,1,1,2,1,4,2,26,1,53046
1999,8,,2,20,0,0,0,0,0,0,1,1,2,1,5,1,47,1,55022
1999,8,,1,19,1,1,0,0,0,0,2,1,2,1,3,1,,2,61063
1999,8,,2,18,1,0,1,0,0,0,2,16,2,1,4,1,15,2,61003
1999,8,,2,19,1,1,0,0,0,0,1,1,2,1,3,1,,2,62063
1999,8,,1,12,0,0,0,0,0,0,1,1,2,1,4,1,23,1,64076
1999,8,,5,0,1,1,0,0,0,0,2,1,2,3,7,1,19,1,71022
1999,8,,5,6,1,0,1,0,0,0,2,1,2,3,7,2,24,1,81004
1999,8,,6,16,1,1,0,0,0,0,2,1,2,1,4,2,35,2,73083
1999,8,,6,19,1,1,0,0,0,0,1,1,1,1,7,2,33,1,84033
1999,8,,3,16,1,1,0,0,0,0,2,1,1,1,3,2,23,2,84033
1999,8,,2,16,1,1,0,0,0,0,2,1,2,1,3,2,15,2,91103
1999,8,,7,12,0,0,0,0,0,0,1,1,2,1,4,1,60,1,92035
1999,8,,5,23,1,0,1,0,0,0,1,15,2,3,7,1,25,1,92094
1999,8,,5,14,1,0,1,0,0,0,1,22,2,1,5,1,10,1,33039
1999,8,,4,17,0,0,0,0,0,0,1,1,1,1,3,2,25,1,55035
1999,8,,7,15,1,1,0,0,0,0,1,14,2,1,3,2,22,1,63088
1999,8,,7,20,0,0,0,0,0,0,1,1,2,1,2,2,53,2,71070
1999,8,,2,8,0,0,0,0,0,0,1,1,2,1,4,1,51,1,23002
1999,8,,5,16,1,1,0,0,0,0,1,1,2,1,3,2,23,2,23086
1999,8,,4,18,1,1,0,0,0,0,1,1,2,1,3,1,31,1,23094
1999,8,,1,3,1,1,0,0,0,0,2,1,2,3,7,2,29,1,23062
1999,8,,5,23,1,1,0,0,0,0,2,1,2,3,4,1,21,2,23077
1999,8,,4,8,0,0,0,0,0,0,1,7,1,1,3,2,35,1,24009
1999,8,,2,16,1,1,0,0,0,0,1,1,2,1,7,2,21,2,24020
1999,8,,6,23,1,1,0,0,0,0,1,1,2,1,7,1,24,1,25091
1999,8,,6,6,1,1,0,0,0,0,1,1,2,,7,2,35,1,25031
1999,8,,3,18,1,1,0,0,0,0,1,22,2,1,1,1,31,1,25048
1999,8,,2,19,1,1,0,0,0,0,1,16,2,1,6,2,17,1,25105
1999,8,,4,16,1,1,0,0,0,0,1,2,2,1,3,1,43,1,13001
1999,8,,6,18,1,1,0,0,0,0,1,14,2,1,2,2,44,1,13010
1999,8,,6,17,0,0,0,0,0,0,1,1,2,1,4,1,31,1,13017
1999,8,,5,16,0,0,0,0,0,0,1,15,2,1,4,2,17,1,13040
1999,8,,7,1,0,0,0,0,0,0,1,1,2,3,5,1,30,1,21004
1999,8,,5,23,0,0,0,0,0,0,1,1,2,3,2,1,30,1,21004
1999,8,,4,19,1,1,0,0,0,0,1,18,2,1,4,1,,1,21004
1999,8,,3,8,1,1,0,0,0,0,1,1,2,1,6,1,24,2,21005
1999,8,,2,8,0,0,0,0,0,0,1,11,2,1,5,1,30,1,21013
1999,8,,3,21,1,1,0,0,0,0,2,1,2,1,4,1,45,2,21013
1999,8,,4,4,0,0,0,0,0,0,1,1,2,3,4,1,45,2,21009
1999,8,,3,18,1,1,0,0,0,0,1,16,2,1,4,1,16,1,21015
1999,8,,4,6,0,0,0,0,0,0,1,1,1,2,7,2,25,2,21007
1999,8,,3,13,0,0,0,0,0,0,1,10,2,1,4,1,46,1,21012
1999,8,,1,0,1,1,0,0,0,0,1,13,2,3,4,1,30,1,21013
1999,8,,6,17,0,0,0,0,0,0,1,1,2,1,5,1,,1,31004
1999,8,,4,0,0,0,0,0,0,0,1,1,2,3,4,1,40,2,21018
1999,8,,6,1,0,0,0,0,0,0,1,1,2,3,3,1,32,2,21018
1999,8,,2,15,0,0,0,0,0,0,1,1,2,1,3,1,46,1,31005
1999,8,,5,14,1,1,0,0,0,0,1,18,2,1,4,1,14,1,11002
1999,8,,6,0,1,1,0,0,0,0,2,2,2,3,4,2,30,1,11004
1999,8,,6,11,1,1,0,0,0,0,2,1,1,1,3,2,25,1,11009
1999,8,,3,12,0,0,0,0,0,0,1,2,2,1,4,1,40,1,11040
1999,8,,6,12,1,1,0,0,0,0,1,18,2,1,4,1,29,2,11002
1999,9,,5,22,1,1,0,0,0,0,1,16,2,3,4,1,17,1,25121
1999,9,,7,18,1,1,0,0,0,0,1,18,2,1,7,1,8,1,25121
1999,9,,3,16,0,0,0,0,0,0,1,3,1,1,4,2,40,1,11002
1999,9,,2,15,0,0,0,0,0,0,1,4,2,1,3,2,47,1,11002
1999,9,,4,19,1,1,0,0,0,0,1,1,2,1,3,1,24,2,11001
1999,9,,3,18,1,1,0,0,0,0,1,1,1,1,7,2,24,1,11002
1999,9,,7,6,1,0,1,0,0,0,1,1,2,3,4,2,49,1,11054
1999,9,,3,16,0,0,0,0,0,0,1,2,2,1,4,1,50,1,11040
1999,9,,7,17,1,1,0,0,0,0,2,14,1,1,8,2,39,2,11040
1999,9,,6,16,1,1,0,0,0,0,1,18,2,1,2,1,48,1,11038
1999,9,,5,17,1,0,1,0,0,0,2,1,1,1,3,2,26,2,11052
1999,9,,3,18,1,1,0,0,0,0,2,1,2,1,4,2,4,1,11016
1999,9,,3,16,0,0,0,0,0,0,1,1,2,1,4,1,78,1,11002
1999,9,,7,16,1,1,0,0,0,0,2,1,2,1,3,1,9,2,31005
1999,9,,3,17,0,0,0,0,0,0,1,1,2,1,3,1,26,1,31005
1999,9,,7,13,1,1,0,0,0,0,2,1,2,1,4,1,23,2,31005
1999,9,,6,5,1,1,0,0,0,0,1,13,2,3,7,2,26,1,31004
1999,9,,4,2,1,1,0,0,0,0,1,1,2,3,7,1,43,1,21014
1999,9,,3,15,1,1,0,0,0,0,2,1,2,1,3,1,26,2,21004
1999,9,,2,1,1,0,1,0,0,0,1,4,2,4,7,2,22,1,13044
1999,9,,4,8,1,1,0,0,0,0,1,1,2,1,4,2,41,2,13019
1999,9,,3,18,1,1,0,0,0,0,1,1,2,1,3,2,34,2,13008
1999,9,,5,13,1,1,0,0,0,0,1,1,2,1,4,2,72,1,13011
1999,9,,2,16,0,0,0,0,0,0,1,1,2,1,2,2,62,1,13011
1999,9,,6,18,1,1,0,0,0,0,2,1,2,1,2,2,55,2,12035
1999,9,,7,19,1,1,0,0,0,0,1,2,2,1,4,1,39,2,25050
1999,9,,3,9,0,0,0,0,0,0,1,1,2,1,5,1,,1,25112
1999,9,,6,16,1,1,0,0,0,0,1,1,1,1,7,2,24,2,25091
1999,9,,3,17,0,0,0,0,0,0,1,2,2,1,2,2,42,2,25031
1999,9,,7,14,1,1,0,0,0,0,1,1,2,1,7,2,30,2,25072
1999,9,,3,18,0,0,0,0,0,0,1,1,2,1,1,1,63,1,25112
1999,9,,3,13,1,0,1,0,0,0,2,1,2,1,2,1,71,2,25014
1999,9,,2,16,1,0,1,0,0,0,2,1,2,1,2,2,55,2,24134
1999,9,,2,2,0,0,0,0,0,0,1,1,2,3,3,1,25,2,24062
1999,9,,3,19,1,1,0,0,0,0,1,18,2,1,4,1,30,1,24062
1999,9,,2,17,0,0,0,0,0,0,1,1,2,1,4,1,41,1,24062
1999,9,,4,22,1,1,0,0,0,0,1,1,2,2,4,1,21,2,23105
1999,9,,3,18,0,0,0,0,0,0,1,1,2,1,3,2,23,2,24028
1999,9,,3,17,1,1,0,0,0,0,2,1,2,1,3,2,,2,24001
1999,9,,7,1,1,1,0,0,0,0,2,1,1,3,3,2,23,1,23062
1999,9,,3,11,1,0,1,0,0,0,1,22,2,1,5,2,77,1,23047
1999,9,,4,15,1,0,1,0,0,0,2,3,2,1,2,2,43,1,23047
1999,9,,2,0,0,0,0,0,0,0,1,1,2,3,4,1,64,1,23045
1999,9,,2,7,1,0,0,0,1,1,1,7,1,3,8,2,60,1,23025
1999,9,,1,6,1,1,0,0,0,0,2,1,1,,7,2,20,2,23047
1999,9,,5,9,0,0,0,0,0,0,1,1,2,1,4,1,36,2,23052
1999,9,,4,16,1,1,0,0,0,0,1,1,1,1,1,2,65,1,23002
1999,9,,3,17,1,0,1,0,0,0,1,15,2,1,8,2,17,2,63088
1999,9,,6,14,1,1,0,0,0,0,1,2,2,1,6,1,47,1,35029
1999,9,,3,20,0,0,0,0,0,0,1,1,2,1,4,1,38,1,62120
1999,9,,2,0,0,0,0,0,0,0,1,1,2,3,3,2,45,1,35029
1999,9,,1,13,0,0,0,0,0,0,1,1,2,1,4,2,25,1,45063
1999,9,,6,17,1,1,0,0,0,0,1,1,2,1,4,1,52,2,92097
1999,9,,5,20,1,1,0,0,0,0,2,1,2,2,2,1,17,1,91103
1999,9,,3,13,0,0,0,0,0,0,1,4,2,1,4,1,31,1,92094
1999,9,,6,3,1,0,1,0,0,0,1,1,2,3,7,1,23,1,83034
1999,9,,3,16,0,0,0,0,0,0,1,1,2,1,5,1,40,1,81004
1999,9,,5,16,0,0,0,0,0,0,1,1,2,1,3,2,40,1,73001
1999,9,,2,8,1,1,0,0,0,0,1,18,2,1,4,1,15,2,72030
1999,9,,3,15,1,0,1,0,0,0,1,1,2,1,3,2,56,2,71066
1999,9,,6,15,0,0,0,0,0,0,1,1,2,1,3,2,18,1,71053
1999,9,,1,15,1,1,0,0,0,0,1,22,2,1,5,2,69,1,71016
1999,9,,3,14,1,1,0,0,0,0,1,1,2,1,2,2,49,2,62108
1999,9,,5,8,1,1,0,0,0,0,1,1,2,1,7,1,39,1,62118
1999,9,,3,17,0,0,0,0,0,0,1,1,2,1,4,1,57,1,62063
1999,9,,5,4,1,1,0,0,0,0,1,1,2,3,7,1,24,1,62063
1999,9,,6,0,1,1,0,0,0,0,1,14,2,3,4,2,26,1,62022
1999,9,,2,8,1,1,0,0,0,0,1,1,2,1,4,2,37,1,61072
1999,9,,1,21,0,0,0,0,0,0,1,1,2,1,4,1,50,1,62003
1999,9,,5,20,0,0,0,0,0,0,1,4,2,1,4,1,50,1,56001
1999,9,,4,17,1,1,0,0,0,0,1,22,2,,5,1,34,2,57081
1999,9,,6,19,0,0,0,0,0,0,1,1,2,1,2,2,21,1,57081
1999,9,,2,8,1,1,0,0,0,0,1,1,2,1,4,2,64,1,55023
1999,9,,3,8,1,1,0,0,0,0,1,18,2,1,4,1,19,1,55010
1999,9,,3,20,1,1,0,0,0,0,1,1,2,1,4,1,22,2,53014
1999,9,,6,16,1,0,1,0,0,0,1,15,2,1,3,1,23,1,52011
1999,9,,4,20,0,0,0,0,0,0,1,1,2,3,3,1,32,1,52011
1999,9,,7,21,1,1,0,0,0,0,1,14,2,3,8,1,24,1,52011
1999,9,,4,17,1,0,1,0,0,0,2,1,2,1,3,1,81,2,51014
1999,9,,6,17,1,1,0,0,0,0,1,18,2,1,4,1,22,1,52011
1999,9,,2,14,1,0,1,0,0,0,1,18,2,1,4,1,66,2,51008
1999,9,,4,6,1,1,0,0,0,0,1,1,2,3,7,2,26,2,51004
1999,9,,1,14,0,0,0,0,0,0,1,1,2,1,4,1,,,52011
1999,9,,4,19,0,0,0,0,0,0,1,1,2,1,3,2,,,46014
1999,9,,7,15,1,0,1,0,0,0,1,14,2,1,4,1,24,2,45041
1999,9,,5,9,0,0,0,0,0,0,1,1,2,1,4,1,19,1,44021
1999,9,,5,13,1,1,0,0,0,0,1,1,2,1,4,2,40,2,44019
1999,9,,1,11,1,1,0,0,0,0,1,1,2,1,3,2,23,2,44011
1999,9,,4,14,1,1,0,0,0,0,1,2,2,1,4,2,54,1,43005
1999,9,,7,23,0,0,0,0,0,0,1,1,2,3,4,1,41,1,42028
1999,9,,5,22,1,1,0,0,0,0,2,1,2,3,2,1,4,1,42028
1999,9,,7,19,0,0,0,0,0,0,1,15,2,1,2,2,43,1,43007
1999,9,,7,12,1,1,0,0,0,0,1,15,2,1,4,2,17,2,43010
1999,9,,7,18,1,1,0,0,0,0,1,1,2,1,3,2,37,1,43005
1999,9,,6,16,0,0,0,0,0,0,1,1,2,1,4,2,29,1,42006
1999,9,,7,19,1,1,0,0,0,0,1,18,2,1,4,1,16,2,42003
1999,9,,6,19,0,0,0,0,0,0,1,1,2,1,4,2,63,1,42006
1999,9,,3,10,1,1,0,0,0,0,1,1,2,1,3,2,53,1,42006
1999,9,,5,15,1,1,0,0,0,0,1,15,2,1,6,2,18,1,42025
1999,9,,6,1,1,1,0,0,0,0,1,2,2,3,7,2,37,1,41048
1999,9,,1,18,0,0,0,0,0,0,1,6,1,1,3,2,33,1,41002
1999,9,,2,20,1,1,0,0,0,0,2,1,1,1,7,2,37,1,41034
1999,9,,6,20,0,0,0,0,0,0,1,1,2,1,2,1,24,1,41002
1999,9,,3,9,1,1,0,0,0,0,2,1,2,1,3,2,1,1,38014
1999,9,,3,16,0,0,0,0,0,0,1,2,2,1,4,1,70,1,41002
1999,9,,3,17,1,0,1,0,0,0,1,18,2,1,4,2,16,1,36008
1999,9,,7,12,1,1,0,0,0,0,1,13,2,1,4,1,37,1,34040
1999,9,,2,9,1,1,0,0,0,0,1,18,2,1,2,1,14,2,34022
1999,9,,4,14,1,1,0,0,0,0,2,16,2,1,4,1,17,2,34022
1999,9,,4,22,0,0,0,0,0,0,1,1,2,3,4,1,50,1,34022
1999,9,,4,14,0,0,0,0,0,0,1,9,2,1,3,1,20,1,32003
1999,9,,4,17,1,1,0,0,0,0,1,1,2,1,4,2,46,2,33021
1999,9,,7,18,1,1,0,0,0,0,2,1,2,1,7,2,18,2,31033
1999,10,,1,9,1,1,0,0,0,0,1,16,2,1,4,2,16,1,31033
1999,10,,7,15,0,0,0,0,0,0,1,1,2,1,4,1,26,1,34013
1999,10,,7,10,1,1,0,0,0,0,1,1,2,1,4,2,44,2,34040
1999,10,,3,13,1,1,0,0,0,0,1,14,2,1,4,2,42,2,34040
1999,10,,7,20,1,1,0,0,0,0,1,1,2,3,4,1,33,1,34022
1999,10,,7,10,1,1,0,0,0,0,1,1,2,1,4,1,76,1,34022
1999,10,,2,18,0,0,0,0,0,0,1,1,2,1,4,1,29,2,35013
1999,10,,2,5,1,1,0,0,0,0,1,18,2,3,4,1,27,1,35013
1999,10,,5,18,1,1,0,0,0,0,1,1,2,1,3,1,26,1,36015
1999,10,,1,14,0,0,0,0,0,0,1,1,2,1,3,2,32,1,36011
1999,10,,4,16,0,0,0,0,0,0,1,1,2,1,4,1,,1,41002
1999,10,,1,12,1,1,0,0,0,0,2,1,2,1,2,1,50,2,38008
1999,10,,5,20,1,1,0,0,0,0,2,2,2,3,3,2,15,2,41048
1999,10,,5,17,1,1,0,0,0,0,1,1,2,1,4,2,29,1,41002
1999,10,,1,15,1,1,0,0,0,0,1,1,2,1,3,1,43,2,41002
1999,10,,6,15,1,1,0,0,0,0,1,18,2,1,8,2,49,1,42023
1999,10,,1,19,1,1,0,0,0,0,2,1,2,1,4,2,17,1,42011
1999,10,,1,10,1,1,0,0,0,0,2,15,2,1,,1,3,1,42003
1999,10,,4,10,1,0,1,0,0,0,1,6,2,1,3,2,35,1,43005
1999,10,,2,17,0,0,0,0,0,0,1,1,2,1,4,2,44,2,43010
1999,10,,7,22,0,0,0,0,0,0,1,2,2,3,2,2,48,2,44011
1999,10,,5,22,1,1,0,0,0,0,2,1,2,3,2,2,22,2,44012
1999,10,,5,10,1,1,0,0,0,0,1,14,2,1,4,2,26,1,44019
1999,10,,6,11,1,1,0,0,0,0,2,1,1,1,4,2,65,2,44011
1999,10,,4,15,0,0,0,0,0,0,1,4,1,1,7,2,21,1,44021
1999,10,,5,15,1,0,1,0,0,0,1,18,2,1,4,2,91,1,44073
1999,10,,4,12,0,0,0,0,0,0,1,1,2,1,3,1,71,1,44043
1999,10,,4,8,0,0,0,0,0,0,1,1,2,1,4,2,20,1,46003
1999,10,,6,3,1,0,1,0,0,0,1,15,2,3,6,1,21,1,45035
1999,10,,5,8,0,0,0,0,0,0,1,6,2,2,4,1,28,1,44081
1999,10,,7,3,1,1,0,0,0,0,1,1,2,3,7,2,23,1,45035
1999,10,,7,13,0,0,0,0,0,0,1,1,2,1,4,1,67,1,45035
1999,10,,5,8,1,1,0,0,0,0,1,1,1,2,7,2,30,1,45017
1999,10,,1,17,1,0,1,0,0,0,1,18,2,1,4,1,17,1,46021
1999,10,,7,17,1,1,0,0,0,0,2,1,2,1,4,2,19,2,46014
1999,10,,5,13,1,1,0,0,0,0,1,18,2,1,2,1,66,1,46021
1999,10,,6,19,1,1,0,0,0,0,2,1,2,1,3,2,43,2,51004
1999,10,,1,16,1,1,0,0,0,0,2,1,1,1,8,2,31,2,51009
1999,10,,5,12,1,1,0,0,0,0,1,1,2,1,4,2,64,2,53046
1999,10,,5,17,1,1,0,0,0,0,1,1,2,1,4,1,21,2,53044
1999,10,,1,20,0,0,0,0,0,0,1,1,2,3,5,2,25,2,52021
1999,10,,3,15,0,0,0,0,0,0,1,2,2,1,3,2,37,2,52063
1999,10,,6,5,1,1,0,0,0,0,1,2,1,3,7,2,21,1,52063
1999,10,,5,16,0,0,0,0,0,0,1,1,2,1,3,2,73,1,52025
1999,10,,2,9,0,0,0,0,0,0,1,2,1,1,3,2,42,1,53070
1999,10,,7,13,1,0,1,0,0,0,1,2,2,1,4,2,37,2,57027
1999,10,,7,6,1,1,0,0,0,0,1,1,2,3,7,2,29,1,61012
1999,10,,3,16,0,0,0,0,0,0,1,1,2,1,3,1,23,1,62003
1999,10,,4,17,1,1,0,0,0,0,2,10,2,1,4,2,,2,62003
1999,10,,6,15,1,1,0,0,0,0,1,16,2,1,3,1,15,1,61031
1999,10,,2,22,1,1,0,0,0,0,1,1,2,3,3,1,25,2,62063
1999,10,,1,1,0,0,0,0,0,0,1,4,2,3,4,1,39,1,62063
1999,10,,7,14,1,1,0,0,0,0,2,1,2,1,7,1,9,1,62063
1999,10,,3,16,1,1,0,0,0,0,1,1,1,1,3,2,21,1,62063
1999,10,,4,1,0,0,0,0,0,0,1,4,2,3,7,1,37,1,62096
1999,10,,7,8,1,0,1,0,0,0,2,1,1,1,7,2,21,2,63035
1999,10,,6,8,1,0,1,0,0,0,1,1,1,1,7,2,35,1,63035
1999,10,,1,17,0,0,0,0,0,0,1,6,2,1,2,2,33,1,63004
1999,10,,5,20,1,1,0,0,0,0,1,1,2,3,7,2,18,1,63049
1999,10,,4,7,0,0,0,0,0,0,1,6,2,3,2,1,36,1,71004
1999,10,,6,21,0,0,0,0,0,0,1,1,2,3,2,2,59,1,71016
1999,10,,2,19,0,0,0,0,0,0,1,1,2,1,3,2,22,2,71016
1999,10,,5,21,1,1,0,0,0,0,1,1,2,3,2,1,27,1,71016
1999,10,,2,15,1,1,0,0,0,0,1,14,2,1,3,2,38,1,71022
1999,10,,1,19,1,1,0,0,0,0,2,1,2,2,3,2,64,2,71022
1999,10,,6,18,1,1,0,0,0,0,1,14,2,1,8,1,35,1,71016
1999,10,,6,0,0,0,0,0,0,0,1,1,2,3,4,1,20,1,71053
1999,10,,7,20,1,1,0,0,0,0,2,15,2,1,3,1,14,2,72018
1999,10,,1,7,1,1,0,0,0,0,1,1,2,3,4,2,42,1,72025
1999,10,,3,13,0,0,0,0,0,0,1,1,2,1,4,1,,1,72025
1999,10,,7,20,1,1,0,0,0,0,1,16,2,3,4,2,62,2,73009
1999,10,,3,18,1,0,1,0,0,0,1,18,2,1,8,2,63,1,73107
1999,10,,7,16,1,1,0,0,0,0,2,1,1,1,3,2,28,2,73107
1999,10,,2,17,1,1,0,0,0,0,1,1,2,1,2,1,34,1,81003
1999,10,,5,19,1,1,0,0,0,0,1,1,2,1,2,1,,1,85007
1999,10,,7,17,1,1,0,0,0,0,2,1,1,1,7,2,57,2,92035
1999,10,,4,16,1,1,0,0,0,0,1,2,2,1,4,1,26,1,92094
1999,10,,4,8,1,1,0,0,0,0,1,1,2,1,7,2,18,1,91114
1999,10,,7,4,1,0,1,0,0,0,2,1,2,3,7,2,20,1,33039
1999,10,,6,15,1,0,1,0,0,0,2,1,2,1,7,2,17,2,93010
1999,10,,4,14,1,1,0,0,0,0,1,1,2,1,4,2,24,2,33041
1999,10,,5,0,1,1,0,0,0,0,2,1,2,3,2,2,52,2,92114
1999,10,,7,8,1,1,0,0,0,0,1,1,2,2,7,2,27,1,93088
1999,10,,7,22,1,0,1,0,0,0,1,1,2,4,2,2,24,1,62121
1999,10,,1,10,1,1,0,0,0,0,1,1,1,1,7,2,50,2,41082
1999,10,,7,21,0,0,0,0,0,0,1,1,2,3,4,1,27,1,56086
1999,10,,6,18,0,0,0,0,0,0,1,1,2,1,1,1,21,1,71070
1999,10,,2,9,0,0,0,0,0,0,1,1,2,1,5,1,39,2,92142
1999,10,,3,12,0,0,0,0,0,0,1,1,2,1,4,1,49,1,54010
1999,10,,7,16,1,1,0,0,0,0,2,1,1,1,7,2,37,1,23050
1999,10,,3,19,1,1,0,0,0,0,1,18,2,1,3,1,9,1,23027
1999,10,,5,10,0,0,0,0,0,0,1,1,2,1,4,1,65,1,23027
1999,10,,4,9,1,1,0,0,0,0,1,18,2,1,4,1,15,1,23094
1999,10,,5,8,0,0,0,0,0,0,1,1,1,1,3,2,23,1,23088
1999,10,,7,19,1,1,0,0,0,0,2,1,2,2,2,1,25,2,23077
1999,10,,5,19,1,0,1,0,0,0,1,14,2,1,4,2,27,1,24016
1999,10,,4,22,1,0,1,0,0,0,1,1,2,3,4,2,24,1,24014
1999,10,,6,17,0,0,0,0,0,0,1,1,2,1,4,1,33,2,24020
1999,10,,4,12,1,1,0,0,0,0,1,1,2,1,4,2,83,1,24020
1999,10,,5,8,1,1,0,0,0,0,1,16,2,1,2,1,25,1,24062
1999,10,,1,14,0,0,0,0,0,0,1,1,2,1,4,1,24,2,24062
1999,10,,5,14,0,0,0,0,0,0,1,2,2,1,4,2,56,1,25018
1999,10,,2,17,1,1,0,0,0,0,1,18,2,1,4,1,14,2,12025
1999,10,,7,4,1,1,0,0,0,0,2,1,2,3,7,2,19,1,13001
1999,10,,1,7,1,0,1,0,0,0,1,1,2,3,2,2,50,2,13029
1999,10,,6,10,0,0,0,0,0,0,1,9,2,1,4,2,33,1,13037
1999,10,,4,18,0,0,0,0,0,0,1,1,2,1,3,2,19,1,13036
1999,10,,6,5,1,1,0,0,0,0,2,1,2,3,4,1,26,2,21003
1999,10,,1,18,1,1,0,0,0,0,1,22,2,1,5,1,23,2,21006
1999,10,,7,13,1,1,0,0,0,0,2,1,2,1,3,1,3,2,21004
1999,10,,1,20,1,1,0,0,0,0,1,22,2,2,3,1,,1,21013
1999,10,,5,9,1,1,0,0,0,0,2,2,2,1,4,1,40,2,21012
1999,10,,6,0,0,0,0,0,0,0,1,2,2,3,4,1,51,1,21015
1999,10,,3,21,1,1,0,0,0,0,1,1,2,3,3,1,24,2,21015
1999,10,,6,13,0,0,0,0,0,0,1,1,2,1,4,1,63,1,21018
1999,10,,6,23,1,1,0,0,0,0,1,16,2,3,4,1,16,1,31006
1999,10,,4,18,1,1,0,0,0,0,1,18,2,1,4,1,21,1,11002
1999,10,,5,3,0,0,0,0,0,0,1,1,2,3,5,1,,,11002
1999,10,,5,18,0,0,0,0,0,0,1,1,2,1,4,1,,1,11029
1999,10,,7,17,0,0,0,0,0,0,1,1,2,1,4,1,44,1,11029
1999,10,,1,15,1,1,0,0,0,0,1,1,2,1,4,2,77,1,11009
1999,10,,2,19,1,1,0,0,0,0,1,1,2,1,4,1,35,2,11054
1999,10,,2,8,1,0,1,0,0,0,1,15,2,2,4,2,25,2,12021
1999,10,,4,17,1,1,0,0,0,0,1,2,2,1,4,2,46,2,12021
1999,10,,5,8,0,0,0,0,0,0,1,10,2,3,2,2,64,1,12007
1999,10,,7,8,0,0,0,0,0,0,1,2,2,2,3,1,19,1,12002
1999,10,,2,8,1,1,0,0,0,0,1,1,2,3,7,1,24,1,12025
1999,10,,6,7,0,0,0,0,0,0,1,3,1,4,3,2,41,1,11002
1999,11,,1,17,1,1,0,0,0,0,1,22,2,3,5,1,61,2,25121
1999,11,,3,14,0,0,0,0,0,0,1,2,2,1,3,1,38,2,11002
1999,11,,1,17,1,1,0,0,0,0,1,1,2,1,4,2,25,1,12025
1999,11,,4,12,1,1,0,0,0,0,1,1,2,1,3,2,35,2,12007