year,month,monthDay,weekDay,hour,numVictims,numSlightlyInjured,numSeverelyInjured,numMortallyInjured,numDiedWithin24Hours,numDiedWithin30Days,victimType,roadUserType,roadType,lightConditions,collisionType,areaType,age,sex,municipality
1999,11,,4,0,0,0,0,0,0,0,1,1,2,3,4,1,,,12014
1999,11,,7,19,0,0,0,0,0,0,1,1,2,3,4,2,33,2,11039
1999,11,,4,6,1,0,1,0,0,0,1,2,2,3,7,1,30,1,11022
1999,11,,1,12,1,0,1,0,0,0,1,18,2,1,4,1,78,1,11008
1999,11,,7,3,1,1,0,0,0,0,2,1,2,3,6,1,21,1,11002
1999,11,,5,21,0,0,0,0,0,0,1,1,1,3,3,2,56,1,11005
1999,11,,5,17,0,0,0,0,0,0,1,1,2,3,4,1,36,2,31005
1999,11,,6,18,1,1,0,0,0,0,1,15,2,1,4,2,39,1,31004
1999,11,,2,12,1,1,0,0,0,0,1,13,2,1,6,2,48,1,31004
1999,11,,4,19,1,1,0,0,0,0,1,22,2,2,5,1,87,2,21015
1999,11,,6,18,0,0,0,0,0,0,1,2,2,1,5,1,28,2,21012
1999,11,,2,12,0,0,0,0,0,0,1,1,2,1,4,1,54,1,21005
1999,11,,5,23,1,1,0,0,0,0,1,14,2,3,4,1,48,1,21007
1999,11,,1,13,1,1,0,0,0,0,1,22,2,1,5,1,10,2,21003
1999,11,,7,18,1,1,0,0,0,0,2,1,2,3,7,2,31,2,21002
1999,11,,1,18,1,0,1,0,0,0,1,15,2,2,2,2,55,2,13025
1999,11,,7,14,0,0,0,0,0,0,1,1,2,1,4,2,20,1,13019
1999,11,,7,16,1,1,0,0,0,0,1,13,2,1,8,2,58,1,13025
1999,11,,1,8,1,1,0,0,0,0,1,18,2,3,4,2,19,1,13011
1999,11,,6,21,0,0,0,0,0,0,1,1,2,3,3,1,20,1,13011
1999,11,,3,16,1,0,1,0,0,0,1,18,2,1,4,1,70,1,12025
1999,11,,2,21,1,1,0,0,0,0,1,1,2,3,4,2,65,1,12025
1999,11,,4,16,0,0,0,0,0,0,1,4,2,1,3,1,46,1,25119
1999,11,,4,0,1,1,0,0,0,0,2,1,1,3,1,2,20,2,25015
1999,11,,7,0,1,1,0,0,0,0,1,1,2,3,4,2,43,1,24107
1999,11,,3,11,1,1,0,0,0,0,2,17,2,1,7,2,28,1,24134
1999,11,,3,16,1,1,0,0,0,0,1,2,2,1,4,2,46,1,23097
1999,11,,5,8,1,1,0,0,0,0,1,1,1,1,7,2,32,2,24009
1999,11,,1,8,0,0,0,0,0,0,1,1,2,2,4,2,70,1,23062
1999,11,,1,16,1,1,0,0,0,0,1,1,1,1,3,2,26,2,23025
1999,11,,3,20,1,1,0,0,0,0,1,1,1,3,3,2,31,1,23050
1999,11,,5,13,0,0,0,0,0,0,1,9,2,1,2,2,26,1,23025
1999,11,,5,2,0,0,0,0,0,0,1,1,2,3,3,1,68,2,23025
1999,11,,2,19,0,0,0,0,0,0,1,4,2,3,3,1,,,71070
1999,11,,6,17,0,0,0,0,0,0,1,1,2,1,4,2,28,1,63089
1999,11,,2,21,1,0,1,0,0,0,1,18,2,3,4,2,60,2,72038
1999,11,,7,4,1,1,0,0,0,0,2,1,2,3,7,2,20,1,45064
1999,11,,7,14,0,0,0,0,0,0,1,1,2,1,4,1,68,1,92087
1999,11,,6,13,0,0,0,0,0,0,1,1,2,1,2,2,38,2,83044
1999,11,,5,9,1,0,1,0,0,0,1,1,2,1,2,2,34,2,82003
1999,11,,4,13,0,0,0,0,0,0,1,1,2,1,3,2,30,2,73083
1999,11,,3,16,1,0,1,0,0,0,1,15,2,1,4,1,15,2,73042
1999,11,,3,11,0,0,0,0,0,0,1,1,2,1,4,1,47,2,73006
1999,11,,1,9,0,0,0,0,0,0,1,1,2,2,4,2,36,1,72020
1999,11,,6,15,1,1,0,0,0,0,1,16,2,1,4,2,16,1,72025
1999,11,,6,6,1,0,1,0,0,0,1,4,1,3,3,2,31,1,71066
1999,11,,4,8,1,1,0,0,0,0,1,1,2,1,4,2,28,2,71016
1999,11,,1,18,1,0,1,0,0,0,1,1,2,2,3,2,47,2,71011
1999,11,,7,20,0,0,0,0,0,0,1,1,2,3,3,2,48,2,71004
1999,11,,2,15,1,1,0,0,0,0,1,2,2,1,1,2,20,2,71016
1999,11,,1,10,1,1,0,0,0,0,1,1,2,1,3,2,29,2,71004
1999,11,,1,8,0,0,0,0,0,0,1,1,2,1,2,2,44,1,63040
1999,11,,3,20,1,1,0,0,0,0,1,22,2,3,5,1,5,2,62063
1999,11,,3,8,0,0,0,0,0,0,1,1,2,3,5,1,20,2,62063
1999,11,,1,19,0,0,0,0,0,0,1,7,2,3,3,2,31,1,62051
1999,11,,5,20,1,1,0,0,0,0,1,1,2,3,4,1,34,1,56011
1999,11,,2,11,0,0,0,0,0,0,1,1,2,1,3,1,29,1,57062
1999,11,,1,19,1,1,0,0,0,0,1,4,2,3,2,1,36,2,56001
1999,11,,7,13,1,1,0,0,0,0,1,1,2,1,7,2,31,2,57081
1999,11,,4,17,1,1,0,0,0,0,1,1,2,1,2,2,67,2,57081
1999,11,,2,20,1,1,0,0,0,0,1,15,2,3,8,2,22,1,56011
1999,11,,4,19,1,1,0,0,0,0,1,1,2,3,4,1,73,1,55040
1999,11,,3,23,1,1,0,0,0,0,1,4,1,3,7,2,31,1,53065
1999,11,,4,20,1,0,1,0,0,0,2,1,2,3,2,1,40,1,52011
1999,11,,2,16,1,1,0,0,0,0,1,10,2,1,4,1,33,1,52011
1999,11,,4,8,1,1,0,0,0,0,2,1,1,2,6,2,26,1,52012
1999,11,,1,18,1,1,0,0,0,0,1,15,2,3,8,1,,2,46025
1999,11,,7,9,0,0,0,0,0,0,1,1,2,1,3,2,67,1,46025
1999,11,,1,20,1,1,0,0,0,0,1,1,2,3,3,1,47,1,46025
1999,11,,3,9,1,1,0,0,0,0,1,15,2,1,2,1,17,2,46021
1999,11,,4,18,1,1,0,0,0,0,1,15,2,2,4,1,17,1,46021
1999,11,,7,4,1,1,0,0,0,0,1,1,2,3,2,2,46,1,45035
1999,11,,1,19,1,1,0,0,0,0,1,16,2,2,8,2,42,1,44040
1999,11,,5,15,1,1,0,0,0,0,1,18,2,1,4,1,34,2,44021
1999,11,,4,16,1,1,0,0,0,0,1,1,2,1,3,1,29,2,44021
1999,11,,1,16,0,0,0,0,0,0,1,1,2,1,4,1,25,1,44019
1999,11,,7,8,1,0,1,0,0,0,1,1,2,3,7,2,24,1,44021
1999,11,,1,1,1,1,0,0,0,0,1,14,1,3,7,2,31,1,44013
1999,11,,4,11,0,0,0,0,0,0,1,1,2,1,5,1,48,2,43005
1999,11,,3,17,1,1,0,0,0,0,1,18,2,1,3,2,38,2,42025
1999,11,,7,1,1,1,0,0,0,0,1,1,2,3,2,1,18,1,42028
1999,11,,3,15,1,1,0,0,0,0,2,1,2,1,4,2,68,2,42025
1999,11,,1,16,0,0,0,0,0,0,1,1,2,1,4,2,71,2,42023
1999,11,,2,9,0,0,0,0,0,0,1,1,1,1,3,2,24,1,41002
1999,11,,4,20,0,0,0,0,0,0,1,6,2,3,2,2,28,1,41048
1999,11,,3,23,0,0,0,0,0,0,1,1,2,3,5,2,43,1,35011
1999,11,,1,8,1,1,0,0,0,0,1,18,2,1,4,1,12,2,34022
1999,11,,4,16,1,1,0,0,0,0,2,1,2,1,4,2,80,2,34013
1999,11,,4,16,1,1,0,0,0,0,1,18,2,1,8,1,74,1,34009
1999,11,,5,17,1,1,0,0,0,0,2,1,1,1,7,2,47,2,31022
1999,11,,1,13,0,0,0,0,0,0,1,1,2,1,2,1,67,1,31043
1999,11,,5,17,1,1,0,0,0,0,2,1,1,1,7,2,19,2,31022
1999,11,,7,7,1,1,0,0,0,0,1,1,2,3,4,1,21,2,31043
1999,11,,1,12,2,2,0,0,0,0,2,12,1,1,7,2,70,1,31040
1999,12,,5,14,1,1,0,0,0,0,2,1,2,1,2,2,41,2,31022
1999,12,,2,17,0,0,0,0,0,0,1,1,2,1,3,2,44,2,34003
1999,12,,5,13,0,0,0,0,0,0,1,4,2,1,4,1,26,1,35013
1999,12,,5,17,0,0,0,0,0,0,1,6,2,1,2,2,25,1,35011
1999,12,,3,19,1,1,0,0,0,0,1,15,2,2,2,1,46,2,35013
1999,12,,7,3,0,0,0,0,0,0,1,1,2,3,4,1,20,1,36015
1999,12,,3,19,1,1,0,0,0,0,1,15,2,3,4,1,17,1,35013
1999,12,,5,15,1,0,1,0,0,0,1,1,2,1,2,2,50,2,36012
1999,12,,1,10,0,0,0,0,0,0,1,1,2,1,4,1,61,2,41002
1999,12,,4,14,0,0,0,0,0,0,1,1,2,1,3,2,53,1,41048
1999,12,,3,15,1,1,0,0,0,0,1,16,2,1,4,1,18,1,41048
1999,12,,7,5,1,0,1,0,0,0,1,1,2,3,2,2,47,1,42010
1999,12,,4,11,0,0,0,0,0,0,1,1,2,1,3,2,64,2,43018
1999,12,,1,19,0,0,0,0,0,0,1,2,2,3,4,1,41,1,43005
1999,12,,2,18,1,1,0,0,0,0,1,15,2,3,5,1,18,1,44019
1999,12,,3,20,1,1,0,0,0,0,1,1,2,3,3,2,33,2,44013
1999,12,,1,18,1,1,0,0,0,0,1,16,2,3,2,2,16,1,44021
1999,12,,7,17,0,0,0,0,0,0,1,1,2,1,3,1,28,2,44036
1999,12,,3,14,1,1,0,0,0,0,1,4,1,1,3,2,26,1,46025
1999,12,,4,13,1,1,0,0,0,0,1,18,2,1,4,1,16,1,46021
1999,12,,2,5,0,0,0,0,0,0,1,1,2,3,3,1,,1,52012
1999,12,,2,15,0,0,0,0,0,0,1,1,2,1,5,1,20,1,53065
1999,12,,7,20,1,1,0,0,0,0,2,1,2,3,7,2,16,2,54007
1999,12,,1,18,1,0,1,0,0,0,1,16,2,3,2,1,32,1,54007
1999,12,,5,14,0,0,0,0,0,0,1,1,2,1,4,1,33,2,54007
1999,12,,5,1,1,1,0,0,0,0,1,1,2,3,4,1,28,1,55022
1999,12,,5,16,0,0,0,0,0,0,1,1,2,1,4,2,53,1,55010
1999,12,,7,20,1,1,0,0,0,0,2,1,2,3,7,2,64,2,56044
1999,12,,5,17,1,1,0,0,0,0,1,16,2,2,4,1,38,1,57081
1999,12,,3,18,0,0,0,0,0,0,1,1,2,3,4,2,21,1,61010
1999,12,,4,21,1,1,0,0,0,0,1,1,2,3,3,1,27,1,62063
1999,12,,2,11,1,1,0,0,0,0,2,1,2,1,4,1,44,2,62063
1999,12,,6,21,1,1,0,0,0,0,2,1,2,3,4,1,6,2,62063
1999,12,,7,8,1,1,0,0,0,0,1,2,1,2,7,2,31,1,62099
1999,12,,7,18,1,1,0,0,0,0,1,2,2,2,4,2,49,1,63013
1999,12,,7,18,1,1,0,0,0,0,2,1,2,2,3,1,48,2,63048
1999,12,,4,5,1,1,0,0,0,0,2,1,2,2,4,1,16,1,64075
1999,12,,7,6,1,1,0,0,0,0,2,1,1,4,3,2,29,1,71004
1999,12,,3,14,1,1,0,0,0,0,1,1,2,1,4,2,19,2,71004
1999,12,,7,19,0,0,0,0,0,0,1,1,2,3,,2,19,2,71016
1999,12,,1,17,1,1,0,0,0,0,1,14,2,1,4,2,19,1,71022
1999,12,,3,9,1,1,0,0,0,0,2,1,2,1,2,2,44,1,71053
1999,12,,5,12,1,1,0,0,0,0,2,1,2,1,3,2,36,1,72003
1999,12,,1,19,0,0,0,0,0,0,1,1,2,3,3,2,70,1,73107
1999,12,,7,16,1,0,1,0,0,0,2,1,2,1,4,2,3,1,82003
1999,12,,1,15,0,0,0,0,0,0,1,1,2,1,3,2,53,2,73107
1999,12,,1,15,1,1,0,0,0,0,1,1,2,1,3,2,24,2,73107
1999,12,,7,14,1,0,1,0,0,0,1,4,2,1,7,1,68,1,91013
1999,12,,3,13,1,1,0,0,0,0,1,18,2,1,4,1,49,1,92006
1999,12,,7,9,1,0,1,0,0,0,1,1,1,1,1,2,36,1,91030
1999,12,,5,17,0,0,0,0,0,0,1,1,2,2,3,1,23,2,92101
1999,12,,2,13,1,1,0,0,0,0,1,1,2,1,8,2,30,2,62121
1999,12,,2,20,1,0,1,0,0,0,1,1,2,1,4,2,23,2,72038
1999,12,,4,22,0,0,0,0,0,0,1,1,2,3,3,1,35,1,71070
1999,12,,2,21,0,0,0,0,0,0,1,1,2,3,4,2,41,1,23002
1999,12,,2,23,1,1,0,0,0,0,1,1,2,3,4,2,37,1,92137
1999,12,,4,12,1,1,0,0,0,0,1,1,1,1,4,1,41,2,23025
1999,12,,5,14,0,0,0,0,0,0,1,1,1,1,3,2,30,2,23094
1999,12,,5,8,0,0,0,0,0,0,1,1,2,2,4,1,54,2,23094
1999,12,,5,1,0,0,0,0,0,0,1,7,1,3,7,2,42,1,23099
1999,12,,1,19,0,0,0,0,0,0,1,16,2,3,5,1,17,1,24020
1999,12,,2,18,0,0,0,0,0,0,1,2,2,3,4,2,34,1,24038
1999,12,,3,10,0,0,0,0,0,0,1,1,2,1,4,2,28,2,24033
1999,12,,4,21,1,1,0,0,0,0,1,1,2,3,7,1,26,1,24062
1999,12,,3,23,0,0,0,0,0,0,1,1,2,3,4,1,46,2,24062
1999,12,,3,20,0,0,0,0,0,0,1,1,2,3,5,2,18,1,24055
1999,12,,4,8,0,0,0,0,0,0,1,1,2,2,5,1,20,2,24038
1999,12,,4,17,0,0,0,0,0,0,1,2,2,1,6,1,36,2,25014
1999,12,,3,3,1,1,0,0,0,0,1,1,1,3,7,2,,1,24094
1999,12,,1,17,1,1,0,0,0,0,1,22,2,2,5,1,31,1,24107
1999,12,,3,19,1,1,0,0,0,0,1,1,1,3,3,2,40,1,25084
1999,12,,6,4,1,1,0,0,0,0,2,1,1,3,7,2,31,2,25118
1999,12,,6,16,0,0,0,0,0,0,1,1,2,1,4,1,26,2,25091
1999,12,,7,14,0,0,0,0,0,0,1,1,2,1,4,2,47,1,25031
1999,12,,6,18,1,1,0,0,0,0,1,22,2,3,5,1,56,1,12025
1999,12,,1,17,1,1,0,0,0,0,1,14,2,3,4,1,33,1,13014
1999,12,,5,19,0,0,0,0,0,0,1,6,2,3,4,2,34,1,13013
1999,12,,5,16,1,1,0,0,0,0,1,1,2,1,3,2,40,2,13008
1999,12,,2,7,1,1,0,0,0,0,1,1,1,3,1,2,50,1,13011
1999,12,,3,13,1,0,1,0,0,0,1,18,2,1,4,2,50,2,13029
1999,12,,6,17,1,0,0,0,1,1,1,1,1,1,7,2,56,1,13029
1999,12,,5,19,1,0,1,0,0,0,2,1,2,4,4,2,47,1,13040
1999,12,,3,23,0,0,0,0,0,0,1,1,2,3,4,1,60,1,21004
1999,12,,2,8,0,0,0,0,0,0,1,1,2,3,5,1,52,1,21004
1999,12,,1,13,1,1,0,0,0,0,1,4,2,1,4,1,33,1,21012
1999,12,,7,18,0,0,0,0,0,0,1,1,2,3,5,1,,1,21016
1999,12,,2,16,1,1,0,0,0,0,1,1,2,1,6,1,48,1,21019
1999,12,,2,19,1,1,0,0,0,0,1,22,2,3,5,1,28,2,31005
1999,12,,5,15,1,1,0,0,0,0,1,15,2,1,4,1,17,2,31005
1999,12,,2,6,1,1,0,0,0,0,1,18,2,3,3,1,,2,11002
1999,12,,2,14,0,0,0,0,0,0,1,4,2,1,4,1,25,1,11023
1999,12,,1,12,1,1,0,0,0,0,1,4,2,1,4,2,33,1,11023
1999,12,,1,12,1,1,0,0,0,0,1,18,2,1,4,2,14,1,11039
1999,12,,3,16,0,0,0,0,0,0,1,1,2,1,4,2,30,2,11052
1999,12,,1,18,1,1,0,0,0,0,1,15,2,3,4,2,18,2,11040
1999,12,,6,12,0,0,0,0,0,0,1,6,2,1,5,2,21,1,11035
1999,12,,4,14,0,0,0,0,0,0,1,1,2,1,3,1,45,1,11037
1999,12,,4,8,0,0,0,0,0,0,1,15,2,2,2,2,17,1,11056
1999,12,,4,19,0,0,0,0,0,0,1,1,2,1,4,2,75,1,12014
1999,12,,6,14,1,0,0,0,1,1,2,1,2,1,2,2,31,2,12009
2001,1,,6,1,1,1,0,0,0,0,2,1,2,3,6,1,64,1,25121
2001,1,,4,15,1,1,0,0,0,0,1,15,2,1,4,1,18,2,11001
2001,1,,2,15,0,0,0,0,0,0,1,1,2,1,3,1,48,2,12007
2001,1,,2,10,0,0,0,0,0,0,1,1,2,1,4,1,31,1,11024
2001,1,,3,9,1,1,0,0,0,0,1,1,2,1,3,2,54,2,11013
2001,1,,7,2,0,0,0,0,0,0,1,1,1,3,3,2,32,1,11013
2001,1,,7,8,0,0,0,0,0,0,1,1,2,2,3,1,,1,11002
2001,1,,5,15,0,0,0,0,0,0,1,1,2,1,3,1,,1,11002
2001,1,,4,19,0,0,0,0,0,0,1,6,2,2,3,1,22,1,11002
2001,1,,3,8,0,0,0,0,0,0,1,1,2,2,2,1,,1,21011
2001,1,,5,19,1,1,0,0,0,0,2,1,2,3,4,1,10,2,21009
2001,1,,7,10,1,1,0,0,0,0,2,1,2,1,6,1,22,2,21003
2001,1,,2,18,1,1,0,0,0,0,1,22,2,3,5,1,,2,21002
2001,1,,2,16,0,0,0,0,0,0,1,1,2,1,3,2,63,1,13040
2001,1,,7,11,1,1,0,0,0,0,1,1,2,1,4,2,66,1,13008
2001,1,,5,18,0,0,0,0,0,0,1,2,2,1,2,1,41,1,24062
2001,1,,4,22,0,0,0,0,0,0,1,1,2,3,2,2,37,2,24028
2001,1,,4,8,1,1,0,0,0,0,1,4,2,2,4,2,38,1,24062
2001,1,,5,16,0,0,0,0,0,0,1,1,2,1,5,1,28,1,24062
2001,1,,6,12,1,1,0,0,0,0,1,1,1,1,7,2,21,1,24062
2001,1,,7,19,0,0,0,0,0,0,1,1,2,2,4,2,22,1,23105
2001,1,,4,6,1,1,0,0,0,0,1,7,1,3,3,2,50,1,23097
2001,1,,7,15,1,1,0,0,0,0,1,14,2,1,3,2,26,1,23086
2001,1,,2,10,1,1,0,0,0,0,1,14,1,1,8,2,37,1,23094
2001,1,,3,17,0,0,0,0,0,0,1,1,2,1,3,2,52,2,23033
2001,1,,2,10,1,0,1,0,0,0,1,1,2,1,4,2,73,1,23033
2001,1,,6,1,1,1,0,0,0,0,2,1,2,3,2,1,19,1,23003
2001,1,,5,23,1,1,0,0,0,0,1,1,2,3,2,1,19,1,11057
2001,1,,5,0,1,1,0,0,0,0,1,1,2,3,7,2,33,1,72041
2001,1,,1,13,1,1,0,0,0,0,1,1,2,1,3,1,24,1,71069
2001,1,,2,19,1,0,1,0,0,0,2,1,2,3,4,2,19,2,71070
2001,1,,4,19,0,0,0,0,0,0,1,1,2,3,4,2,38,2,62120
2001,1,,3,4,0,0,0,0,0,0,1,2,2,3,5,1,,,92094
2001,1,,1,4,1,1,0,0,0,0,1,2,2,3,7,2,36,1,92087
2001,1,,6,16,0,0,0,0,0,0,1,1,2,1,3,1,26,1,92003
2001,1,,1,12,1,1,0,0,0,0,1,4,2,1,2,1,63,1,82014
2001,1,,6,16,1,1,0,0,0,0,2,1,2,1,4,1,84,2,71022
2001,1,,2,18,1,1,0,0,0,0,1,1,2,1,2,2,74,1,71053
2001,1,,1,23,1,1,0,0,0,0,1,1,2,4,7,2,37,1,62108
2001,1,,7,1,1,1,0,0,0,0,2,1,2,3,7,1,35,1,62063
2001,1,,5,15,1,1,0,0,0,0,2,2,2,1,2,1,25,2,61031
2001,1,,5,7,1,1,0,0,0,0,1,1,2,3,8,1,26,1,56011
2001,1,,2,23,1,1,0,0,0,0,1,2,2,3,3,1,30,2,52011
2001,1,,4,11,1,1,0,0,0,0,1,1,2,1,4,1,23,1,52011
2001,1,,6,18,1,1,0,0,0,0,1,1,2,3,4,1,33,1,52011
2001,1,,2,7,0,0,0,0,0,0,1,4,2,3,6,2,27,1,52011
2001,1,,3,16,1,1,0,0,0,0,1,1,2,1,3,1,29,1,52011
2001,1,,7,17,1,1,0,0,0,0,1,2,2,1,4,2,56,1,52011
2001,1,,5,17,1,1,0,0,0,0,1,16,2,2,4,1,19,1,46003
2001,1,,4,19,1,1,0,0,0,0,1,1,2,3,3,2,25,1,44043
2001,1,,5,21,1,1,0,0,0,0,1,1,2,3,4,2,25,1,44021
2001,1,,4,14,1,1,0,0,0,0,1,1,2,1,7,2,28,1,44011
2001,1,,5,17,0,0,0,0,0,0,1,1,2,2,3,2,30,1,43002
2001,1,,3,8,0,0,0,0,0,0,1,1,2,3,3,2,38,1,41002
2001,1,,1,19,1,1,0,0,0,0,1,22,2,3,5,1,58,2,41002
2001,1,,5,11,1,1,0,0,0,0,1,1,2,1,4,1,82,2,41002
2001,1,,6,21,1,1,0,0,0,0,1,1,2,3,4,1,20,1,38014
2001,1,,2,21,1,0,1,0,0,0,1,15,2,3,4,1,28,1,36008
2001,1,,3,19,1,1,0,0,0,0,1,18,2,3,3,1,23,2,34041
2001,1,,3,10,0,0,0,0,0,0,1,1,2,1,3,1,46,2,35013
2001,1,,2,9,0,0,0,0,0,0,1,1,2,1,5,1,,,35005
2001,1,,3,15,0,0,0,0,0,0,1,1,2,1,5,1,,1,31033
2001,1,,6,22,0,0,0,0,0,0,1,1,2,3,2,2,45,1,31043
2001,2,,6,5,1,1,0,0,0,0,2,1,1,4,8,2,21,1,31022
2001,2,,4,12,0,0,0,0,0,0,1,6,2,1,4,1,39,1,31040
2001,2,,4,18,1,0,1,0,0,0,1,22,2,1,5,1,8,2,31040
2001,2,,5,7,1,1,0,0,0,0,1,1,2,3,7,1,31,1,31006
2001,2,,3,13,1,1,0,0,0,0,1,18,2,1,7,1,14,1,34013
2001,2,,2,8,1,0,1,0,0,0,2,1,2,1,1,2,14,2,32003
2001,2,,6,3,1,1,0,0,0,0,2,14,2,3,7,1,37,2,34040
2001,2,,1,21,1,1,0,0,0,0,2,1,2,3,4,2,7,2,34027
2001,2,,1,18,0,0,0,0,0,0,1,4,2,3,4,2,29,1,34025
2001,2,,2,7,1,1,0,0,0,0,1,15,2,2,4,1,46,1,35013
2001,2,,6,14,0,0,0,0,0,0,1,1,2,1,3,1,43,1,35013
2001,2,,5,8,1,0,1,0,0,0,1,21,2,2,5,1,63,1,34042
2001,2,,1,22,1,1,0,0,0,0,2,1,2,3,4,1,17,1,35002
2001,2,,5,16,1,1,0,0,0,0,1,2,2,1,4,1,44,1,36015
2001,2,,3,20,1,1,0,0,0,0,1,1,2,3,3,1,69,1,37007
2001,2,,5,10,2,2,0,0,0,0,2,1,2,1,4,1,4,2,41002
2001,2,,2,9,0,0,0,0,0,0,1,1,2,1,4,1,20,1,41002
2001,2,,2,8,0,0,0,0,0,0,1,1,2,3,4,1,25,2,41048
2001,2,,7,21,0,0,0,0,0,0,1,1,2,3,3,2,30,1,41081
2001,2,,5,23,0,0,0,0,0,0,1,1,2,3,4,1,38,1,42008
2001,2,,5,22,1,0,1,0,0,0,2,16,2,3,2,2,17,2,42026
2001,2,,3,15,1,1,0,0,0,0,1,18,2,1,4,1,50,1,44073
2001,2,,6,3,1,1,0,0,0,0,1,1,2,3,7,1,22,1,44072
2001,2,,2,17,1,1,0,0,0,0,1,14,2,1,4,2,27,1,44048
2001,2,,3,20,1,1,0,0,0,0,1,18,2,3,4,2,67,1,44048
2001,2,,4,9,1,1,0,0,0,0,1,4,2,1,4,1,25,1,46014
2001,2,,1,17,1,1,0,0,0,0,1,15,2,1,4,2,17,2,46014
2001,2,,7,4,0,0,0,0,0,0,1,1,2,3,4,1,19,1,46021
2001,2,,3,11,1,1,0,0,0,0,1,1,2,1,4,2,51,2,46014
2001,2,,5,1,0,0,0,0,0,0,1,1,2,3,7,1,43,1,51004
2001,2,,3,20,0,0,0,0,0,0,1,15,2,3,3,1,26,1,52015
2001,2,,7,14,0,0,0,0,0,0,1,2,1,1,1,2,24,1,52011
2001,2,,1,16,1,1,0,0,0,0,1,15,2,1,4,1,25,1,52021
2001,2,,7,20,1,1,0,0,0,0,2,1,2,3,3,1,21,2,53065
2001,2,,3,13,1,1,0,0,0,0,1,18,2,1,4,1,17,2,55010
2001,2,,2,21,1,1,0,0,0,0,1,1,2,3,3,2,,1,56011
2001,2,,7,14,1,1,0,0,0,0,2,1,2,1,4,1,15,1,62009
2001,2,,7,4,1,1,0,0,0,0,1,1,2,3,4,2,25,1,61043
2001,2,,7,17,1,0,1,0,0,0,2,4,1,1,7,2,29,2,62009
2001,2,,7,12,0,0,0,0,0,0,1,2,2,1,3,1,48,1,62038
2001,2,,6,19,1,1,0,0,0,0,2,1,2,3,4,2,17,2,61003
2001,2,,2,0,1,1,0,0,0,0,1,1,2,,4,1,41,1,62063
2001,2,,2,16,1,0,1,0,0,0,2,3,1,1,1,2,11,1,62108
2001,2,,3,8,0,0,0,0,0,0,1,22,2,2,5,1,12,1,62063
2001,2,,7,13,1,0,0,0,1,1,1,1,2,1,7,2,40,2,63075
2001,2,,4,19,0,0,0,0,0,0,1,6,2,4,4,2,49,1,63038
2001,2,,6,3,1,1,0,0,0,0,1,1,1,3,7,2,33,1,63035
2001,2,,6,18,1,1,0,0,0,0,2,2,2,1,4,2,8,1,64063
2001,2,,4,9,1,1,0,0,0,0,1,1,2,1,4,2,20,2,71022
2001,2,,1,11,1,0,1,0,0,0,1,18,2,1,4,2,43,2,73001
2001,2,,4,9,1,0,1,0,0,0,1,1,2,1,4,1,42,2,73032
2001,2,,4,16,1,1,0,0,0,0,1,1,2,1,4,2,40,2,83012
2001,2,,1,5,1,1,0,0,0,0,1,1,1,3,7,2,19,1,92006
2001,2,,5,13,0,0,0,0,0,0,1,10,2,1,3,1,53,1,92094
2001,2,,7,3,1,1,0,0,0,0,1,1,2,3,4,2,19,1,92094
2001,2,,5,8,1,1,0,0,0,0,1,22,2,3,5,1,13,2,92101
2001,2,,4,4,1,1,0,0,0,0,2,1,2,3,7,1,27,1,11057
2001,2,,1,23,1,1,0,0,0,0,2,4,2,3,4,2,20,2,23023
2001,2,,3,20,0,0,0,0,0,0,1,1,2,4,4,2,,1,23094
2001,2,,4,9,0,0,0,0,0,0,1,1,2,1,4,1,41,1,23088
2001,2,,3,14,1,1,0,0,0,0,2,2,2,1,4,2,16,1,23088
2001,2,,7,4,1,0,1,0,0,0,2,1,2,3,7,2,19,1,23105
2001,2,,1,22,1,1,0,0,0,0,1,1,2,3,3,2,29,2,24001
2001,2,,2,18,1,1,0,0,0,0,1,15,2,1,4,2,17,2,24011
2001,2,,5,6,1,1,0,0,0,0,1,1,1,4,3,2,18,1,24055
2001,2,,3,16,1,1,0,0,0,0,1,15,2,1,3,1,20,2,24062
2001,2,,7,19,0,0,0,0,0,0,1,1,2,4,3,2,24,2,25023
2001,2,,3,23,1,1,0,0,0,0,1,1,2,3,7,2,36,2,25091
2001,2,,4,16,0,0,0,0,0,0,1,2,2,1,5,1,,1,25072
2001,2,,3,15,0,0,0,0,0,0,1,1,2,1,5,1,18,2,12040
2001,2,,1,20,0,0,0,0,0,0,1,1,2,3,4,2,48,2,12026
2001,2,,7,12,1,0,1,0,0,0,2,1,1,1,7,2,32,1,13014
2001,2,,5,15,1,1,0,0,0,0,1,1,2,1,3,2,20,2,13006
2001,2,,1,8,0,0,0,0,0,0,1,1,2,1,3,2,33,1,13011
2001,2,,2,20,1,0,1,0,0,0,1,16,2,4,5,2,16,1,13040
2001,2,,5,8,1,1,0,0,0,0,1,1,2,3,3,1,27,1,21004
2001,2,,7,11,1,1,0,0,0,0,1,1,2,1,3,1,38,1,21004
2001,2,,3,16,1,1,0,0,0,0,1,16,2,1,4,1,17,1,21004
2001,2,,7,4,0,0,0,0,0,0,1,2,2,3,4,1,40,2,21014
2001,2,,7,10,1,1,0,0,0,0,1,1,2,1,4,1,28,1,21014