year,month,monthDay,weekDay,hour,numVictims,numSlightlyInjured,numSeverelyInjured,numMortallyInjured,numDiedWithin24Hours,numDiedWithin30Days,victimType,roadUserType,roadType,lightConditions,collisionType,areaType,age,sex,municipality
2001,2,,4,10,0,0,0,0,0,0,1,24,2,1,5,1,25,2,21009
2001,2,,5,20,1,0,0,0,1,1,1,22,2,3,5,1,80,2,21015
2001,2,,2,21,1,1,0,0,0,0,1,1,2,3,4,2,52,2,21016
2001,2,,5,13,1,1,0,0,0,0,2,1,2,1,1,1,32,2,21018
2001,2,,6,14,0,0,0,0,0,0,1,2,2,1,3,1,51,2,21016
2001,2,,4,13,0,0,0,0,0,0,1,2,2,1,4,2,46,2,31005
2001,2,,7,20,1,1,0,0,0,0,2,10,1,3,3,2,10,2,11005
2001,2,,3,13,1,1,0,0,0,0,1,18,2,1,4,1,18,2,11002
2001,2,,4,13,1,1,0,0,0,0,1,18,2,1,4,1,16,2,11002
2001,2,,1,18,1,1,0,0,0,0,1,1,2,2,3,2,23,1,11009
2001,2,,1,9,0,0,0,0,0,0,1,18,2,1,2,1,62,2,11021
2001,2,,4,16,0,0,0,0,0,0,1,18,2,1,4,1,6,2,11008
2001,2,,2,0,0,0,0,0,0,0,1,1,2,3,7,2,33,2,11024
2001,2,,4,9,1,1,0,0,0,0,2,1,2,1,4,1,20,2,11008
2001,2,,1,16,0,0,0,0,0,0,1,7,1,1,3,2,50,1,11054
2001,2,,3,14,0,0,0,0,0,0,1,1,2,1,3,2,41,1,12021
2001,2,,1,17,0,0,0,0,0,0,1,1,2,1,4,2,42,1,11002
2001,3,,7,7,0,0,0,0,0,0,1,2,2,2,4,1,35,1,11002
2001,3,,6,13,1,1,0,0,0,0,1,2,2,1,7,1,29,1,12021
2001,3,,2,18,1,1,0,0,0,0,1,1,2,1,4,2,19,1,11009
2001,3,,4,14,1,1,0,0,0,0,1,16,2,1,4,1,,1,11002
2001,3,,3,9,1,1,0,0,0,0,1,18,2,1,4,2,12,2,11002
2001,3,,3,15,1,1,0,0,0,0,2,1,2,1,3,1,34,1,31005
2001,3,,2,10,1,1,0,0,0,0,1,1,2,1,3,1,33,2,31005
2001,3,,6,10,1,0,1,0,0,0,1,16,2,1,4,1,19,2,31005
2001,3,,3,17,0,0,0,0,0,0,1,1,2,1,4,1,66,1,31005
2001,3,,6,19,0,0,0,0,0,0,1,1,2,3,4,1,24,1,31005
2001,3,,1,20,1,1,0,0,0,0,1,15,2,3,4,1,23,1,21018
2001,3,,4,7,1,1,0,0,0,0,1,1,2,2,3,1,26,2,21016
2001,3,,7,12,0,0,0,0,0,0,1,1,2,1,4,1,30,1,21009
2001,3,,6,19,0,0,0,0,0,0,1,1,2,2,4,1,68,1,21012
2001,3,,6,15,0,0,0,0,0,0,1,1,2,1,2,1,27,1,21012
2001,3,,1,18,1,1,0,0,0,0,1,15,2,1,4,1,17,1,21007
2001,3,,4,13,0,0,0,0,0,0,1,1,2,1,4,1,61,1,21007
2001,3,,4,12,1,1,0,0,0,0,2,1,2,1,4,1,35,2,21004
2001,3,,2,14,0,0,0,0,0,0,1,1,2,1,5,1,20,2,21002
2001,3,,1,21,1,1,0,0,0,0,1,18,2,3,3,1,27,1,13008
2001,3,,7,13,0,0,0,0,0,0,1,2,2,1,2,1,48,2,13010
2001,3,,6,14,1,0,1,0,0,0,1,1,2,1,7,2,59,2,13013
2001,3,,6,15,0,0,0,0,0,0,1,1,2,1,1,2,21,1,13011
2001,3,,6,15,1,1,0,0,0,0,2,1,2,1,1,2,19,2,13011
2001,3,,1,22,0,0,0,0,0,0,1,4,2,3,3,2,27,1,12040
2001,3,,3,18,0,0,0,0,0,0,1,1,2,1,4,1,45,1,12025
2001,3,,7,22,1,1,0,0,0,0,1,1,2,3,7,2,20,1,12026
2001,3,,1,15,0,0,0,0,0,0,1,1,2,1,4,1,20,2,12025
2001,3,,6,16,1,1,0,0,0,0,1,1,2,1,2,2,71,1,12030
2001,3,,7,17,1,1,0,0,0,0,2,1,1,1,3,2,68,2,23086
2001,3,,7,17,0,0,0,0,0,0,1,1,1,1,3,2,69,1,23086
2001,3,,1,7,1,1,0,0,0,0,1,16,2,1,4,2,30,2,23094
2001,3,,1,8,1,1,0,0,0,0,1,14,1,1,4,2,50,1,23062
2001,3,,4,12,0,0,0,0,0,0,1,6,1,1,4,2,32,1,23016
2001,3,,4,14,0,0,0,0,0,0,1,1,2,1,3,1,46,1,23027
2001,3,,1,11,0,0,0,0,0,0,1,1,1,1,4,1,29,1,23016
2001,3,,5,8,1,1,0,0,0,0,1,1,2,2,4,2,66,1,92141
2001,3,,4,18,1,1,0,0,0,0,1,1,2,1,3,2,39,1,72039
2001,3,,5,18,0,0,0,0,0,0,1,1,2,1,5,1,37,2,53082
2001,3,,2,9,1,1,0,0,0,0,1,15,2,1,4,1,18,1,92094
2001,3,,4,13,0,0,0,0,0,0,1,1,2,1,4,1,75,1,92094
2001,3,,5,14,1,1,0,0,0,0,1,2,2,1,3,1,58,2,91034
2001,3,,3,20,1,0,1,0,0,0,1,1,1,2,4,2,25,2,91141
2001,3,,7,19,1,1,0,0,0,0,2,1,2,1,3,2,,1,84059
2001,3,,1,1,1,0,0,0,1,1,1,1,2,,7,2,45,2,84035
2001,3,,5,10,0,0,0,0,0,0,1,1,2,1,3,2,49,1,73042
2001,3,,6,12,0,0,0,0,0,0,1,1,2,1,3,1,22,1,73107
2001,3,,7,16,0,0,0,0,0,0,1,1,2,1,3,2,27,1,73006
2001,3,,4,17,1,1,0,0,0,0,1,1,2,1,4,2,22,1,72029
2001,3,,5,15,1,1,0,0,0,0,2,1,2,1,3,2,58,2,72029
2001,3,,7,15,0,0,0,0,0,0,1,1,2,1,3,2,19,1,72025
2001,3,,4,7,1,0,0,0,1,1,1,1,1,3,3,2,51,1,71057
2001,3,,5,16,1,1,0,0,0,0,1,18,2,1,4,2,42,1,71017
2001,3,,7,18,1,1,0,0,0,0,1,1,2,1,4,1,23,1,71016
2001,3,,5,16,1,1,0,0,0,0,2,2,2,1,3,2,38,2,71004
2001,3,,2,9,1,1,0,0,0,0,1,22,2,1,5,1,8,1,63079
2001,3,,6,12,0,0,0,0,0,0,1,1,2,1,3,2,48,1,64034
2001,3,,1,13,0,0,0,0,0,0,1,1,2,1,4,1,42,2,63023
2001,3,,7,12,1,0,1,0,0,0,1,1,2,1,7,1,37,2,62079
2001,3,,3,14,1,1,0,0,0,0,1,1,2,1,4,1,78,1,62063
2001,3,,5,17,0,0,0,0,0,0,1,1,2,1,4,1,32,1,62063
2001,3,,7,16,1,1,0,0,0,0,2,1,2,1,3,2,16,1,61043
2001,3,,6,20,1,0,0,0,1,1,1,14,2,3,4,2,42,1,56044
2001,3,,6,0,1,1,0,0,0,0,1,1,2,3,3,1,46,1,54007
2001,3,,6,21,1,1,0,0,0,0,1,1,2,3,2,1,56,1,54007
2001,3,,7,22,1,1,0,0,0,0,2,1,2,3,4,1,31,2,53065
2001,3,,3,9,1,1,0,0,0,0,1,2,1,1,3,2,44,2,53053
2001,3,,5,18,0,0,0,0,0,0,1,1,2,1,4,1,47,1,52015
2001,3,,4,18,1,1,0,0,0,0,1,1,2,3,4,2,44,1,52018
2001,3,,6,17,0,0,0,0,0,0,1,1,2,1,3,1,30,1,52012
2001,3,,4,4,1,0,1,0,0,0,1,2,2,3,7,1,25,1,52011
2001,3,,5,0,1,0,1,0,0,0,2,2,2,3,7,2,7,1,51009
2001,3,,6,22,1,1,0,0,0,0,1,15,2,3,3,1,18,1,52011
2001,3,,5,8,1,1,0,0,0,0,1,18,2,1,4,2,18,2,46025
2001,3,,6,19,1,1,0,0,0,0,2,1,2,1,2,2,30,1,46013
2001,3,,2,20,1,0,1,0,0,0,1,1,2,2,6,1,48,1,44045
2001,3,,4,16,0,0,0,0,0,0,1,1,2,1,4,2,44,1,44043
2001,3,,7,12,1,1,0,0,0,0,2,1,2,1,3,2,29,1,44052
2001,3,,2,23,1,0,0,0,1,1,1,7,1,3,3,2,44,1,44021
2001,3,,5,9,0,0,0,0,0,0,1,1,2,1,5,1,18,1,44011
2001,3,,4,14,1,1,0,0,0,0,1,18,2,1,4,1,,2,43010
2001,3,,5,10,0,0,0,0,0,0,1,2,2,1,4,2,46,1,42006
2001,3,,5,8,1,1,0,0,0,0,1,16,2,1,4,1,17,1,41048
2001,3,,7,6,1,1,0,0,0,0,2,1,2,3,4,1,22,1,41048
2001,3,,3,15,1,1,0,0,0,0,1,18,2,1,3,1,66,1,36015
2001,3,,5,3,1,1,0,0,0,0,1,1,2,3,6,2,37,1,36008
2001,3,,3,15,0,0,0,0,0,0,1,7,2,1,4,1,30,1,36015
2001,3,,6,17,1,0,0,0,1,1,1,1,2,1,4,2,26,1,35005
2001,3,,7,11,0,0,0,0,0,0,1,1,2,1,4,1,44,1,35013
2001,3,,7,8,1,1,0,0,0,0,2,1,2,1,2,2,16,2,34040
2001,3,,4,8,0,0,0,0,0,0,1,4,2,1,4,1,42,1,34022
2001,3,,6,15,1,1,0,0,0,0,1,1,2,1,4,2,20,1,34025
2001,3,,5,9,1,1,0,0,0,0,1,16,2,1,3,1,16,1,33011
2001,3,,6,15,1,1,0,0,0,0,1,18,2,1,2,1,14,1,33011
2001,3,,3,18,1,1,0,0,0,0,1,1,2,1,1,2,27,2,33011
2001,4,,4,19,0,0,0,0,0,0,1,1,2,1,4,1,41,2,31043
2001,4,,5,17,1,1,0,0,0,0,1,18,2,1,4,1,12,1,31043
2001,4,,5,19,0,0,0,0,0,0,1,1,2,1,5,1,52,1,34022
2001,4,,6,22,1,1,0,0,0,0,1,1,2,3,2,2,22,1,35005
2001,4,,7,7,1,1,0,0,0,0,1,1,2,2,6,2,20,1,36015
2001,4,,5,17,0,0,0,0,0,0,1,4,2,1,3,1,59,1,36015
2001,4,,3,16,0,0,0,0,0,0,1,1,2,1,3,1,35,2,38025
2001,4,,1,21,1,1,0,0,0,0,1,13,2,1,4,1,20,1,41027
2001,4,,6,18,0,0,0,0,0,0,1,1,2,1,4,1,23,2,42008
2001,4,,5,7,1,0,1,0,0,0,1,16,2,3,3,1,20,1,42003
2001,4,,3,12,1,1,0,0,0,0,1,21,2,1,5,1,70,2,43005
2001,4,,7,7,0,0,0,0,0,0,1,7,2,3,3,2,53,1,43018
2001,4,,7,16,1,0,1,0,0,0,1,2,1,1,7,2,66,2,44001
2001,4,,4,18,1,1,0,0,0,0,1,1,2,1,4,2,,1,44001
2001,4,,7,7,0,0,0,0,0,0,1,16,2,3,4,1,23,1,43005
2001,4,,5,8,1,1,0,0,0,0,1,1,2,1,3,1,36,2,44021
2001,4,,7,18,1,1,0,0,0,0,1,22,2,1,5,1,8,1,44034
2001,4,,3,15,0,0,0,0,0,0,1,1,2,1,4,1,27,1,45059
2001,4,,4,8,1,1,0,0,0,0,1,18,2,1,4,1,22,2,46021
2001,4,,1,9,1,1,0,0,0,0,1,1,2,1,3,2,20,1,46014
2001,4,,2,17,1,0,1,0,0,0,1,16,2,1,4,1,18,1,52011
2001,4,,6,18,1,1,0,0,0,0,2,1,2,1,7,1,16,1,52011
2001,4,,6,22,1,1,0,0,0,0,1,1,2,3,4,1,31,1,52011
2001,4,,3,20,0,0,0,0,0,0,1,1,2,1,2,2,55,1,55023
2001,4,,7,7,1,1,0,0,0,0,1,1,1,2,3,2,25,1,57064
2001,4,,7,4,2,2,0,0,0,0,2,1,2,3,3,2,20,1,57081
2001,4,,3,8,1,0,1,0,0,0,1,22,2,1,5,1,8,1,61072
2001,4,,7,18,0,0,0,0,0,0,1,1,2,1,2,1,43,1,62063
2001,4,,2,17,1,1,0,0,0,0,1,1,2,1,2,1,40,1,62118
2001,4,,4,4,0,0,0,0,0,0,1,1,2,3,3,1,,1,62096
2001,4,,3,13,0,0,0,0,0,0,1,7,1,1,3,2,27,1,63076
2001,4,,1,14,1,1,0,0,0,0,2,1,2,1,4,2,22,2,71004
2001,4,,4,13,0,0,0,0,0,0,1,1,2,1,4,2,51,2,71016
2001,4,,3,13,0,0,0,0,0,0,1,1,2,1,4,2,33,2,71016
2001,4,,4,8,1,0,1,0,0,0,1,1,2,1,2,1,26,2,71053
2001,4,,3,15,0,0,0,0,0,0,1,1,2,1,3,2,24,2,71053
2001,4,,7,3,1,0,0,0,1,1,1,1,2,3,7,2,22,1,71067
2001,4,,4,9,1,1,0,0,0,0,1,18,2,1,3,2,42,1,72020
2001,4,,1,16,0,0,0,0,0,0,1,2,2,1,2,2,36,1,72025
2001,4,,5,16,1,1,0,0,0,0,1,15,2,1,5,1,16,1,73042
2001,4,,7,21,0,0,0,0,0,0,1,1,2,2,2,1,22,2,81001
2001,4,,5,19,0,0,0,0,0,0,1,1,2,1,4,1,24,1,73107
2001,4,,7,15,1,1,0,0,0,0,1,14,2,1,7,1,33,1,82005
2001,4,,1,15,1,1,0,0,0,0,1,1,2,1,4,1,51,1,92094
2001,4,,3,18,0,0,0,0,0,0,1,1,2,1,3,2,45,1,92035
2001,4,,2,10,1,1,0,0,0,0,1,1,2,1,4,2,31,2,13053
2001,4,,5,15,1,1,0,0,0,0,1,1,2,1,3,2,21,1,13053
2001,4,,2,14,0,0,0,0,0,0,1,4,2,1,4,2,43,1,37020
2001,4,,6,20,1,1,0,0,0,0,1,1,2,1,4,1,19,2,45063
2001,4,,6,16,1,1,0,0,0,0,1,22,2,1,5,1,77,2,72039
2001,4,,5,0,2,1,1,0,0,0,2,1,2,3,3,2,0,1,72038
2001,4,,3,16,0,0,0,0,0,0,1,4,1,1,3,2,25,1,23016
2001,4,,3,11,1,1,0,0,0,0,2,2,1,1,3,2,12,2,92142
2001,4,,6,17,0,0,0,0,0,0,1,1,2,1,4,2,20,1,72041
2001,4,,4,5,1,0,1,0,0,0,1,16,2,3,7,1,19,1,54010
2001,4,,3,21,1,1,0,0,0,0,2,2,2,2,3,1,18,2,23025
2001,4,,7,17,1,1,0,0,0,0,1,14,2,1,2,1,24,1,23052
2001,4,,2,10,0,0,0,0,0,0,1,7,1,1,3,2,47,1,23094
2001,4,,5,9,0,0,0,0,0,0,1,1,2,1,5,1,39,2,24062
2001,4,,1,10,0,0,0,0,0,0,1,1,2,1,4,2,25,1,24133
2001,4,,4,20,0,0,0,0,0,0,1,2,2,2,2,1,21,1,25015
2001,4,,6,10,1,1,0,0,0,0,1,1,2,1,4,2,22,1,24135
2001,4,,1,8,1,1,0,0,0,0,1,1,1,1,3,2,53,1,25112
2001,4,,4,19,1,1,0,0,0,0,1,14,2,1,4,1,27,1,25072
2001,4,,3,18,1,1,0,0,0,0,2,14,2,1,8,2,84,1,25072
2001,4,,5,9,1,1,0,0,0,0,1,1,2,1,4,2,35,1,12035
2001,4,,6,17,1,1,0,0,0,0,1,1,2,1,4,2,40,2,13008
2001,4,,3,14,0,0,0,0,0,0,1,1,2,1,4,2,22,1,13011
2001,4,,1,21,1,1,0,0,0,0,1,1,2,2,8,2,29,2,13025
2001,4,,6,14,0,0,0,0,0,0,1,1,2,1,4,2,75,2,13040
2001,4,,4,10,0,0,0,0,0,0,1,1,2,1,5,1,19,2,13019
2001,4,,4,12,1,1,0,0,0,0,2,1,2,1,2,2,70,2,13049
2001,4,,4,11,1,1,0,0,0,0,1,15,2,1,4,1,20,2,31005
2001,4,,4,20,1,1,0,0,0,0,1,1,1,1,4,2,37,1,11002
2001,5,,7,5,1,1,0,0,0,0,1,1,2,3,4,2,37,1,11002
2001,5,,6,19,1,1,0,0,0,0,1,1,2,1,3,1,41,1,11002
2001,5,,2,12,0,0,0,0,0,0,1,1,1,1,3,2,40,2,11002
2001,5,,1,11,1,1,0,0,0,0,1,1,2,1,4,2,42,2,12021
2001,5,,3,13,1,1,0,0,0,0,2,1,2,1,3,2,12,2,12014
2001,5,,6,0,1,1,0,0,0,0,1,16,2,3,4,1,17,1,11039
2001,5,,1,19,0,0,0,0,0,0,1,1,2,1,4,2,32,2,11018
2001,5,,1,19,0,0,0,0,0,0,1,1,2,1,2,1,26,1,11029
2001,5,,4,21,1,1,0,0,0,0,2,1,2,1,4,2,71,2,11009
2001,5,,7,19,0,0,0,0,0,0,1,1,2,1,3,1,40,1,11023
2001,5,,5,15,0,0,0,0,0,0,1,1,2,1,4,1,,1,11002
2001,5,,1,13,1,1,0,0,0,0,1,1,2,1,3,1,45,2,31005
2001,5,,2,9,1,1,0,0,0,0,1,16,2,1,4,1,20,1,31005
2001,5,,3,13,1,1,0,0,0,0,2,1,2,1,7,1,15,1,21016
2001,5,,4,12,0,0,0,0,0,0,1,6,2,1,3,1,47,1,21012
2001,5,,4,14,0,0,0,0,0,0,1,1,2,1,4,1,76,1,21009
2001,5,,3,13,0,0,0,0,0,0,1,1,2,1,5,1,57,1,21004
2001,5,,6,14,0,0,0,0,0,0,1,10,2,1,2,1,52,1,21004
2001,5,,4,18,0,0,0,0,0,0,1,14,2,1,5,1,33,1,21004
2001,5,,1,13,1,1,0,0,0,0,1,2,2,1,3,2,,1,13040
2001,5,,5,19,1,1,0,0,0,0,1,1,2,1,3,1,37,1,13017
2001,5,,1,1,1,0,1,0,0,0,1,1,2,3,4,2,49,2,13014
2001,5,,5,7,1,1,0,0,0,0,1,16,2,1,4,1,22,2,13004
2001,5,,3,5,0,0,0,0,0,0,1,1,2,2,4,1,,,25068
2001,5,,3,18,1,1,0,0,0,0,2,16,2,1,4,1,17,2,24107
2001,5,,6,18,1,1,0,0,0,0,1,1,2,1,4,1,30,1,24094
2001,5,,6,18,1,1,0,0,0,0,2,1,2,1,4,1,29,2,24094
2001,5,,2,17,1,1,0,0,0,0,1,16,2,1,5,1,17,1,24062
2001,5,,3,20,0,0,0,0,0,0,1,17,2,1,2,2,61,1,24020
2001,5,,6,6,1,1,0,0,0,0,1,1,2,2,6,2,21,1,24001
2001,5,,7,14,0,0,0,0,0,0,1,1,2,1,3,2,,1,24007
2001,5,,6,15,0,0,0,0,0,0,1,1,2,1,4,1,65,2,23088
2001,5,,6,1,1,0,1,0,0,0,1,1,1,3,2,2,48,1,23050
2001,5,,5,22,1,1,0,0,0,0,1,15,2,1,2,1,17,1,23044
2001,5,,2,17,1,1,0,0,0,0,1,4,1,1,1,2,51,1,23016
2001,5,,4,22,0,0,0,0,0,0,1,1,2,1,4,1,54,1,23025
2001,5,,2,18,1,1,0,0,0,0,2,1,2,1,3,1,6,2,92140
2001,5,,5,16,1,1,0,0,0,0,1,1,2,1,4,2,55,2,72038
2001,5,,4,11,1,1,0,0,0,0,1,18,2,1,2,2,35,1,63088
2001,5,,2,8,1,0,1,0,0,0,2,4,2,1,4,2,,1,72040
2001,5,,5,22,0,0,0,0,0,0,1,1,2,1,4,2,20,1,92094
2001,5,,2,15,1,1,0,0,0,0,1,15,2,1,4,1,,1,92094
2001,5,,7,6,1,0,0,0,1,1,2,4,2,,7,1,33,1,13053
2001,5,,7,17,0,0,0,0,0,0,1,1,2,1,2,2,31,1,93010
2001,5,,2,14,0,0,0,0,0,0,1,6,2,1,3,1,22,1,93014
2001,5,,6,16,1,1,0,0,0,0,2,1,2,1,4,1,17,2,92094
2001,5,,3,18,1,1,0,0,0,0,1,1,2,1,4,2,26,2,92006
2001,5,,5,16,0,0,0,0,0,0,1,1,2,1,4,1,45,1,85045
2001,5,,4,16,0,0,0,0,0,0,1,1,2,1,3,2,50,1,83031
2001,5,,5,17,0,0,0,0,0,0,1,6,2,1,7,1,25,2,84010
2001,5,,6,19,1,0,1,0,0,0,1,14,2,1,4,1,31,1,83031
2001,5,,6,17,1,0,1,0,0,0,1,18,2,1,2,1,20,2,83034
2001,5,,4,16,1,1,0,0,0,0,2,1,2,1,4,1,2,1,73042
2001,5,,5,17,0,0,0,0,0,0,1,1,2,1,5,1,,1,73006
2001,5,,2,19,0,0,0,0,0,0,1,1,2,1,3,2,24,2,71066
2001,5,,2,0,0,0,0,0,0,0,1,1,1,3,3,2,44,1,71066
2001,5,,7,22,0,0,0,0,0,0,1,1,1,2,3,2,41,2,71037
2001,5,,6,23,1,1,0,0,0,0,2,1,2,3,4,2,23,2,71022
2001,5,,1,21,0,0,0,0,0,0,1,7,2,2,4,2,30,1,71004
2001,5,,4,9,1,1,0,0,0,0,1,18,2,1,4,2,14,2,71016
2001,5,,2,8,0,0,0,0,0,0,1,7,1,1,7,2,27,1,64065
2001,5,,1,10,0,0,0,0,0,0,1,9,2,1,4,2,36,1,64075
2001,5,,3,14,1,1,0,0,0,0,1,1,2,1,3,1,40,2,64034
2001,5,,6,11,0,0,0,0,0,0,1,4,2,1,3,2,25,1,63013
2001,5,,6,14,0,0,0,0,0,0,1,1,2,1,4,2,36,1,63012
2001,5,,5,0,1,1,0,0,0,0,1,15,2,3,4,1,22,1,62096
2001,5,,3,13,1,1,0,0,0,0,2,1,2,1,4,2,71,2,62079
2001,5,,4,10,1,1,0,0,0,0,1,1,2,1,3,1,28,2,62063
2001,5,,3,19,0,0,0,0,0,0,1,7,1,1,4,2,55,1,62063
2001,5,,2,22,1,1,0,0,0,0,1,16,2,3,7,1,53,1,62063
2001,5,,4,4,1,1,0,0,0,0,1,4,2,3,7,1,29,1,62063
2001,5,,4,16,0,0,0,0,0,0,1,1,2,1,4,1,59,1,62051
2001,5,,4,12,1,1,0,0,0,0,2,1,2,1,4,2,13,1,61043
2001,5,,3,12,1,1,0,0,0,0,1,1,2,1,4,2,29,1,56044
2001,5,,2,19,1,1,0,0,0,0,1,1,2,1,3,2,45,1,57018
2001,5,,3,15,1,1,0,0,0,0,1,14,2,1,4,1,,1,53065
2001,5,,6,5,1,1,0,0,0,0,1,1,2,3,2,1,19,1,53053
2001,5,,4,14,1,1,0,0,0,0,1,1,2,1,2,1,50,2,52015
2001,5,,2,19,1,1,0,0,0,0,2,2,2,1,4,1,50,2,52011
2001,5,,4,15,0,0,0,0,0,0,1,1,2,1,5,1,80,2,52011
2001,5,,1,19,1,1,0,0,0,0,2,1,2,1,3,1,,1,52011
2001,5,,6,19,1,0,1,0,0,0,1,22,2,1,5,1,3,1,46021
2001,5,,1,14,1,1,0,0,0,0,1,1,2,1,7,2,45,1,45017
2001,5,,1,19,1,0,1,0,0,0,1,18,2,1,2,1,14,2,44081
2001,5,,7,13,0,0,0,0,0,0,1,1,2,1,3,2,40,1,45035
2001,5,,6,23,1,1,0,0,0,0,1,1,2,3,4,2,26,1,44040
2001,5,,3,17,1,1,0,0,0,0,1,22,2,1,5,1,6,2,44021
2001,5,,3,17,0,0,0,0,0,0,1,1,2,1,5,1,35,1,44021
2001,5,,5,2,1,0,1,0,0,0,1,1,2,3,3,2,64,2,44021
2001,5,,2,9,0,0,0,0,0,0,1,6,2,1,3,2,36,1,43005
2001,5,,5,23,1,1,0,0,0,0,1,1,2,4,7,2,21,1,42028
2001,5,,5,12,1,1,0,0,0,0,1,1,2,1,4,2,63,2,43010
2001,5,,5,14,1,1,0,0,0,0,2,1,2,1,3,1,52,2,42006
2001,5,,1,12,1,1,0,0,0,0,2,1,2,1,2,2,72,2,41048
2001,5,,3,9,1,1,0,0,0,0,1,18,2,1,3,2,17,1,38025
2001,5,,1,17,1,1,0,0,0,0,1,2,2,1,3,2,36,2,38016
2001,5,,2,23,1,1,0,0,0,0,1,1,2,3,3,1,23,1,36015
2001,5,,2,23,0,0,0,0,0,0,1,1,2,3,3,1,33,1,36015
2001,5,,4,18,1,1,0,0,0,0,2,1,2,1,2,2,2,1,34040
2001,5,,3,23,0,0,0,0,0,0,1,2,2,3,4,1,42,1,34022
2001,5,,6,23,0,0,0,0,0,0,1,1,2,3,4,1,23,1,34022
2001,5,,4,7,0,0,0,0,0,0,1,1,2,1,4,1,,,34022
2001,5,,7,15,1,0,1,0,0,0,1,14,2,1,8,2,32,1,33011
2001,5,,2,0,1,1,0,0,0,0,1,4,2,4,3,2,51,1,31042
2001,6,,7,14,1,0,1,0,0,0,2,1,2,1,4,1,25,1,31043
2001,6,,3,18,0,0,0,0,0,0,1,1,2,1,4,2,47,1,34013
2001,6,,4,18,0,0,0,0,0,0,1,7,2,1,4,2,52,1,32010
2001,6,,5,16,1,0,1,0,0,0,1,1,2,1,4,2,77,2,33021
2001,6,,5,21,1,1,0,0,0,0,1,18,2,1,4,1,17,2,34022
2001,6,,2,13,1,1,0,0,0,0,1,9,2,1,4,1,57,1,34023
2001,6,,1,0,0,0,0,0,0,0,1,1,2,3,4,1,27,1,36015
2001,6,,6,11,1,1,0,0,0,0,1,1,2,1,4,2,26,1,36015
2001,6,,1,19,1,0,1,0,0,0,1,15,2,1,3,1,18,1,41018
2001,6,,3,13,1,1,0,0,0,0,1,16,2,1,4,2,16,1,43005
2001,6,,5,11,1,1,0,0,0,0,1,16,2,1,2,1,19,1,43005
2001,6,,6,19,1,1,0,0,0,0,2,1,2,1,4,1,20,2,44020
2001,6,,4,11,1,1,0,0,0,0,1,22,2,1,5,1,16,2,44013
2001,6,,5,17,1,1,0,0,0,0,1,18,2,1,4,1,70,1,44019
2001,6,,2,5,1,1,0,0,0,0,1,1,2,4,7,2,31,1,44021
2001,6,,5,23,1,1,0,0,0,0,1,1,2,3,4,1,36,2,44021
2001,6,,2,16,1,1,0,0,0,0,1,4,2,1,4,2,27,1,44040
2001,6,,5,17,1,1,0,0,0,0,1,16,2,1,4,1,16,1,44021
2001,6,,6,4,1,1,0,0,0,0,1,1,2,3,7,2,36,1,45059
2001,6,,4,13,1,1,0,0,0,0,1,18,2,1,4,1,47,1,46021
2001,6,,3,12,1,1,0,0,0,0,1,18,2,1,3,2,15,2,46021
2001,6,,6,14,0,0,0,0,0,0,1,1,2,1,4,1,33,2,46014
2001,6,,1,6,1,1,0,0,0,0,1,1,2,1,4,1,57,1,52011
2001,6,,7,4,1,1,0,0,0,0,1,1,2,3,6,1,26,1,52011
2001,6,,4,10,1,1,0,0,0,0,2,1,2,1,4,2,78,2,54007
2001,6,,7,6,1,1,0,0,0,0,2,1,2,1,6,2,22,1,53070
2001,6,,5,15,0,0,0,0,0,0,1,1,2,1,5,1,,2,53070
2001,6,,4,23,0,0,0,0,0,0,1,7,1,3,7,2,60,1,53070
2001,6,,3,12,1,0,1,0,0,0,2,16,2,1,4,2,14,2,57064
2001,6,,2,2,0,0,0,0,0,0,1,1,2,3,3,1,25,1,62063
2001,6,,3,19,1,1,0,0,0,0,1,1,2,1,4,1,43,1,62063
2001,6,,6,12,1,1,0,0,0,0,2,1,2,1,3,1,25,2,62079
2001,6,,2,9,1,1,0,0,0,0,1,4,2,1,4,1,26,2,62079
2001,6,,7,17,0,0,0,0,0,0,1,1,2,1,4,1,78,2,62063
2001,6,,6,12,1,1,0,0,0,0,1,18,2,1,4,2,12,1,71016
2001,6,,7,6,1,0,1,0,0,0,1,1,1,1,3,2,23,1,64047
2001,6,,4,14,1,1,0,0,0,0,1,1,2,1,3,2,49,2,71016
2001,6,,5,22,1,1,0,0,0,0,1,1,2,3,4,2,48,1,71022
2001,6,,5,12,0,0,0,0,0,0,1,1,2,1,4,2,38,1,71034
2001,6,,7,15,1,0,1,0,0,0,1,1,2,1,7,2,22,1,71053
2001,6,,7,4,1,0,1,0,0,0,2,16,2,3,4,2,15,2,72020
2001,6,,5,15,0,0,0,0,0,0,1,10,2,1,4,2,56,1,73006
2001,6,,1,18,1,1,0,0,0,0,1,15,2,1,7,2,20,1,72004
2001,6,,3,10,0,0,0,0,0,0,1,1,2,1,4,2,53,1,72020
2001,6,,4,15,1,1,0,0,0,0,1,18,2,1,4,1,70,2,72021
2001,6,,7,17,1,1,0,0,0,0,2,1,2,1,4,2,29,1,73098
2001,6,,3,11,1,1,0,0,0,0,2,1,2,1,4,2,28,2,73107
2001,6,,2,18,1,0,1,0,0,0,1,1,2,1,3,2,,2,84009
2001,6,,6,14,1,1,0,0,0,0,2,1,1,1,7,2,3,2,82014
2001,6,,5,10,0,0,0,0,0,0,1,2,2,1,2,2,46,2,92003
2001,6,,7,3,1,1,0,0,0,0,1,1,2,4,7,2,58,2,91072