year,month,monthDay,weekDay,hour,numVictims,numSlightlyInjured,numSeverelyInjured,numMortallyInjured,numDiedWithin24Hours,numDiedWithin30Days,victimType,roadUserType,roadType,lightConditions,collisionType,areaType,age,sex,municipality
2001,6,,5,22,1,0,1,0,0,0,1,15,2,1,7,1,19,1,91114
2001,6,,3,20,0,0,0,0,0,0,1,1,2,1,3,2,24,1,92094
2001,6,,3,17,1,1,0,0,0,0,2,1,2,1,4,1,76,2,32030
2001,6,,1,18,1,1,0,0,0,0,2,14,2,1,6,1,31,2,56086
2001,6,,4,13,0,0,0,0,0,0,1,1,2,1,4,2,75,1,72038
2001,6,,3,12,0,0,0,0,0,0,1,1,2,1,3,1,47,2,71070
2001,6,,7,7,1,0,0,0,1,1,2,1,2,1,7,2,28,1,63089
2001,6,,3,20,1,1,0,0,0,0,1,1,2,1,4,2,41,1,72039
2001,6,,6,11,0,0,0,0,0,0,1,4,2,1,3,2,50,1,23039
2001,6,,5,3,1,1,0,0,0,0,1,1,2,3,4,2,25,1,23033
2001,6,,7,13,1,1,0,0,0,0,2,1,1,1,7,2,24,2,23025
2001,6,,1,4,1,1,0,0,0,0,1,1,2,3,6,2,19,1,23052
2001,6,,3,13,1,1,0,0,0,0,1,4,2,1,4,1,21,1,23096
2001,6,,3,13,1,1,0,0,0,0,1,7,2,1,4,2,29,1,23077
2001,6,,5,12,0,0,0,0,0,0,1,1,2,1,2,1,,,23102
2001,6,,4,20,1,1,0,0,0,0,2,1,2,1,4,1,28,1,23099
2001,6,,5,17,1,1,0,0,0,0,1,1,1,1,4,2,22,2,24135
2001,6,,6,2,0,0,0,0,0,0,1,2,2,3,4,1,42,2,25072
2001,6,,2,12,1,1,0,0,0,0,1,18,2,1,2,2,63,1,13003
2001,6,,5,9,1,1,0,0,0,0,1,18,2,1,3,1,42,1,12025
2001,6,,7,3,1,1,0,0,0,0,1,1,2,4,7,2,18,1,13017
2001,6,,5,15,1,1,0,0,0,0,1,18,2,1,3,2,43,1,13008
2001,6,,2,22,0,0,0,0,0,0,1,18,2,1,3,2,56,1,13011
2001,6,,5,9,0,0,0,0,0,0,1,1,2,1,4,1,54,2,13025
2001,6,,2,13,0,0,0,0,0,0,1,7,1,1,3,2,53,1,21001
2001,6,,5,19,0,0,0,0,0,0,1,1,2,1,4,1,28,1,21001
2001,6,,7,9,1,1,0,0,0,0,1,1,2,1,2,1,38,1,21003
2001,6,,6,16,1,1,0,0,0,0,2,1,1,1,4,2,21,2,13049
2001,6,,2,17,1,1,0,0,0,0,1,16,2,1,4,1,,2,21004
2001,6,,4,18,1,1,0,0,0,0,2,14,2,1,4,1,21,2,21004
2001,6,,6,17,1,1,0,0,0,0,1,22,2,1,5,1,14,1,21008
2001,6,,6,6,1,1,0,0,0,0,1,1,2,1,4,1,33,1,21009
2001,6,,3,2,1,1,0,0,0,0,2,1,2,3,7,1,36,1,21011
2001,6,,1,9,1,1,0,0,0,0,1,14,2,1,2,1,41,2,21016
2001,6,,2,18,1,1,0,0,0,0,1,18,2,1,4,1,46,1,31005
2001,6,,2,19,1,0,1,0,0,0,1,18,2,1,4,1,64,1,11004
2001,6,,5,9,0,0,0,0,0,0,1,1,2,1,4,1,33,2,11013
2001,6,,4,17,0,0,0,0,0,0,1,1,2,1,3,2,43,1,11040
2001,6,,3,18,1,0,1,0,0,0,1,14,2,1,2,2,25,1,12021
2001,6,,7,16,1,1,0,0,0,0,1,14,2,1,4,2,45,1,12005
2001,6,,4,2,0,0,0,0,0,0,1,1,2,3,3,1,81,1,12014
2001,6,,5,14,1,1,0,0,0,0,1,4,2,1,7,2,61,1,25121
2001,6,,4,14,0,0,0,0,0,0,1,10,2,1,4,1,51,1,25120
2001,7,,3,7,0,0,0,0,0,0,1,7,2,1,4,2,50,1,11002
2001,7,,5,9,0,0,0,0,0,0,1,4,2,1,3,1,50,1,11002
2001,7,,5,11,1,0,1,0,0,0,1,1,2,1,4,1,30,2,11002
2001,7,,7,0,1,0,1,0,0,0,1,14,2,3,7,2,27,1,12025
2001,7,,2,0,0,0,0,0,0,0,1,1,2,3,2,1,40,1,12009
2001,7,,5,19,0,0,0,0,0,0,1,1,2,1,4,2,69,1,12014
2001,7,,1,12,1,1,0,0,0,0,1,22,2,1,5,1,85,2,11040
2001,7,,4,20,1,1,0,0,0,0,1,18,2,1,3,2,40,2,11029
2001,7,,6,17,0,0,0,0,0,0,1,1,2,1,3,1,41,1,11008
2001,7,,1,0,1,1,0,0,0,0,2,2,2,3,3,1,16,1,11002
2001,7,,6,15,0,0,0,0,0,0,1,1,1,1,3,2,84,1,31005
2001,7,,1,0,0,0,0,0,0,0,1,1,2,3,4,1,22,1,31005
2001,7,,1,10,1,1,0,0,0,0,1,2,2,1,4,1,38,2,21004
2001,7,,3,23,0,0,0,0,0,0,1,1,2,3,3,1,,,21007
2001,7,,5,15,0,0,0,0,0,0,1,18,2,1,2,1,41,1,21004
2001,7,,6,7,1,1,0,0,0,0,2,1,2,1,7,1,25,2,21004
2001,7,,3,9,1,1,0,0,0,0,2,1,2,1,4,2,73,2,13049
2001,7,,3,17,1,1,0,0,0,0,1,14,2,1,3,2,31,1,25112
2001,7,,2,7,1,1,0,0,0,0,1,18,2,1,8,1,17,1,24062
2001,7,,6,0,1,0,1,0,0,0,1,1,2,3,7,2,28,1,24038
2001,7,,5,18,1,0,1,0,0,0,1,22,2,1,5,2,4,2,24001
2001,7,,1,18,0,0,0,0,0,0,1,1,2,1,4,2,52,1,24007
2001,7,,1,16,1,1,0,0,0,0,2,1,1,1,3,2,64,1,23094
2001,7,,1,16,1,1,0,0,0,0,2,1,1,1,3,2,60,1,23094
2001,7,,5,12,0,0,0,0,0,0,1,6,2,1,4,2,39,1,23094
2001,7,,3,21,1,1,0,0,0,0,1,1,2,1,4,2,44,1,23094
2001,7,,1,16,0,0,0,0,0,0,1,4,1,1,4,2,35,1,23027
2001,7,,7,8,1,0,0,0,1,1,2,1,2,1,4,2,28,1,23027
2001,7,,2,11,1,1,0,0,0,0,2,1,1,1,3,2,35,2,23002
2001,7,,3,1,1,0,1,0,0,0,1,1,2,3,4,2,22,1,93090
2001,7,,1,11,1,0,1,0,0,0,2,1,2,1,7,2,40,1,93014
2001,7,,7,17,0,0,0,0,0,0,1,1,2,1,4,1,31,1,55035
2001,7,,5,20,0,0,0,0,0,0,1,1,2,1,3,1,46,2,33041
2001,7,,3,23,1,0,1,0,0,0,1,1,2,4,7,2,38,1,83012
2001,7,,7,3,0,0,0,0,0,0,1,1,2,4,5,1,19,1,81001
2001,7,,4,23,1,1,0,0,0,0,1,22,2,3,5,2,42,1,72021
2001,7,,5,17,0,0,0,0,0,0,1,1,2,1,4,2,69,1,72003
2001,7,,2,20,0,0,0,0,0,0,1,1,2,1,4,2,35,1,71024
2001,7,,7,16,1,1,0,0,0,0,2,14,2,1,3,2,11,1,71053
2001,7,,1,3,1,1,0,0,0,0,2,1,2,3,4,1,18,2,71053
2001,7,,4,3,1,1,0,0,0,0,1,1,2,3,7,2,40,2,71017
2001,7,,7,16,0,0,0,0,0,0,1,1,2,1,1,2,37,1,71016
2001,7,,1,16,0,0,0,0,0,0,1,15,2,1,3,1,19,1,63079
2001,7,,4,20,1,1,0,0,0,0,1,1,2,1,2,1,55,2,63076
2001,7,,4,16,1,1,0,0,0,0,2,1,2,1,3,1,22,2,62096
2001,7,,7,15,0,0,0,0,0,0,1,2,2,1,4,2,50,1,61019
2001,7,,2,19,1,1,0,0,0,0,2,2,2,1,7,1,6,1,61041
2001,7,,5,7,1,1,0,0,0,0,1,1,2,2,7,2,36,1,56001
2001,7,,4,20,1,1,0,0,0,0,1,16,2,1,4,1,27,1,52055
2001,7,,1,16,0,0,0,0,0,0,1,1,2,1,5,1,70,1,52012
2001,7,,7,20,1,1,0,0,0,0,1,1,2,1,4,1,30,1,52018
2001,7,,7,17,1,1,0,0,0,0,2,1,2,1,2,1,37,2,52012
2001,7,,1,18,0,0,0,0,0,0,1,4,2,1,7,2,44,1,51008
2001,7,,2,19,1,1,0,0,0,0,2,2,2,1,4,1,4,2,52011
2001,7,,2,18,1,1,0,0,0,0,1,18,2,1,3,1,35,2,46021
2001,7,,7,13,1,1,0,0,0,0,1,15,2,1,4,1,21,2,46003
2001,7,,1,17,1,1,0,0,0,0,1,18,2,1,4,1,76,1,45041
2001,7,,5,19,1,1,0,0,0,0,1,1,2,1,2,1,33,2,46003
2001,7,,4,23,0,0,0,0,0,0,1,1,2,3,4,2,45,1,45059
2001,7,,1,16,1,0,1,0,0,0,1,18,2,1,4,2,74,2,45057
2001,7,,3,20,1,1,0,0,0,0,1,4,2,1,2,1,37,1,44052
2001,7,,5,10,0,0,0,0,0,0,1,4,2,1,4,1,46,1,44021
2001,7,,2,11,1,1,0,0,0,0,1,1,2,1,3,1,44,1,44021
2001,7,,7,17,0,0,0,0,0,0,1,1,2,1,4,1,58,1,44021
2001,7,,1,16,1,1,0,0,0,0,1,1,2,1,4,1,30,1,44021
2001,7,,1,18,1,1,0,0,0,0,1,16,2,1,4,1,36,1,44011
2001,7,,1,18,1,1,0,0,0,0,1,22,2,1,5,1,73,2,43018
2001,7,,7,7,1,1,0,0,0,0,1,1,2,1,4,2,51,2,42023
2001,7,,3,11,1,1,0,0,0,0,2,1,2,1,4,1,15,1,42011
2001,7,,7,20,1,1,0,0,0,0,1,18,2,1,7,2,10,2,42006
2001,7,,2,13,1,1,0,0,0,0,1,2,2,1,2,2,31,2,41034
2001,7,,4,15,1,1,0,0,0,0,1,1,2,1,4,1,31,1,38002
2001,7,,5,15,0,0,0,0,0,0,1,4,2,1,3,1,44,1,38014
2001,7,,4,19,0,0,0,0,0,0,1,11,2,1,4,2,,1,38016
2001,7,,2,16,1,1,0,0,0,0,1,1,2,1,4,2,23,1,36008
2001,7,,3,22,1,1,0,0,0,0,1,14,2,1,3,1,22,1,35013
2001,7,,6,19,0,0,0,0,0,0,1,1,2,1,3,1,40,1,35013
2001,7,,2,15,1,1,0,0,0,0,1,6,2,1,7,2,41,1,34041
2001,7,,4,21,1,1,0,0,0,0,1,1,2,1,3,1,25,1,35013
2001,7,,5,10,1,1,0,0,0,0,1,4,2,1,4,1,23,1,34002
2001,7,,6,17,1,1,0,0,0,0,2,1,2,1,2,2,1,2,33037
2001,7,,1,11,0,0,0,0,0,0,1,1,2,1,2,1,59,1,34013
2001,7,,6,17,1,1,0,0,0,0,2,1,2,1,2,2,56,2,33037
2001,7,,4,12,1,1,0,0,0,0,2,1,2,1,7,1,6,1,32010
2001,7,,1,15,1,0,1,0,0,0,1,18,2,1,4,2,17,1,31040
2001,8,,5,21,0,0,0,0,0,0,1,1,2,1,4,1,37,2,31043
2001,8,,6,19,1,1,0,0,0,0,2,16,2,1,7,1,21,2,31043
2001,8,,6,13,1,1,0,0,0,0,1,18,2,1,2,1,16,1,31043
2001,8,,3,20,1,1,0,0,0,0,1,15,2,1,4,1,17,1,33011
2001,8,,2,14,0,0,0,0,0,0,1,6,2,1,4,2,31,1,34022
2001,8,,5,11,1,1,0,0,0,0,1,1,2,1,4,2,52,2,34040
2001,8,,2,16,1,1,0,0,0,0,1,16,2,1,4,1,19,2,34022
2001,8,,2,10,0,0,0,0,0,0,1,1,2,1,4,2,26,1,34040
2001,8,,6,0,1,1,0,0,0,0,1,16,2,3,3,2,28,1,36019
2001,8,,2,10,0,0,0,0,0,0,1,4,2,1,4,1,65,1,36008
2001,8,,7,19,1,0,1,0,0,0,2,1,2,1,4,2,67,2,38025
2001,8,,7,13,1,1,0,0,0,0,2,1,2,1,4,2,59,2,38025
2001,8,,3,20,1,1,0,0,0,0,2,15,2,1,4,1,16,2,41018
2001,8,,5,16,1,1,0,0,0,0,1,14,2,1,4,1,36,1,41002
2001,8,,6,19,1,1,0,0,0,0,1,15,2,1,4,1,28,1,42006
2001,8,,1,8,1,0,1,0,0,0,1,1,2,1,4,2,,1,43005
2001,8,,5,15,0,0,0,0,0,0,1,1,2,1,3,2,60,1,44001
2001,8,,4,12,1,1,0,0,0,0,1,4,2,1,7,2,33,1,43010
2001,8,,3,18,1,0,1,0,0,0,1,14,2,1,4,2,43,1,42028
2001,8,,4,21,1,1,0,0,0,0,1,1,2,1,7,2,46,2,43002
2001,8,,1,20,1,0,1,0,0,0,1,13,2,1,7,2,21,1,43002
2001,8,,1,18,1,1,0,0,0,0,2,1,2,1,4,2,27,1,44021
2001,8,,6,23,1,1,0,0,0,0,2,1,2,3,4,1,24,2,44021
2001,8,,6,10,1,1,0,0,0,0,2,2,2,1,4,2,15,1,46003
2001,8,,3,15,1,1,0,0,0,0,1,1,2,1,4,1,80,1,52011
2001,8,,2,17,1,1,0,0,0,0,1,1,2,1,4,1,,2,52011
2001,8,,2,18,1,0,1,0,0,0,1,1,1,1,3,2,,1,52011
2001,8,,2,10,1,1,0,0,0,0,1,18,2,1,5,1,50,1,55022
2001,8,,2,19,1,1,0,0,0,0,2,1,2,1,2,1,1,2,61028
2001,8,,4,15,0,0,0,0,0,0,1,15,2,1,3,1,17,1,62003
2001,8,,6,9,0,0,0,0,0,0,1,1,2,1,5,1,46,1,62063
2001,8,,3,14,1,1,0,0,0,0,1,2,2,1,4,1,25,1,62063
2001,8,,1,23,0,0,0,0,0,0,1,1,2,3,2,1,55,1,62063
2001,8,,4,0,1,1,0,0,0,0,1,1,2,3,6,1,78,1,62063
2001,8,,5,15,1,1,0,0,0,0,1,16,2,1,4,1,28,1,63023
2001,8,,1,18,0,0,0,0,0,0,1,1,2,1,4,1,42,1,63079
2001,8,,5,15,1,0,0,0,1,1,1,4,2,1,4,2,45,1,63003
2001,8,,5,23,1,1,0,0,0,0,2,1,2,3,2,2,28,2,63080
2001,8,,6,22,0,0,0,0,0,0,1,2,2,3,2,2,64,1,71066
2001,8,,1,19,1,0,1,0,0,0,1,18,2,1,4,2,69,1,71047
2001,8,,6,19,1,1,0,0,0,0,2,2,2,1,3,2,19,1,71057
2001,8,,2,9,1,1,0,0,0,0,1,1,2,1,4,2,19,2,71053
2001,8,,1,17,1,1,0,0,0,0,1,1,2,1,3,1,46,2,71047
2001,8,,2,20,1,0,1,0,0,0,1,18,2,1,4,1,17,2,72018
2001,8,,4,18,1,0,1,0,0,0,1,1,2,1,4,2,63,2,73042
2001,8,,5,10,0,0,0,0,0,0,1,7,2,1,4,2,52,1,73107
2001,8,,4,0,1,0,1,0,0,0,1,14,2,4,3,2,46,1,83034
2001,8,,6,16,0,0,0,0,0,0,1,1,2,1,2,2,45,1,83031
2001,8,,5,18,1,0,1,0,0,0,1,14,2,1,2,2,30,1,85039
2001,8,,5,23,1,1,0,0,0,0,1,1,2,3,3,2,22,2,53084
2001,8,,7,19,1,0,1,0,0,0,2,1,2,1,4,2,63,2,41082
2001,8,,4,14,0,0,0,0,0,0,1,2,2,1,2,2,45,1,41082
2001,8,,6,6,1,1,0,0,0,0,2,1,2,2,7,1,20,2,62120
2001,8,,7,1,1,0,1,0,0,0,1,1,2,3,7,1,22,1,53082
2001,8,,5,20,0,0,0,0,0,0,1,,2,1,2,1,,,23016
2001,8,,3,15,1,0,1,0,0,0,2,2,1,1,3,2,6,1,92141
2001,8,,4,4,1,1,0,0,0,0,1,1,2,3,7,2,24,1,23033
2001,8,,5,15,1,1,0,0,0,0,1,18,2,1,2,2,14,1,24007
2001,8,,4,23,1,0,0,0,1,1,1,1,1,3,7,2,25,1,24041
2001,8,,2,10,0,0,0,0,0,0,1,1,1,1,3,2,59,1,24135
2001,8,,3,15,1,1,0,0,0,0,1,1,2,1,2,2,34,2,24094
2001,8,,7,17,1,1,0,0,0,0,2,1,2,1,4,1,19,1,25112
2001,8,,1,18,1,1,0,0,0,0,2,2,2,1,4,1,2,2,12025
2001,8,,5,15,1,1,0,0,0,0,2,1,2,1,3,1,1,1,13011
2001,8,,5,15,1,1,0,0,0,0,1,1,2,1,3,1,29,1,13011
2001,8,,3,20,1,1,0,0,0,0,1,14,2,1,6,2,24,1,13025
2001,8,,6,6,1,1,0,0,0,0,1,1,2,2,7,1,24,2,21004
2001,8,,3,10,1,1,0,0,0,0,1,15,2,1,4,1,17,2,31005
2001,8,,2,11,0,0,0,0,0,0,1,1,2,1,8,2,26,2,31005
2001,8,,6,17,0,0,0,0,0,0,1,1,2,1,4,1,54,2,31005
2001,8,,4,17,1,1,0,0,0,0,1,16,2,1,2,2,19,2,11002
2001,8,,2,20,0,0,0,0,0,0,1,1,2,1,4,2,41,1,11004
2001,8,,6,14,0,0,0,0,0,0,1,1,2,1,4,1,72,1,11008
2001,8,,2,15,1,1,0,0,0,0,1,1,2,1,4,1,84,2,11029
2001,8,,4,15,1,0,1,0,0,0,1,1,2,1,4,2,23,1,11037
2001,8,,4,9,1,1,0,0,0,0,1,2,2,1,4,1,27,1,12025
2001,8,,5,22,1,1,0,0,0,0,1,18,2,2,4,1,54,1,11002
2001,9,,2,10,1,1,0,0,0,0,1,1,1,1,3,2,39,2,11002
2001,9,,2,15,0,0,0,0,0,0,1,4,2,1,4,1,34,1,11002
2001,9,,6,19,0,0,0,0,0,0,1,1,1,1,4,2,23,1,11002
2001,9,,2,19,0,0,0,0,0,0,1,6,1,1,3,2,31,1,11002
2001,9,,5,8,1,1,0,0,0,0,1,18,2,2,4,1,6,1,12009
2001,9,,6,19,1,1,0,0,0,0,1,2,2,3,7,2,40,1,11035
2001,9,,7,17,0,0,0,0,0,0,1,1,2,1,4,1,34,2,11040
2001,9,,7,21,1,1,0,0,0,0,2,2,2,3,5,1,13,1,11009
2001,9,,1,21,1,0,1,0,0,0,1,16,2,3,4,1,17,1,11002
2001,9,,7,15,1,1,0,0,0,0,2,1,2,1,4,2,12,2,11002
2001,9,,3,18,0,0,0,0,0,0,1,1,2,1,4,1,27,2,31005
2001,9,,3,18,1,1,0,0,0,0,1,18,2,1,4,1,56,2,31005
2001,9,,2,0,0,0,0,0,0,0,1,1,1,3,3,2,59,1,13049
2001,9,,6,18,1,1,0,0,0,0,2,14,2,1,4,2,22,2,13049
2001,9,,5,17,0,0,0,0,0,0,1,1,2,1,3,2,,1,13008
2001,9,,4,16,0,0,0,0,0,0,1,1,2,1,3,1,36,2,12025
2001,9,,3,17,1,1,0,0,0,0,1,1,2,1,7,2,21,1,12035
2001,9,,6,19,0,0,0,0,0,0,1,1,2,1,3,2,20,1,13003
2001,9,,7,17,0,0,0,0,0,0,1,1,2,1,4,1,51,1,25112
2001,9,,7,6,0,0,0,0,0,0,1,1,1,3,7,2,20,1,25072
2001,9,,7,16,1,1,0,0,0,0,1,1,2,1,7,2,36,1,25112
2001,9,,6,16,0,0,0,0,0,0,1,1,2,1,3,2,65,2,24135
2001,9,,7,17,0,0,0,0,0,0,1,1,2,1,4,2,,,24066
2001,9,,2,9,0,0,0,0,0,0,1,1,2,2,4,2,36,2,24062
2001,9,,2,16,1,1,0,0,0,0,1,16,2,1,4,1,22,2,24062
2001,9,,2,1,1,1,0,0,0,0,1,7,1,3,7,2,35,1,24008
2001,9,,4,21,1,0,1,0,0,0,1,1,2,3,3,2,19,1,23062
2001,9,,7,22,1,0,1,0,0,0,1,1,2,3,2,2,24,2,92142
2001,9,,6,13,1,1,0,0,0,0,1,18,2,1,4,1,31,2,54010
2001,9,,2,21,1,0,1,0,0,0,1,1,2,3,4,1,20,1,72038
2001,9,,6,17,1,0,1,0,0,0,2,16,2,1,7,1,33,1,91142
2001,9,,6,7,1,0,1,0,0,0,1,15,2,1,2,1,20,1,71070
2001,9,,7,11,1,1,0,0,0,0,2,5,2,1,4,2,16,1,72040
2001,9,,7,12,1,1,0,0,0,0,1,1,2,1,2,2,18,1,71070
2001,9,,6,14,0,0,0,0,0,0,1,1,2,1,3,1,76,2,92094
2001,9,,6,21,1,0,1,0,0,0,1,1,2,4,7,2,72,1,92087
2001,9,,7,1,1,0,1,0,0,0,1,1,2,4,7,2,20,1,91005
2001,9,,3,17,0,0,0,0,0,0,1,1,2,1,3,1,26,1,85045
2001,9,,5,11,0,0,0,0,0,0,1,1,2,1,4,2,41,1,73107
2001,9,,7,0,1,1,0,0,0,0,1,1,2,3,3,2,23,1,72004
2001,9,,5,14,0,0,0,0,0,0,1,1,2,1,4,2,47,1,72029
2001,9,,2,18,1,1,0,0,0,0,1,22,2,1,4,1,67,2,71045
2001,9,,6,22,0,0,0,0,0,0,1,15,2,3,5,1,,1,71022
2001,9,,6,15,1,1,0,0,0,0,1,1,2,1,3,2,36,1,71022
2001,9,,5,17,1,1,0,0,0,0,1,1,2,1,3,2,80,1,63004
2001,9,,1,8,1,1,0,0,0,0,1,1,2,1,4,1,37,1,62093
2001,9,,4,11,1,1,0,0,0,0,1,22,2,1,5,1,61,1,62063
2001,9,,1,13,0,0,0,0,0,0,1,4,1,1,4,2,,,62003
2001,9,,6,5,1,1,0,0,0,0,2,1,2,3,4,2,23,2,54007
2001,9,,6,14,1,0,1,0,0,0,1,1,2,1,4,1,37,1,54007
2001,9,,3,16,1,1,0,0,0,0,2,1,2,1,3,2,35,2,53070
2001,9,,4,18,1,1,0,0,0,0,1,15,2,1,4,1,24,1,55022
2001,9,,7,12,0,0,0,0,0,0,1,1,2,1,4,2,28,1,53053
2001,9,,6,18,1,1,0,0,0,0,1,1,1,1,3,2,23,2,53053
2001,9,,3,19,1,1,0,0,0,0,1,1,2,1,2,1,28,1,52011
2001,9,,7,18,0,0,0,0,0,0,1,1,1,1,7,2,63,1,52011
2001,9,,1,10,1,1,0,0,0,0,1,16,2,1,4,2,17,2,46025
2001,9,,2,14,1,0,0,1,0,1,1,18,2,1,8,1,65,2,46014
2001,9,,7,4,0,0,0,0,0,0,1,1,2,3,7,2,26,1,46024
2001,9,,5,22,1,1,0,0,0,0,1,1,2,3,3,2,31,1,46020
2001,9,,4,21,1,1,0,0,0,0,1,1,2,3,2,2,43,1,45017
2001,9,,3,15,1,1,0,0,0,0,1,1,2,1,4,2,49,1,45035
2001,9,,4,19,0,0,0,0,0,0,1,1,2,1,3,1,22,1,44040
2001,9,,3,10,1,1,0,0,0,0,1,1,1,1,4,2,33,2,44048
2001,9,,4,15,0,0,0,0,0,0,1,1,2,1,2,1,40,1,44021
2001,9,,1,13,1,1,0,0,0,0,2,1,1,1,3,2,24,2,44012
2001,9,,2,7,1,1,0,0,0,0,2,10,2,3,4,2,19,1,44011
2001,9,,7,11,0,0,0,0,0,0,1,1,1,1,1,2,81,1,44001
2001,9,,3,12,1,1,0,0,0,0,1,1,2,1,4,1,39,1,42025
2001,9,,7,17,0,0,0,0,0,0,1,1,2,1,4,1,31,1,42010
2001,9,,1,9,0,0,0,0,0,0,1,1,2,1,3,1,33,2,42006
2001,9,,6,15,1,1,0,0,0,0,2,1,2,1,4,2,81,2,42008
2001,9,,3,8,0,0,0,0,0,0,1,4,2,2,3,1,36,1,37018
2001,9,,7,12,1,0,1,0,0,0,1,16,2,1,7,1,18,1,35014
2001,9,,6,7,1,1,0,0,0,0,1,2,2,3,7,2,18,1,36015
2001,9,,5,19,1,1,0,0,0,0,1,15,2,1,4,2,18,2,34040
2001,9,,1,14,1,1,0,0,0,0,1,1,2,1,4,1,53,1,34040
2001,9,,1,8,1,1,0,0,0,0,1,1,2,1,3,1,35,2,34009
2001,9,,6,19,1,1,0,0,0,0,1,1,2,1,2,2,19,1,33021
2001,10,,1,12,1,1,0,0,0,0,1,4,2,1,4,2,37,1,31043
2001,10,,2,18,1,1,0,0,0,0,1,16,2,1,4,2,,1,31040
2001,10,,6,12,1,1,0,0,0,0,2,1,1,1,3,2,34,1,31012
2001,10,,6,18,1,1,0,0,0,0,1,1,2,1,4,2,45,2,32011
2001,10,,3,1,0,0,0,0,0,0,1,1,2,3,3,1,,,34040
2001,10,,1,11,1,0,1,0,0,0,1,21,2,1,5,2,73,1,34025
2001,10,,4,18,1,1,0,0,0,0,1,18,2,1,4,1,17,1,35013
2001,10,,2,18,1,1,0,0,0,0,1,1,2,1,3,1,32,1,34041
2001,10,,3,15,0,0,0,0,0,0,1,1,2,1,4,2,55,2,36007
2001,10,,5,11,1,1,0,0,0,0,1,2,2,1,4,2,34,2,37012
2001,10,,3,22,0,0,0,0,0,0,1,1,2,3,2,2,58,1,43007
2001,10,,5,9,0,0,0,0,0,0,1,1,2,1,2,1,25,2,44021
2001,10,,1,14,0,0,0,0,0,0,1,1,2,1,4,2,46,1,44021
2001,10,,6,10,0,0,0,0,0,0,1,1,2,1,4,1,61,1,44021
2001,10,,1,13,1,1,0,0,0,0,1,1,2,1,3,2,18,1,44029
2001,10,,4,7,0,0,0,0,0,0,1,1,2,3,5,2,25,2,45035
2001,10,,6,12,1,1,0,0,0,0,1,1,2,1,4,2,23,1,46021
2001,10,,2,22,1,1,0,0,0,0,1,1,1,3,7,2,23,2,46021
2001,10,,1,14,0,0,0,0,0,0,1,1,2,1,2,2,32,2,46025
2001,10,,7,15,1,1,0,0,0,0,2,1,2,1,4,1,8,1,52011
2001,10,,7,7,0,0,0,0,0,0,1,1,2,3,3,1,29,1,52011
2001,10,,3,19,1,1,0,0,0,0,1,1,1,1,4,2,34,2,55022
2001,10,,3,15,1,1,0,0,0,0,2,1,2,1,3,2,31,2,53070
2001,10,,2,19,1,1,0,0,0,0,2,15,2,1,4,1,11,1,62003
2001,10,,4,6,0,0,0,0,0,0,1,6,2,3,4,2,25,1,62009
2001,10,,5,0,1,1,0,0,0,0,1,1,1,3,1,2,28,2,62108
2001,10,,6,23,1,1,0,0,0,0,1,4,2,3,7,1,54,1,63003
2001,10,,6,14,1,1,0,0,0,0,1,18,2,1,3,1,18,1,63023
2001,10,,3,6,1,1,0,0,0,0,1,13,2,2,6,1,50,1,63061
2001,10,,5,22,0,0,0,0,0,0,1,1,2,3,3,2,52,1,63058
2001,10,,2,20,1,1,0,0,0,0,1,14,2,3,3,1,30,1,64074
2001,10,,3,15,1,1,0,0,0,0,1,16,2,1,4,1,31,1,71022
2001,10,,7,4,1,1,0,0,0,0,1,3,2,3,2,2,20,1,71022
2001,10,,3,13,1,1,0,0,0,0,1,1,2,1,3,2,36,2,72004
2001,10,,2,17,1,1,0,0,0,0,1,1,2,1,3,2,48,2,72004
2001,10,,1,19,1,0,1,0,0,0,1,1,2,3,2,1,40,1,81004
2001,10,,5,9,0,0,0,0,0,0,1,1,2,1,4,2,28,2,73107
2001,10,,5,16,0,0,0,0,0,0,1,1,2,1,4,2,48,2,83028
2001,10,,6,11,1,1,0,0,0,0,1,1,2,1,4,1,43,2,83034
2001,10,,6,11,0,0,0,0,0,0,1,2,2,1,4,1,40,1,83034
2001,10,,3,18,1,1,0,0,0,0,1,14,2,1,4,1,20,1,92035
2001,10,,7,21,0,0,0,0,0,0,1,1,2,2,4,1,27,1,92094
2001,10,,6,16,2,2,0,0,0,0,1,14,2,1,7,2,22,1,91072
2001,10,,6,12,1,1,0,0,0,0,1,2,2,1,4,1,26,1,93022
2001,10,,2,21,1,1,0,0,0,0,2,1,2,3,2,2,,2,93022
2001,10,,6,18,1,1,0,0,0,0,1,1,2,1,4,1,35,1,62121
2001,10,,6,14,0,0,0,0,0,0,1,1,2,1,4,2,21,1,71070
2001,10,,6,11,1,1,0,0,0,0,1,18,2,1,4,1,68,1,72041
2001,10,,1,19,0,0,0,0,0,0,1,1,2,1,4,1,35,2,92137
2001,10,,7,14,1,1,0,0,0,0,1,1,1,1,4,2,73,1,23047
2001,10,,7,12,1,1,0,0,0,0,1,18,2,1,8,2,41,2,23033
2001,10,,2,16,0,0,0,0,0,0,1,1,2,1,2,1,,,23088
2001,10,,2,21,1,1,0,0,0,0,1,1,1,3,4,1,30,1,24020
2001,10,,2,9,1,1,0,0,0,0,1,14,2,2,4,1,30,1,23099
2001,10,,5,9,0,0,0,0,0,0,1,1,2,1,4,1,32,1,24062