year,month,monthDay,weekDay,hour,numVictims,numSlightlyInjured,numSeverelyInjured,numMortallyInjured,numDiedWithin24Hours,numDiedWithin30Days,victimType,roadUserType,roadType,lightConditions,collisionType,areaType,age,sex,municipality
2001,10,,3,15,1,1,0,0,0,0,1,15,2,1,4,1,56,2,24062
2001,10,,2,9,0,0,0,0,0,0,1,1,2,2,4,1,44,1,24033
2001,10,,6,16,1,0,1,0,0,0,1,14,2,1,8,1,29,1,24038
2001,10,,7,17,0,0,0,0,0,0,1,1,2,1,3,2,75,1,25031
2001,10,,7,20,1,0,1,0,0,0,1,1,2,1,4,2,28,1,12030
2001,10,,6,14,0,0,0,0,0,0,1,1,2,1,4,2,27,2,13008
2001,10,,2,14,0,0,0,0,0,0,1,1,2,1,4,2,65,2,13031
2001,10,,3,14,1,1,0,0,0,0,1,14,2,1,3,2,22,1,13046
2001,10,,6,23,1,1,0,0,0,0,1,1,2,3,7,2,34,1,13025
2001,10,,5,6,1,1,0,0,0,0,1,1,2,3,3,1,25,2,21004
2001,10,,2,17,1,1,0,0,0,0,1,22,2,1,5,1,69,2,21007
2001,10,,2,13,1,1,0,0,0,0,1,1,2,1,4,1,26,2,21009
2001,10,,6,21,1,1,0,0,0,0,2,1,2,3,4,1,41,1,31005
2001,10,,1,15,1,1,0,0,0,0,1,1,2,1,2,2,37,2,31005
2001,10,,1,17,1,0,1,0,0,0,1,15,2,1,4,1,18,1,11005
2001,10,,4,12,0,0,0,0,0,0,1,1,2,1,3,1,19,1,11002
2001,10,,2,18,1,0,1,0,0,0,1,1,2,1,4,1,38,1,11004
2001,10,,3,15,1,1,0,0,0,0,1,16,2,1,4,1,16,1,11002
2001,10,,2,12,1,1,0,0,0,0,1,15,2,1,2,2,56,1,11044
2001,10,,1,16,0,0,0,0,0,0,1,1,2,1,4,1,80,1,11039
2001,10,,6,4,0,0,0,0,0,0,1,7,1,4,3,2,51,1,11054
2001,10,,6,4,0,0,0,0,0,0,1,2,2,3,4,2,22,1,11037
2001,10,,3,13,0,0,0,0,0,0,1,2,2,1,4,2,48,1,11056
2001,10,,3,17,1,1,0,0,0,0,1,4,2,1,4,2,46,1,11002
2001,10,,2,18,0,0,0,0,0,0,1,1,2,1,4,1,48,1,11002
2001,11,,5,18,1,1,0,0,0,0,1,2,2,3,4,1,40,2,25121
2001,11,,1,10,1,1,0,0,0,0,3,,2,1,2,1,39,1,11002
2001,11,,4,20,1,1,0,0,0,0,1,1,2,3,2,1,32,2,11002
2001,11,,4,18,0,0,0,0,0,0,1,4,2,3,3,1,23,1,11002
2001,11,,2,14,0,0,0,0,0,0,1,6,2,1,4,2,52,1,12021
2001,11,,3,18,1,1,0,0,0,0,1,18,2,1,4,1,17,2,12009
2001,11,,4,4,1,0,1,0,0,0,1,1,2,3,7,2,20,2,11039
2001,11,,4,16,0,0,0,0,0,0,1,1,2,1,4,2,74,1,11055
2001,11,,2,8,0,0,0,0,0,0,1,1,2,2,4,1,40,2,11030
2001,11,,6,21,1,1,0,0,0,0,1,1,1,3,3,2,41,2,11024
2001,11,,6,4,0,0,0,0,0,0,1,1,2,3,4,2,24,2,11024
2001,11,,6,17,0,0,0,0,0,0,1,1,2,2,4,1,27,2,11035
2001,11,,5,9,1,1,0,0,0,0,1,1,2,2,3,2,20,1,11002
2001,11,,5,15,1,0,1,0,0,0,1,22,2,1,5,1,80,2,11002
2001,11,,6,17,0,0,0,0,0,0,1,1,2,2,3,1,18,1,11002
2001,11,,4,13,0,0,0,0,0,0,1,18,2,1,3,1,28,2,31005
2001,11,,7,21,1,1,0,0,0,0,1,1,2,3,4,1,24,1,31005
2001,11,,5,9,0,0,0,0,0,0,1,1,2,2,3,1,29,1,31005
2001,11,,1,15,1,1,0,0,0,0,1,14,1,1,3,2,31,1,31003
2001,11,,6,22,0,0,0,0,0,0,1,2,1,3,7,2,,1,21018
2001,11,,2,17,1,1,0,0,0,0,1,1,2,1,4,1,42,2,21016
2001,11,,7,2,1,1,0,0,0,0,1,1,2,3,4,1,22,2,21004
2001,11,,6,0,1,1,0,0,0,0,2,1,1,3,7,2,17,1,13049
2001,11,,5,12,1,1,0,0,0,0,1,18,2,1,4,2,37,2,13040
2001,11,,5,18,1,0,1,0,0,0,1,22,2,4,5,2,12,1,13035
2001,11,,6,16,0,0,0,0,0,0,1,4,2,1,3,2,33,1,13013
2001,11,,4,0,0,0,0,0,0,0,1,1,1,3,3,2,37,1,12025
2001,11,,1,20,1,1,0,0,0,0,1,22,2,3,5,1,27,2,25112
2001,11,,4,22,1,1,0,0,0,0,1,15,2,3,3,2,52,1,25084
2001,11,,2,20,0,0,0,0,0,0,1,1,1,3,4,2,35,2,25072
2001,11,,4,12,0,0,0,0,0,0,1,1,2,1,4,1,81,1,25072
2001,11,,5,12,1,1,0,0,0,0,1,1,2,1,4,1,60,2,25072
2001,11,,4,18,1,1,0,0,0,0,1,22,2,2,5,1,39,1,24107
2001,11,,5,16,0,0,0,0,0,0,1,2,2,1,4,1,28,2,24062
2001,11,,3,9,1,1,0,0,0,0,1,1,2,1,3,2,33,2,24001
2001,11,,6,0,1,1,0,0,0,0,2,1,2,3,4,1,20,2,24001
2001,11,,7,17,1,1,0,0,0,0,1,1,2,1,7,1,18,1,24011
2001,11,,3,17,1,1,0,0,0,0,1,1,2,1,4,2,44,2,23097
2001,11,,6,15,0,0,0,0,0,0,1,1,2,1,4,1,35,1,23062
2001,11,,4,9,1,1,0,0,0,0,1,14,2,1,4,1,24,2,23027
2001,11,,4,0,1,1,0,0,0,0,1,1,2,3,7,2,,1,23023
2001,11,,6,1,1,1,0,0,0,0,1,16,2,3,7,1,22,1,92142
2001,11,,1,17,1,1,0,0,0,0,1,18,2,1,4,2,73,1,72041
2001,11,,5,14,0,0,0,0,0,0,1,1,2,1,4,1,24,1,71070
2001,11,,3,20,0,0,0,0,0,0,1,4,2,3,4,1,37,1,84077
2001,11,,5,18,1,1,0,0,0,0,1,4,2,3,3,2,28,1,62121
2001,11,,4,20,1,0,0,0,1,1,1,22,2,3,5,1,45,1,56087
2001,11,,6,11,0,0,0,0,0,0,1,1,2,1,4,2,51,1,45063
2001,11,,4,13,1,1,0,0,0,0,1,22,2,1,5,1,11,1,45063
2001,11,,7,4,1,1,0,0,0,0,1,1,2,3,3,1,20,1,92094
2001,11,,7,20,1,1,0,0,0,0,1,4,2,3,2,2,26,1,52048
2001,11,,1,13,1,1,0,0,0,0,1,1,2,1,7,2,58,1,91034
2001,11,,6,20,1,1,0,0,0,0,2,1,2,3,2,1,19,2,91013
2001,11,,6,18,0,0,0,0,0,0,1,1,2,4,4,2,28,1,85009
2001,11,,3,18,0,0,0,0,0,0,1,1,2,2,4,2,30,1,82003
2001,11,,5,14,1,0,1,0,0,0,1,1,2,1,3,2,20,2,73107
2001,11,,5,9,1,1,0,0,0,0,1,1,2,2,4,1,59,2,73107
2001,11,,2,17,1,1,0,0,0,0,1,1,2,3,3,1,87,2,81001
2001,11,,6,18,0,0,0,0,0,0,1,1,2,3,3,2,35,1,73083
2001,11,,6,16,0,0,0,0,0,0,1,1,2,1,4,2,38,1,73042
2001,11,,4,12,1,1,0,0,0,0,2,1,2,1,2,2,13,2,72021
2001,11,,3,8,1,1,0,0,0,0,1,1,2,1,2,2,20,2,71053
2001,11,,6,15,1,1,0,0,0,0,1,22,2,1,5,2,67,2,71053
2001,11,,6,21,0,0,0,0,0,0,1,1,2,3,5,1,,,62063
2001,11,,4,18,1,1,0,0,0,0,2,12,2,,,1,37,2,62063
2001,11,,3,7,0,0,0,0,0,0,1,2,2,3,4,1,,,62022
2001,11,,4,8,1,1,0,0,0,0,1,2,2,2,2,1,71,2,62038
2001,11,,5,21,2,2,0,0,0,0,2,1,2,3,2,1,70,1,57081
2001,11,,5,8,0,0,0,0,0,0,1,1,2,1,4,2,58,1,57081
2001,11,,5,20,0,0,0,0,0,0,1,1,2,3,5,1,69,1,55022
2001,11,,6,7,1,0,1,0,0,0,1,1,2,3,4,1,37,1,54007
2001,11,,6,0,1,1,0,0,0,0,1,1,2,3,7,2,37,1,52021
2001,11,,7,3,1,1,0,0,0,0,1,1,1,3,3,2,30,1,52011
2001,11,,1,11,0,0,0,0,0,0,1,1,2,1,3,1,46,2,52015
2001,11,,6,20,0,0,0,0,0,0,1,1,1,3,3,2,26,1,52011
2001,11,,2,8,0,0,0,0,0,0,1,1,2,2,3,1,32,2,46025
2001,11,,1,14,1,1,0,0,0,0,1,1,2,1,3,2,37,2,52010
2001,11,,4,21,1,1,0,0,0,0,2,1,2,3,3,2,,1,44040
2001,11,,5,12,1,1,0,0,0,0,1,22,2,1,5,1,36,2,44043
2001,11,,5,13,0,0,0,0,0,0,1,1,2,1,4,1,19,1,44021
2001,11,,2,4,0,0,0,0,0,0,1,1,2,3,3,1,21,1,44021
2001,11,,5,18,1,1,0,0,0,0,1,4,2,1,4,2,39,2,44019
2001,11,,5,18,0,0,0,0,0,0,1,1,2,1,4,2,27,1,44019
2001,11,,6,15,0,0,0,0,0,0,1,2,2,1,3,1,24,1,44021
2001,11,,3,13,0,0,0,0,0,0,1,24,2,1,4,1,44,1,41002
2001,11,,5,17,1,1,0,0,0,0,1,16,2,1,4,1,19,1,41002
2001,11,,6,15,2,2,0,0,0,0,1,1,2,1,4,1,23,1,37017
2001,11,,4,22,1,1,0,0,0,0,2,1,2,3,4,1,19,2,41002
2001,11,,5,15,1,1,0,0,0,0,1,22,2,1,5,1,5,1,38016
2001,11,,4,18,0,0,0,0,0,0,1,1,2,2,4,1,55,1,36015
2001,11,,4,8,0,0,0,0,0,0,1,4,2,1,4,1,31,1,35005
2001,11,,2,12,1,1,0,0,0,0,2,4,1,1,4,2,18,1,34022
2001,11,,3,9,1,1,0,0,0,0,1,16,2,1,4,1,20,1,34022
2001,11,,5,19,0,0,0,0,0,0,1,1,1,3,6,2,36,1,34022
2001,11,,6,15,1,1,0,0,0,0,1,15,2,1,7,2,21,1,34022
2001,11,,1,0,1,1,0,0,0,0,1,2,2,3,4,2,36,1,31043
2001,12,,5,19,0,0,0,0,0,0,1,1,2,3,4,2,,,31033
2001,12,,2,19,0,0,0,0,0,0,1,1,2,3,5,1,42,1,34022
2001,12,,5,17,1,1,0,0,0,0,1,18,2,1,4,1,49,2,34023
2001,12,,4,11,1,1,0,0,0,0,1,18,2,1,2,1,15,1,35013
2001,12,,2,14,1,1,0,0,0,0,1,18,2,1,4,1,16,2,36006
2001,12,,7,11,1,1,0,0,0,0,2,1,1,1,7,2,37,1,36008
2001,12,,4,17,0,0,0,0,0,0,1,2,2,1,3,1,30,1,36008
2001,12,,6,23,1,1,0,0,0,0,2,1,2,3,4,1,29,2,38016
2001,12,,6,15,1,1,0,0,0,0,1,2,2,1,2,1,40,2,41002
2001,12,,2,9,1,1,0,0,0,0,1,2,2,2,4,1,23,1,41002
2001,12,,4,12,1,1,0,0,0,0,1,18,2,1,4,1,55,1,42010
2001,12,,1,15,0,0,0,0,0,0,1,1,2,1,3,1,28,2,44021
2001,12,,6,17,1,1,0,0,0,0,1,1,2,1,3,2,28,1,44019
2001,12,,7,5,0,0,0,0,0,0,1,1,2,3,5,2,21,2,44021
2001,12,,5,23,1,1,0,0,0,0,1,1,2,3,4,1,22,2,44021
2001,12,,4,18,0,0,0,0,0,0,1,4,2,3,4,1,37,1,44021
2001,12,,7,7,1,1,0,0,0,0,1,1,2,3,2,1,38,1,44021
2001,12,,7,17,0,0,0,0,0,0,1,1,2,1,2,1,43,1,44021
2001,12,,5,18,1,1,0,0,0,0,1,22,2,2,5,1,16,2,44021
2001,12,,6,17,1,1,0,0,0,0,1,1,2,2,2,1,29,2,45035
2001,12,,6,18,0,0,0,0,0,0,1,1,2,3,4,1,44,2,46003
2001,12,,4,10,0,0,0,0,0,0,1,1,2,1,2,1,21,1,44081
2001,12,,5,23,1,1,0,0,0,0,1,1,2,3,4,1,45,2,51004
2001,12,,2,17,1,1,0,0,0,0,1,1,2,2,2,1,21,2,51008
2001,12,,7,22,0,0,0,0,0,0,1,1,2,3,2,1,31,2,52011
2001,12,,6,16,1,0,1,0,0,0,1,1,1,1,7,2,45,1,53053
2001,12,,6,10,1,1,0,0,0,0,1,1,1,1,7,2,48,1,52063
2001,12,,5,18,1,1,0,0,0,0,1,1,2,3,3,1,17,1,55022
2001,12,,4,19,1,1,0,0,0,0,1,22,2,3,5,1,67,1,54007
2001,12,,6,14,1,1,0,0,0,0,1,15,2,1,3,1,30,1,57064
2001,12,,4,12,0,0,0,0,0,0,1,1,2,1,5,1,74,1,57081
2001,12,,6,10,1,1,0,0,0,0,1,1,2,1,3,1,20,1,62118
2001,12,,5,17,1,1,0,0,0,0,2,1,2,3,2,1,33,1,62096
2001,12,,4,8,0,0,0,0,0,0,1,1,1,3,7,2,35,2,63079
2001,12,,7,18,0,0,0,0,0,0,1,2,2,4,4,2,37,1,63049
2001,12,,3,13,0,0,0,0,0,0,1,1,2,1,1,1,18,2,71004
2001,12,,2,1,1,0,1,0,0,0,2,1,2,3,2,2,41,1,71016
2001,12,,7,3,0,0,0,0,0,0,1,1,2,3,3,2,23,1,72004
2001,12,,3,15,1,1,0,0,0,0,1,22,2,1,5,1,55,1,72020
2001,12,,2,15,1,1,0,0,0,0,1,15,2,1,4,1,69,1,73107
2001,12,,1,16,1,1,0,0,0,0,1,1,2,1,4,2,,1,73042
2001,12,,3,19,1,1,0,0,0,0,1,14,2,3,3,2,30,1,73107
2001,12,,2,18,0,0,0,0,0,0,1,1,2,2,3,1,31,1,85026
2001,12,,1,18,0,0,0,0,0,0,1,1,2,3,1,2,35,1,83034
2001,12,,5,21,0,0,0,0,0,0,1,1,2,3,3,1,30,1,92094
2001,12,,5,21,0,0,0,0,0,0,1,1,2,3,3,1,26,1,92094
2001,12,,5,7,0,0,0,0,0,0,1,1,2,2,5,1,,,92054
2001,12,,6,0,1,1,0,0,0,0,2,1,2,3,7,1,20,1,53082
2001,12,,5,18,1,1,0,0,0,0,1,18,2,3,4,1,11,1,71070
2001,12,,5,7,0,0,0,0,0,0,1,7,2,3,3,2,49,1,71069
2001,12,,7,1,0,0,0,0,0,0,1,1,2,,3,1,,,23002
2001,12,,4,15,0,0,0,0,0,0,1,1,2,1,4,1,60,1,23044
2001,12,,6,19,1,1,0,0,0,0,1,1,2,3,4,2,21,1,23038
2001,12,,5,16,1,1,0,0,0,0,1,1,2,1,3,1,49,2,23077
2001,12,,6,17,1,1,0,0,0,0,1,1,2,3,6,2,33,2,24107
2001,12,,1,10,1,1,0,0,0,0,1,10,2,1,7,1,52,1,24134
2001,12,,3,20,1,1,0,0,0,0,1,15,2,3,4,2,19,2,24107
2001,12,,4,22,1,1,0,0,0,0,1,1,2,4,7,2,27,1,25031
2001,12,,7,3,1,1,0,0,0,0,2,1,1,4,3,2,9,2,12025
2001,12,,4,13,1,1,0,0,0,0,1,1,2,1,4,2,63,1,12030
2001,12,,1,15,1,1,0,0,0,0,1,18,2,1,4,1,10,2,13017
2001,12,,1,10,1,1,0,0,0,0,2,1,2,1,3,2,38,1,13012
2001,12,,7,4,1,1,0,0,0,0,1,1,1,4,7,2,31,1,13008
2001,12,,2,14,0,0,0,0,0,0,1,1,2,1,4,2,66,1,13008
2001,12,,7,3,0,0,0,0,0,0,1,2,2,3,2,1,37,1,13040
2001,12,,2,18,0,0,0,0,0,0,1,1,2,3,4,1,32,1,21004
2001,12,,4,22,0,0,0,0,0,0,1,1,2,3,3,1,54,2,21004
2001,12,,1,11,1,1,0,0,0,0,1,22,2,1,5,1,48,1,21004
2001,12,,3,20,1,0,1,0,0,0,1,22,2,3,5,1,75,2,21019
2001,12,,4,23,1,1,0,0,0,0,2,2,2,3,3,1,24,2,21015
2001,12,,1,22,0,0,0,0,0,0,1,1,2,3,3,1,30,1,21018
2001,12,,3,18,0,0,0,0,0,0,1,1,2,3,5,1,48,1,31005
2001,12,,4,9,1,1,0,0,0,0,1,18,2,2,4,1,12,2,31005
2001,12,,1,8,0,0,0,0,0,0,1,1,2,2,5,1,,,11002
2001,12,,7,23,1,1,0,0,0,0,2,1,2,3,7,1,29,2,11029
2001,12,,2,21,0,0,0,0,0,0,1,1,1,3,3,2,53,1,11035
2001,12,,3,12,0,0,0,0,0,0,1,1,2,1,4,1,34,1,12014
2001,12,,6,23,1,1,0,0,0,0,2,1,2,3,4,2,25,2,11002
2001,12,,3,9,0,0,0,0,0,0,1,1,2,2,4,2,23,2,11002
2001,12,,3,18,1,1,0,0,0,0,1,1,1,3,3,2,28,2,11002
2001,12,,2,16,1,1,0,0,0,0,1,16,2,1,4,2,44,1,11002
2005,1,,7,14,1,1,0,0,0,0,1,1,1,1,3,2,31,1,25124
2005,1,,1,2,0,0,0,0,0,0,1,1,2,3,4,1,38,1,11002
2005,1,,5,4,0,0,0,0,0,0,1,1,2,3,4,1,31,1,11002
2005,1,,5,21,0,0,0,0,0,0,1,1,1,3,1,2,41,1,11001
2005,1,,2,18,0,0,0,0,0,0,1,15,2,3,4,1,16,2,11018
2005,1,,4,10,1.26,1.26,0,0,0,0,1,16,2,1,8,1,38,2,11023
2005,1,,1,16,1.21,1.21,0,0,0,0,2,1,2,1,3,1,,2,21016
2005,1,,2,2,0,0,0,0,0,0,1,2,2,3,4,1,20,1,21015
2005,1,,1,9,0,0,0,0,0,0,1,1,2,2,3,1,36,2,21004
2005,1,,7,5,1.32,0,1.32,0,0,0,1,18,2,3,3,1,18,2,13040
2005,1,,6,19,2,2,0,0,0,0,1,2,2,3,2,2,28,2,12040
2005,1,,4,18,0,0,0,0,0,0,1,1,2,2,4,1,39,1,12025
2005,1,,6,15,1.37,1.37,0,0,0,0,1,22,2,1,5,1,21,1,25112
2005,1,,7,19,0,0,0,0,0,0,1,2,2,4,3,2,38,2,25048
2005,1,,1,0,1.09,1.09,0,0,0,0,2,1,2,3,3,2,65,2,25068
2005,1,,2,8,0,0,0,0,0,0,1,1,2,1,4,2,44,1,23094
2005,1,,6,15,1.26,1.26,0,0,0,0,1,16,2,1,3,2,17,2,23062
2005,1,,5,12,1.11,1.11,0,0,0,0,1,4,2,1,3,1,49,1,23016
2005,1,,5,16,0,0,0,0,0,0,1,6,2,1,3,1,39,1,11057
2005,1,,4,22,1,1,0,0,0,0,1,7,1,3,4,2,40,1,85046
2005,1,,6,13,1.18,1.18,0,0,0,0,2,1,2,1,4,1,15,2,72038
2005,1,,2,16,1.24,0,1.24,0,0,0,1,22,2,1,5,1,67,1,52075
2005,1,,2,15,1.16,1.16,0,0,0,0,1,1,2,1,4,2,18,1,56085
2005,1,,1,21,0,0,0,0,0,0,1,1,2,4,3,2,24,1,93014
2005,1,,6,10,1.15,1.15,0,0,0,0,1,1,2,1,3,2,24,2,81001
2005,1,,6,7,1.3,1.3,0,0,0,0,1,1,2,3,8,1,27,1,71017
2005,1,,4,12,1.13,1.13,0,0,0,0,1,1,2,1,3,2,33,2,71022
2005,1,,1,22,1.07,1.07,0,0,0,0,2,1,2,3,6,1,35,2,64034
2005,1,,4,23,0,0,0,0,0,0,1,1,2,3,4,1,,,63023
2005,1,,5,20,1.24,1.24,0,0,0,0,1,1,2,3,4,1,22,2,62063
2005,1,,3,9,0,0,0,0,0,0,1,1,2,1,4,1,59,1,62051
2005,1,,7,6,1.19,0,1.19,0,0,0,1,1,2,3,7,2,24,2,62060
2005,1,,1,19,1.04,1.04,0,0,0,0,1,1,2,2,4,1,60,2,61072
2005,1,,6,17,1.16,1.16,0,0,0,0,1,22,2,3,5,1,29,1,57064
2005,1,,1,18,0,0,0,0,0,0,1,1,2,3,4,1,49,2,53070
2005,1,,1,18,0,0,0,0,0,0,1,1,2,3,2,2,34,1,53014
2005,1,,2,14,1,1,0,0,0,0,1,1,1,1,7,2,30,2,52063
2005,1,,7,20,1,1,0,0,0,0,2,1,1,3,3,2,76,2,52055
2005,1,,3,10,1.33,1.33,0,0,0,0,1,22,2,1,5,1,31,2,52011
2005,1,,6,14,0,0,0,0,0,0,1,1,2,1,3,1,47,1,52011
2005,1,,5,11,1.33,1.33,0,0,0,0,1,18,2,1,4,1,34,1,52011
2005,1,,6,19,1.21,1.21,0,0,0,0,1,15,2,2,4,1,27,1,46025
2005,1,,1,8,1.21,1.21,0,0,0,0,1,18,2,3,4,2,35,2,46025
2005,1,,4,15,0,0,0,0,0,0,1,2,2,1,3,1,29,1,46021
2005,1,,6,14,1.47,1.47,0,0,0,0,1,18,2,1,4,2,14,1,46003
2005,1,,4,11,0,0,0,0,0,0,1,1,2,1,4,1,68,1,45035
2005,1,,1,9,1.18,1.18,0,0,0,0,1,18,2,2,4,1,12,1,44021
2005,1,,3,9,0,0,0,0,0,0,1,1,2,1,2,1,35,2,44021
2005,1,,1,12,1,0,0,0,1,1,1,7,1,1,7,2,59,1,44021
2005,1,,1,8,0,0,0,0,0,0,1,1,1,2,7,2,44,1,44021
2005,1,,1,19,1.25,1.25,0,0,0,0,1,15,2,3,4,1,17,1,44019
2005,1,,6,9,1.21,1.21,0,0,0,0,1,1,2,2,7,2,19,1,44011
2005,1,,7,5,0,0,0,0,0,0,1,1,2,3,4,2,26,1,44012
2005,1,,5,14,1.18,1.18,0,0,0,0,1,2,2,1,4,1,23,1,44021
2005,1,,4,11,0,0,0,0,0,0,1,1,2,1,5,1,58,1,42025
2005,1,,4,15,0,0,0,0,0,0,1,1,2,1,1,2,41,1,41018
2005,1,,2,14,1.2,1.2,0,0,0,0,1,18,2,1,4,1,75,1,35013
2005,1,,1,20,1.12,1.12,0,0,0,0,1,16,2,3,4,1,18,1,35011
2005,1,,5,11,0,0,0,0,0,0,1,1,2,1,5,1,63,1,34027
2005,1,,5,11,1.39,1.39,0,0,0,0,1,22,2,1,5,1,52,2,34027
2005,1,,2,8,1,1,0,0,0,0,1,1,2,3,1,2,24,2,34022
2005,1,,7,21,1.15,1.15,0,0,0,0,1,16,2,3,2,1,16,1,31043
2005,2,,1,9,1.11,1.11,0,0,0,0,1,2,2,1,7,1,26,1,31012
2005,2,,7,1,0,0,0,0,0,0,1,1,2,3,2,2,24,1,31022
2005,2,,6,13,1,0,1,0,0,0,2,1,1,1,7,2,31,1,34027
2005,2,,2,15,1.17,1.17,0,0,0,0,1,1,2,1,6,1,18,1,34022
2005,2,,7,14,1.04,1.04,0,0,0,0,1,2,2,1,4,1,67,1,41002
2005,2,,5,0,1.16,1.16,0,0,0,0,2,1,2,3,4,1,58,2,41018
2005,2,,4,17,0,0,0,0,0,0,1,2,2,1,4,1,23,1,41002
2005,2,,6,22,1.17,1.17,0,0,0,0,1,16,2,3,4,1,20,1,43018
2005,2,,3,2,0,0,0,0,0,0,1,1,2,3,5,1,28,1,44021
2005,2,,7,23,1,1,0,0,0,0,1,1,1,3,7,2,22,2,44012
2005,2,,4,21,0,0,0,0,0,0,1,11,2,3,4,1,38,1,44021
2005,2,,6,14,0,0,0,0,0,0,1,1,2,1,4,1,43,1,44021
2005,2,,2,21,1.33,1.33,0,0,0,0,1,22,2,3,5,1,73,1,52011
2005,2,,3,13,1.33,1.33,0,0,0,0,1,1,2,1,3,1,45,2,52011
2005,2,,3,3,0,0,0,0,0,0,1,2,2,3,2,1,23,1,52012
2005,2,,2,9,1.18,1.18,0,0,0,0,1,1,2,1,2,2,32,2,52025
2005,2,,2,11,1.2,1.2,0,0,0,0,1,1,2,1,4,1,51,2,54007
2005,2,,5,23,1,1,0,0,0,0,1,1,2,4,4,2,23,2,57064
2005,2,,3,9,1.08,1.08,0,0,0,0,1,1,2,1,4,2,35,1,56005
2005,2,,3,16,0,0,0,0,0,0,1,1,2,1,4,1,50,2,61072
2005,2,,3,9,1.04,1.04,0,0,0,0,1,2,2,1,4,2,53,2,61068
2005,2,,2,20,1.16,1.16,0,0,0,0,1,22,2,4,5,1,31,2,62096
2005,2,,2,20,0,0,0,0,0,0,1,1,2,4,5,1,35,1,62096
2005,2,,6,1,1,0,0,0,1,1,2,1,2,3,2,2,21,1,71011
2005,2,,2,10,0,0,0,0,0,0,1,4,2,1,5,2,42,1,71016
2005,2,,6,12,0,0,0,0,0,0,1,1,2,1,4,2,38,1,73107
2005,2,,2,10,1.28,1.28,0,0,0,0,1,1,2,1,2,2,69,1,85045
2005,2,,1,18,1.27,1.27,0,0,0,0,1,1,2,3,4,2,47,2,92094
2005,2,,3,19,1.16,1.16,0,0,0,0,1,1,2,3,3,1,22,2,62121
2005,2,,1,21,1.08,1.08,0,0,0,0,1,1,2,4,7,2,29,1,56088
2005,2,,3,12,1.13,1.13,0,0,0,0,1,2,2,1,2,2,62,1,37020
2005,2,,4,14,1.05,1.05,0,0,0,0,1,1,2,1,4,2,78,1,72039
2005,2,,2,8,1.13,1.13,0,0,0,0,2,1,2,1,2,1,22,2,92138
2005,2,,7,6,1.13,1.13,0,0,0,0,1,1,2,3,7,2,27,2,92138
2005,2,,4,22,2.18,2.18,0,0,0,0,2,1,2,3,3,2,18,1,23024
2005,2,,1,15,0,0,0,0,0,0,1,1,2,1,4,1,54,1,23097
2005,2,,6,22,0,0,0,0,0,0,1,1,2,3,3,1,21,1,23103
2005,2,,3,14,1.19,1.19,0,0,0,0,1,1,2,1,4,2,47,2,24062
2005,2,,6,19,1.09,0,1.09,0,0,0,1,1,2,2,7,1,24,2,24104
2005,2,,7,8,1.13,1.13,0,0,0,0,1,1,2,2,7,2,21,1,24135
2005,2,,4,10,1,0,1,0,0,0,1,2,1,1,8,2,40,2,25072
2005,2,,1,17,1.32,1.32,0,0,0,0,1,1,2,1,3,2,38,2,13004
2005,2,,2,16,0,0,0,0,0,0,1,2,2,1,,2,33,2,13040
2005,2,,7,17,1.22,1.22,0,0,0,0,1,18,2,1,4,1,11,1,13025
2005,2,,7,22,1.22,1.22,0,0,0,0,1,1,2,3,3,2,37,1,13025
2005,2,,4,23,1.76,1.76,0,0,0,0,1,1,2,3,3,1,28,1,21015
2005,2,,3,17,1.25,1.25,0,0,0,0,1,18,2,1,4,1,11,1,31005
2005,2,,2,8,1.25,1.25,0,0,0,0,1,15,2,1,8,1,20,2,31005
2005,2,,3,18,0,0,0,0,0,0,1,2,2,1,3,2,73,1,31005
2005,2,,7,21,1.22,1.22,0,0,0,0,1,1,2,3,2,2,39,1,11050
2005,2,,1,12,1,1,0,0,0,0,1,1,1,1,7,2,41,2,11044
2005,2,,1,21,1,1,0,0,0,0,1,1,2,3,4,2,39,2,12014
2005,2,,6,7,0,0,0,0,0,0,1,2,2,3,2,1,32,1,11002
2005,2,,5,23,0,0,0,0,0,0,1,1,2,3,3,1,36,1,11002
2005,2,,2,10,0,0,0,0,0,0,1,1,2,1,4,1,26,2,11002
2005,2,,5,11,1,1,0,0,0,0,2,1,1,1,3,2,60,2,11002
2005,2,,5,17,0,0,0,0,0,0,1,4,2,1,4,1,51,1,11002
2005,3,,5,20,0,0,0,0,0,0,1,7,2,1,4,2,44,1,11002
2005,3,,4,16,1.12,1.12,0,0,0,0,2,2,2,1,3,1,63,2,11002
2005,3,,1,22,1.12,1.12,0,0,0,0,1,22,2,3,5,1,35,2,11002
2005,3,,7,9,1,1,0,0,0,0,2,1,1,1,4,2,26,1,11001
2005,3,,7,19,0,0,0,0,0,0,1,1,2,1,4,1,18,1,12009
2005,3,,5,7,1,1,0,0,0,0,2,1,1,3,7,2,17,2,11002
2005,3,,4,20,0,0,0,0,0,0,1,4,2,1,4,1,19,2,11002
2005,3,,6,20,0,0,0,0,0,0,1,18,2,3,2,1,,,31005