year,month,monthDay,weekDay,hour,numVictims,numSlightlyInjured,numSeverelyInjured,numMortallyInjured,numDiedWithin24Hours,numDiedWithin30Days,victimType,roadUserType,roadType,lightConditions,collisionType,areaType,age,sex,municipality
2005,3,,2,17,1.25,0,1.25,0,0,0,1,16,2,1,3,1,22,2,31005
2005,3,,4,18,0,0,0,0,0,0,1,1,2,1,3,1,38,1,31005
2005,3,,2,15,1.25,1.25,0,0,0,0,1,1,2,1,3,2,37,2,31005
2005,3,,3,13,0,0,0,0,0,0,1,1,2,1,4,1,67,1,21009
2005,3,,4,20,0,0,0,0,0,0,1,15,2,3,5,1,20,1,21002
2005,3,,1,11,1.32,1.32,0,0,0,0,1,1,2,1,2,1,34,2,13017
2005,3,,3,22,1.12,1.12,0,0,0,0,1,1,2,3,3,2,31,1,12030
2005,3,,4,9,0,0,0,0,0,0,1,1,2,1,4,1,28,2,25091
2005,3,,6,9,1.37,1.37,0,0,0,0,1,1,2,1,,2,30,1,25112
2005,3,,4,2,1.4,1.4,0,0,0,0,2,1,2,3,4,2,22,1,25105
2005,3,,2,15,1.19,1.19,0,0,0,0,1,18,2,1,4,1,52,2,24062
2005,3,,4,15,0,0,0,0,0,0,1,1,2,1,4,1,67,2,24062
2005,3,,7,19,1,1,0,0,0,0,1,4,1,4,3,2,57,1,23086
2005,3,,3,17,1.11,1.11,0,0,0,0,1,13,2,1,4,1,35,1,23077
2005,3,,1,8,0,0,0,0,0,0,1,1,2,1,1,2,33,1,23047
2005,3,,5,22,1.14,1.14,0,0,0,0,1,1,2,4,6,2,19,1,84077
2005,3,,3,20,0,0,0,0,0,0,1,1,2,3,4,2,18,1,71070
2005,3,,5,19,0,0,0,0,0,0,1,1,2,1,3,1,35,1,62120
2005,3,,1,11,1.19,0,1.19,0,0,0,1,4,2,1,7,2,41,1,91072
2005,3,,4,9,1.4,0,1.4,0,0,0,1,4,2,1,7,1,52,1,82014
2005,3,,6,1,1.19,1.19,0,0,0,0,1,1,2,3,7,1,20,1,84010
2005,3,,1,19,1.23,1.23,0,0,0,0,2,1,2,1,3,1,39,1,73040
2005,3,,6,5,0,0,0,0,0,0,1,7,2,3,5,2,42,2,72020
2005,3,,3,16,0,0,0,0,0,0,1,1,2,1,3,1,39,2,72004
2005,3,,6,19,1.15,1.15,0,0,0,0,2,1,2,1,7,2,62,2,71057
2005,3,,1,6,1.11,1.11,0,0,0,0,2,1,2,3,7,2,22,1,63023
2005,3,,3,9,1.29,1.29,0,0,0,0,1,24,2,1,4,1,18,2,63079
2005,3,,5,16,1.08,1.08,0,0,0,0,1,14,2,1,3,1,36,1,62051
2005,3,,2,19,1.11,1.11,0,0,0,0,1,22,2,1,5,1,23,1,62003
2005,3,,6,15,0,0,0,0,0,0,1,1,2,1,3,1,40,2,53053
2005,3,,1,19,1,1,0,0,0,0,1,1,1,3,3,2,40,1,53014
2005,3,,3,13,0,0,0,0,0,0,1,1,2,1,5,1,37,1,53053
2005,3,,1,23,1.33,1.33,0,0,0,0,1,1,2,3,2,1,32,1,52011
2005,3,,2,22,0,0,0,0,0,0,1,1,2,3,2,2,35,2,46020
2005,3,,4,7,0,0,0,0,0,0,1,1,2,1,3,2,46,1,45035
2005,3,,1,21,0,0,0,0,0,0,1,13,2,1,5,1,39,1,46013
2005,3,,2,18,1.18,1.18,0,0,0,0,1,15,2,1,4,1,41,2,44021
2005,3,,2,8,1.18,1.18,0,0,0,0,1,15,2,1,3,1,18,1,44021
2005,3,,5,9,0,0,0,0,0,0,1,2,2,1,3,2,44,1,44021
2005,3,,3,18,1.18,1.18,0,0,0,0,1,16,2,1,6,2,27,2,44021
2005,3,,6,15,0,0,0,0,0,0,1,15,2,1,2,1,18,1,42006
2005,3,,4,10,0,0,0,0,0,0,1,1,2,1,3,2,57,1,42011
2005,3,,6,18,0,0,0,0,0,0,1,4,1,1,4,2,31,1,42010
2005,3,,1,18,1.22,1.22,0,0,0,0,1,18,2,1,3,2,12,1,42006
2005,3,,6,18,1.09,1.09,0,0,0,0,1,14,2,1,2,2,37,1,41027
2005,3,,7,1,0,0,0,0,0,0,1,1,2,3,4,1,39,2,38014
2005,3,,3,2,1.13,1.13,0,0,0,0,2,1,2,3,7,2,19,1,38008
2005,3,,3,13,0,0,0,0,0,0,1,4,2,1,4,2,32,1,37007
2005,3,,2,9,0,0,0,0,0,0,1,10,2,1,4,1,42,2,36015
2005,3,,3,14,0,0,0,0,0,0,1,22,2,1,5,1,,,35013
2005,3,,3,10,1.11,1.11,0,0,0,0,1,1,2,1,2,1,71,1,35006
2005,3,,1,9,1.21,1.21,0,0,0,0,1,18,2,1,4,1,7,2,34013
2005,3,,4,17,0,0,0,0,0,0,1,1,2,1,4,1,57,2,34013
2005,3,,5,18,0,0,0,0,0,0,1,1,2,1,5,1,74,2,33011
2005,3,,6,19,1.15,1.15,0,0,0,0,1,1,2,2,4,1,56,1,33011
2005,3,,7,8,1.16,1.16,0,0,0,0,1,16,2,,8,1,19,1,31022
2005,3,,1,18,1.15,1.15,0,0,0,0,2,1,2,1,3,1,60,2,31043
2005,4,,6,9,1,1,0,0,0,0,1,1,1,1,7,2,52,1,31022
2005,4,,7,17,0,0,0,0,0,0,1,2,2,1,4,2,47,1,34040
2005,4,,1,15,0,0,0,0,0,0,1,1,2,1,4,1,25,1,34022
2005,4,,5,5,0,0,0,0,0,0,1,2,2,3,3,1,24,1,34022
2005,4,,6,15,1.11,1.11,0,0,0,0,2,8,2,1,3,2,23,2,35006
2005,4,,1,18,0,0,0,0,0,0,1,18,2,1,4,1,18,1,36015
2005,4,,6,11,1.13,1.13,0,0,0,0,1,22,2,1,5,2,30,2,37015
2005,4,,1,16,1.21,1.21,0,0,0,0,1,1,2,1,2,1,21,2,41024
2005,4,,4,14,1.22,1.22,0,0,0,0,1,18,2,1,4,1,67,1,42006
2005,4,,3,11,0,0,0,0,0,0,1,1,2,1,3,1,31,1,44021
2005,4,,6,19,1.21,1.21,0,0,0,0,1,1,2,1,4,1,37,2,44011
2005,4,,2,17,1.18,1.18,0,0,0,0,1,18,2,1,4,1,36,2,44021
2005,4,,7,10,1.18,1.18,0,0,0,0,1,22,2,1,5,1,18,2,44021
2005,4,,5,14,1.18,1.18,0,0,0,0,2,1,2,1,4,1,56,2,44021
2005,4,,3,16,1.21,0,1.21,0,0,0,1,22,2,1,5,1,5,1,46013
2005,4,,5,19,0,0,0,0,0,0,1,1,2,1,5,1,45,1,46003
2005,4,,6,19,1.21,1.21,0,0,0,0,2,1,2,1,4,2,28,1,46025
2005,4,,5,16,1,0,0,0,1,1,1,1,2,1,1,1,65,2,52012
2005,4,,2,16,1,1,0,0,0,0,1,1,1,1,4,2,28,1,52015
2005,4,,3,12,1.33,1.33,0,0,0,0,1,22,2,1,5,1,44,1,52011
2005,4,,7,22,1,1,0,0,0,0,2,1,2,4,3,2,16,1,52022
2005,4,,7,17,0,0,0,0,0,0,1,1,2,1,4,1,42,1,56011
2005,4,,6,5,1.15,1.15,0,0,0,0,1,9,2,3,3,1,38,1,57027
2005,4,,7,22,1.08,1.08,0,0,0,0,2,1,2,4,2,2,16,2,56016
2005,4,,5,19,1.04,1.04,0,0,0,0,2,14,2,1,4,1,37,2,61003
2005,4,,5,9,1,1,0,0,0,0,1,6,1,1,2,2,28,1,62051
2005,4,,2,18,0,0,0,0,0,0,1,2,2,1,4,1,46,1,63020
2005,4,,5,0,1.3,1.3,0,0,0,0,2,1,2,3,4,2,17,2,71053
2005,4,,2,15,1.13,1.13,0,0,0,0,1,1,2,1,3,2,20,2,71022
2005,4,,3,9,0,0,0,0,0,0,1,4,2,1,4,2,46,2,72030
2005,4,,5,20,0,0,0,0,0,0,1,1,2,2,2,1,22,1,72030
2005,4,,2,10,0,0,0,0,0,0,1,1,2,1,4,2,62,2,72029
2005,4,,4,9,2.2,1.1,1.1,0,0,0,1,1,2,1,4,2,34,2,72004
2005,4,,4,23,0,0,0,0,0,0,1,1,2,3,7,2,22,1,73042
2005,4,,6,17,0,0,0,0,0,0,1,14,2,1,2,2,27,1,84010
2005,4,,7,14,1.14,1.14,0,0,0,0,1,1,2,1,4,1,21,2,84043
2005,4,,4,9,1.27,1.27,0,0,0,0,1,1,2,1,1,2,27,2,92094
2005,4,,4,23,1.37,1.37,0,0,0,0,1,,2,4,8,2,29,1,93014
2005,4,,7,6,0,0,0,0,0,0,1,1,2,3,7,2,25,1,93056
2005,4,,1,15,1.1,1.1,0,0,0,0,1,1,2,1,3,2,27,1,72040
2005,4,,6,13,0,0,0,0,0,0,1,1,2,1,4,2,45,1,92142
2005,4,,7,2,1.08,1.08,0,0,0,0,2,1,2,3,3,1,12,1,23003
2005,4,,7,5,1,0,0,0,1,1,2,1,1,3,7,2,29,2,92142
2005,4,,3,6,1,1,0,0,0,0,1,1,1,3,7,2,35,1,23027
2005,4,,3,14,1.44,0,1.44,0,0,0,1,1,2,1,3,2,45,2,23050
2005,4,,6,15,1.34,1.34,0,0,0,0,1,1,1,1,3,2,39,1,23086
2005,4,,3,18,1.3,1.3,0,0,0,0,1,14,2,1,4,1,33,1,23094
2005,4,,5,7,1.18,1.18,0,0,0,0,1,1,2,1,2,1,54,1,24020
2005,4,,6,14,0,0,0,0,0,0,1,1,2,1,2,1,28,1,24059
2005,4,,5,8,0,0,0,0,0,0,1,4,2,1,,1,53,1,24055
2005,4,,6,22,0,0,0,0,0,0,1,1,2,3,2,2,54,1,25015
2005,4,,6,14,1.12,1.12,0,0,0,0,1,1,2,1,4,1,41,2,24107
2005,4,,4,18,1.13,1.13,0,0,0,0,1,1,2,1,4,1,68,2,24135
2005,4,,4,20,1,1,0,0,0,0,1,1,1,1,3,2,25,2,25044
2005,4,,6,17,1.76,1.76,0,0,0,0,2,2,2,1,4,1,21,2,13001
2005,4,,7,4,1.12,1.12,0,0,0,0,2,1,2,3,7,2,18,1,12034
2005,4,,7,4,1.12,1.12,0,0,0,0,1,1,2,3,7,2,18,1,12034
2005,4,,5,20,1.12,1.12,0,0,0,0,2,1,2,1,3,2,22,2,12030
2005,4,,1,13,0,0,0,0,0,0,1,6,2,1,3,2,39,1,12030
2005,4,,5,17,1.27,1.27,0,0,0,0,1,24,2,1,2,1,48,1,13021
2005,4,,6,11,1.73,1.73,0,0,0,0,1,1,2,1,2,1,,1,21009
2005,4,,2,12,0,0,0,0,0,0,1,1,2,1,4,1,72,1,21016
2005,4,,4,17,0,0,0,0,0,0,1,6,1,1,3,2,20,1,11002
2005,4,,6,13,0,0,0,0,0,0,1,6,2,1,4,2,35,1,11024
2005,4,,4,13,0,0,0,0,0,0,1,2,2,1,4,1,38,1,11054
2005,4,,1,8,0,0,0,0,0,0,1,1,2,2,2,1,21,2,12002
2005,4,,1,8,1,1,0,0,0,0,2,2,1,1,3,2,26,1,11002
2005,4,,6,9,1.12,1.12,0,0,0,0,1,22,2,1,5,1,33,1,11002
2005,4,,4,16,0,0,0,0,0,0,1,1,1,1,3,2,38,1,11002
2005,4,,1,8,1.2,1.2,0,0,0,0,1,1,2,1,4,2,31,2,25121
2005,5,,5,15,1.2,1.2,0,0,0,0,1,1,2,1,2,1,40,1,25121
2005,5,,5,12,0,0,0,0,0,0,1,2,2,1,5,1,37,1,11002
2005,5,,5,7,1.12,0,1.12,0,0,0,1,18,2,1,2,1,48,1,11002
2005,5,,2,15,1,1,0,0,0,0,1,1,1,1,4,2,26,2,11002
2005,5,,5,16,0,0,0,0,0,0,1,1,2,1,3,2,29,1,11002
2005,5,,1,14,0,0,0,0,0,0,1,6,1,1,3,2,29,1,11056
2005,5,,4,18,1.22,1.22,0,0,0,0,1,22,2,1,5,1,53,2,11029
2005,5,,3,7,1.25,1.25,0,0,0,0,1,4,2,2,3,1,34,1,31005
2005,5,,5,7,1,1,0,0,0,0,1,1,1,2,7,2,24,1,21015
2005,5,,6,17,0,0,0,0,0,0,1,1,2,1,4,1,,,31004
2005,5,,1,19,1.73,1.73,0,0,0,0,1,1,2,1,3,1,22,1,21004
2005,5,,7,18,1.36,1.36,0,0,0,0,1,14,2,1,3,2,55,1,13011
2005,5,,3,19,1.24,0,1.24,0,0,0,1,18,2,1,4,1,4,1,12025
2005,5,,4,21,0,0,0,0,0,0,1,4,1,1,2,2,23,1,25044
2005,5,,7,12,1.34,1.34,0,0,0,0,1,1,2,1,4,2,29,2,24130
2005,5,,5,23,1.3,1.3,0,0,0,0,2,1,2,3,6,2,19,1,24038
2005,5,,2,17,1.19,1.19,0,0,0,0,1,22,2,1,5,1,75,2,24062
2005,5,,3,12,1.3,1.3,0,0,0,0,1,14,2,1,4,1,38,1,24055
2005,5,,6,16,1.19,1.19,0,0,0,0,1,18,2,1,3,1,36,1,24062
2005,5,,2,11,0,0,0,0,0,0,1,1,2,1,4,1,21,1,23099
2005,5,,2,8,0,0,0,0,0,0,1,1,2,1,4,1,44,2,24009
2005,5,,1,8,0,0,0,0,0,0,1,6,2,2,2,2,48,1,23062
2005,5,,6,17,1,0,0,1,0,1,2,1,1,1,7,2,64,2,23025
2005,5,,3,16,1.26,1.26,0,0,0,0,1,1,2,1,3,1,58,2,23033
2005,5,,2,22,1.15,1.15,0,0,0,0,1,1,2,1,2,1,21,1,23002
2005,5,,4,17,1.21,1.21,0,0,0,0,1,16,2,1,,1,17,1,92140
2005,5,,1,16,1.2,0,1.2,0,0,0,1,14,2,1,3,2,37,1,73109
2005,5,,3,18,1.1,1.1,0,0,0,0,1,4,2,1,2,2,27,1,72040
2005,5,,6,22,1.16,0,1.16,0,0,0,1,15,2,1,4,2,16,1,56085
2005,5,,3,20,0,0,0,0,0,0,1,2,2,1,4,1,44,1,52048
2005,5,,1,1,1,1,0,0,0,0,2,1,2,3,6,2,21,1,93056
2005,5,,6,11,0,0,0,0,0,0,1,1,1,1,4,2,41,1,81015
2005,5,,6,12,1.21,1.21,0,0,0,0,1,4,2,1,3,2,25,2,73083
2005,5,,4,15,1,1,0,0,0,0,1,18,2,1,7,2,21,1,63086
2005,5,,5,1,1,1,0,0,0,0,2,2,1,3,3,2,0,1,71011
2005,5,,7,23,1.04,1.04,0,0,0,0,2,1,2,3,2,1,19,2,64065
2005,5,,1,2,1.24,1.24,0,0,0,0,2,1,2,3,6,1,20,2,62063
2005,5,,7,7,0,0,0,0,0,0,1,1,2,1,7,1,20,1,62063
2005,5,,1,15,1.24,1.24,0,0,0,0,2,10,2,1,4,1,55,2,62063
2005,5,,1,15,1,1,0,0,0,0,1,4,1,1,7,2,51,1,62063
2005,5,,6,15,0,0,0,0,0,0,1,1,2,1,4,1,42,1,62006
2005,5,,1,18,1.19,1.19,0,0,0,0,2,1,2,1,2,1,9,1,61031
2005,5,,6,21,0,0,0,0,0,0,1,2,2,1,4,1,47,1,55022
2005,5,,5,15,1.27,1.27,0,0,0,0,1,15,2,1,4,1,18,2,53020
2005,5,,4,18,1.24,1.24,0,0,0,0,1,22,2,1,5,1,51,1,52063
2005,5,,6,4,1,0,1,0,0,0,2,1,1,3,2,2,16,2,53053
2005,5,,5,17,1.27,1.27,0,0,0,0,2,1,2,1,3,1,83,2,53053
2005,5,,6,17,1.11,1.11,0,0,0,0,1,1,2,1,7,2,41,1,53044
2005,5,,6,13,0,0,0,0,0,0,1,2,2,1,2,1,56,1,52015
2005,5,,2,16,1.18,1.18,0,0,0,0,1,15,2,1,4,1,21,1,51004
2005,5,,2,16,1.59,1.59,0,0,0,0,1,1,2,1,2,2,21,2,46021
2005,5,,2,23,1.29,1.29,0,0,0,0,1,2,2,4,7,1,35,1,45061
2005,5,,4,11,1,1,0,0,0,0,2,1,1,1,3,2,22,2,44049
2005,5,,7,11,1.17,0,1.17,0,0,0,1,18,2,1,4,2,55,1,44073
2005,5,,7,12,1,1,0,0,0,0,2,1,1,1,3,2,59,2,44043
2005,5,,5,9,1.18,0,1.18,0,0,0,1,15,2,1,4,1,17,2,44021
2005,5,,6,3,2,2,0,0,0,0,2,4,1,3,4,2,17,2,44021
2005,5,,4,1,1.18,1.18,0,0,0,0,1,1,2,4,7,2,57,2,44021
2005,5,,1,9,0,0,0,0,0,0,1,2,2,1,2,1,33,1,44021
2005,5,,7,18,0,0,0,0,0,0,1,1,1,1,,2,23,1,44012
2005,5,,2,23,0,0,0,0,0,0,1,6,2,3,4,1,35,1,44011
2005,5,,3,18,1.04,1.04,0,0,0,0,1,1,2,1,1,2,42,2,41002
2005,5,,1,14,0,0,0,0,0,0,1,1,2,1,4,2,61,2,38014
2005,5,,3,18,0,0,0,0,0,0,1,1,2,1,3,2,50,1,37018
2005,5,,1,13,1.13,1.13,0,0,0,0,1,1,2,1,4,1,50,2,38014
2005,5,,7,21,0,0,0,0,0,0,1,7,1,2,3,2,34,1,38014
2005,5,,2,9,1.13,1.13,0,0,0,0,1,1,2,1,4,2,68,2,37012
2005,5,,2,1,1.39,1.39,0,0,0,0,1,1,2,3,4,1,28,1,36010
2005,5,,3,19,1.16,1.16,0,0,0,0,1,22,2,1,5,1,50,2,36015
2005,5,,3,15,0,0,0,0,0,0,1,2,2,1,3,1,43,1,35013
2005,5,,5,9,0,0,0,0,0,0,1,1,2,1,4,1,32,1,35002
2005,5,,3,9,1.17,1.17,0,0,0,0,1,1,2,1,2,1,35,2,34022
2005,5,,4,8,1.21,1.21,0,0,0,0,1,4,2,1,3,2,25,1,34009
2005,5,,2,12,1.15,1.15,0,0,0,0,1,1,2,1,7,2,40,1,33037
2005,5,,2,8,0,0,0,0,0,0,1,7,2,1,2,2,31,1,32011
2005,5,,3,9,1.16,1.16,0,0,0,0,1,15,2,1,4,2,20,2,31040
2005,5,,3,22,0,0,0,0,0,0,1,1,2,2,4,2,20,1,31033
2005,5,,7,19,1.15,0,1.15,0,0,0,1,13,2,1,4,2,45,2,31043
2005,5,,4,11,0,0,0,0,0,0,1,1,2,1,3,2,72,1,31022
2005,5,,3,17,0,0,0,0,0,0,1,1,2,1,5,1,18,1,31043
2005,5,,7,12,0,0,0,0,0,0,1,24,2,1,5,1,12,1,31043
2005,5,,1,21,0,0,0,0,0,0,1,4,2,1,4,1,24,1,31040
2005,5,,3,16,1.15,1.15,0,0,0,0,1,18,2,1,3,1,19,1,31006
2005,6,,7,10,1.15,1.15,0,0,0,0,1,16,2,1,7,1,19,1,31043
2005,6,,3,8,1.11,1.11,0,0,0,0,1,16,2,1,4,1,17,1,31012
2005,6,,4,17,1.16,1.16,0,0,0,0,1,1,2,1,1,2,36,1,31040
2005,6,,7,2,0,0,0,0,0,0,1,1,1,3,7,2,40,1,31040
2005,6,,7,7,1.17,1.17,0,0,0,0,2,2,2,1,4,2,48,2,34022
2005,6,,6,13,0,0,0,0,0,0,1,1,2,1,2,1,67,1,35013
2005,6,,5,17,1.2,1.2,0,0,0,0,1,2,2,1,3,1,46,1,35013
2005,6,,7,19,1.13,0,1.13,0,0,0,2,14,2,1,6,2,44,2,36011
2005,6,,3,12,0,0,0,0,0,0,1,1,2,1,3,2,,,37015
2005,6,,3,17,1.04,1.04,0,0,0,0,1,18,2,1,3,1,65,2,41002
2005,6,,2,21,1.13,1.13,0,0,0,0,2,1,2,1,4,2,4,2,37012
2005,6,,2,20,1.13,1.13,0,0,0,0,1,22,2,1,5,1,64,1,38008
2005,6,,2,19,0,0,0,0,0,0,1,2,2,1,4,2,,,38008
2005,6,,3,19,0,0,0,0,0,0,1,1,2,1,4,2,27,1,42008
2005,6,,3,15,0,0,0,0,0,0,1,1,2,1,4,2,22,1,41081
2005,6,,3,23,0,0,0,0,0,0,1,1,2,2,4,1,38,2,44019
2005,6,,3,21,0,0,0,0,0,0,1,1,2,2,2,1,26,1,44021
2005,6,,7,20,1.21,1.21,0,0,0,0,1,24,2,1,7,1,18,1,44011
2005,6,,4,23,1.18,1.18,0,0,0,0,1,18,2,3,2,1,41,1,44021
2005,6,,1,21,0,0,0,0,0,0,1,6,2,1,2,2,,,44052
2005,6,,3,16,1.38,1.38,0,0,0,0,1,1,2,1,2,1,41,1,44049
2005,6,,5,9,0,0,0,0,0,0,1,1,2,1,,1,26,1,46024
2005,6,,3,14,0,0,0,0,0,0,1,1,2,1,4,1,24,1,46021
2005,6,,2,17,0,0,0,0,0,0,1,1,2,1,1,2,28,1,46025
2005,6,,6,12,1.33,1.33,0,0,0,0,2,1,2,1,2,1,25,1,52011
2005,6,,4,17,0,0,0,0,0,0,1,,2,1,3,1,,,54007
2005,6,,2,20,1.2,1.2,0,0,0,0,1,1,2,1,2,1,48,2,54007
2005,6,,2,14,1,1,0,0,0,0,1,7,1,1,7,2,26,1,57081
2005,6,,1,21,0,0,0,0,0,0,1,1,2,1,4,2,30,2,62027
2005,6,,1,21,0,0,0,0,0,0,1,1,2,1,4,2,27,1,62027
2005,6,,5,18,1,1,0,0,0,0,2,1,1,1,7,2,1,2,62003
2005,6,,2,17,0,0,0,0,0,0,1,1,2,1,,1,41,1,62063
2005,6,,7,21,1.13,1.13,0,0,0,0,1,1,2,1,8,2,22,2,63076
2005,6,,3,18,1.22,1.22,0,0,0,0,2,1,2,1,4,2,68,2,63049
2005,6,,6,20,1,1,0,0,0,0,2,4,2,1,4,2,58,2,71004
2005,6,,1,22,0,0,0,0,0,0,1,1,2,2,4,2,61,1,71016
2005,6,,2,9,1.13,1.13,0,0,0,0,2,1,2,1,3,2,47,1,71022
2005,6,,3,14,1,1,0,0,0,0,2,4,1,1,3,2,45,1,71037
2005,6,,5,16,1.18,1.18,0,0,0,0,1,22,2,1,5,1,4,1,71034
2005,6,,7,20,0,0,0,0,0,0,1,2,2,1,4,1,51,1,72030
2005,6,,4,21,1.08,1.08,0,0,0,0,1,22,2,1,5,1,48,2,81004
2005,6,,2,18,1,1,0,0,0,0,1,1,2,1,1,2,27,1,92094
2005,6,,1,10,1.15,1.15,0,0,0,0,1,2,2,1,4,2,71,1,33039
2005,6,,6,14,0,0,0,0,0,0,1,1,2,1,2,1,23,1,13053
2005,6,,2,23,1.18,0,1.18,0,0,0,1,1,2,3,4,1,59,2,52048
2005,6,,6,17,0,0,0,0,0,0,1,1,2,1,4,1,60,2,56087
2005,6,,3,22,1.13,1.13,0,0,0,0,1,2,2,1,4,2,33,2,37020
2005,6,,6,18,1.15,0,1.15,0,0,0,2,1,2,1,8,2,9,1,85046
2005,6,,6,16,1.19,1.19,0,0,0,0,1,22,2,1,,1,4,2,71070
2005,6,,3,18,1,0,1,0,0,0,2,1,1,1,4,2,20,2,71070
2005,6,,7,16,1.21,1.21,0,0,0,0,2,1,2,1,8,1,26,1,92140
2005,6,,3,17,1.08,1.08,0,0,0,0,1,22,2,1,5,1,67,2,54010
2005,6,,2,17,1.95,1.95,0,0,0,0,1,18,2,1,4,2,23,1,23047
2005,6,,5,13,1.3,1.3,0,0,0,0,1,15,2,1,3,2,18,1,23027
2005,6,,6,17,0,0,0,0,0,0,1,4,2,1,4,2,44,1,23024
2005,6,,5,9,1.18,0,1.18,0,0,0,1,1,2,1,3,1,47,1,24020
2005,6,,5,18,1.26,1.26,0,0,0,0,1,1,2,1,4,1,56,2,23101
2005,6,,5,20,0,0,0,0,0,0,1,1,2,1,2,2,28,1,23104
2005,6,,4,18,0,0,0,0,0,0,1,1,2,1,4,2,24,1,25014
2005,6,,4,14,0,0,0,0,0,0,1,24,2,1,,2,47,1,24134
2005,6,,5,12,1,1,0,0,0,0,1,14,1,1,7,2,35,2,25118
2005,6,,6,12,1.09,0,1.09,0,0,0,2,2,2,1,2,1,2,2,25031
2005,6,,7,16,0,0,0,0,0,0,1,4,2,1,3,2,59,1,25107
2005,6,,6,15,1.2,1.2,0,0,0,0,1,22,2,1,5,1,91,,12029
2005,6,,5,17,1.76,1.76,0,0,0,0,1,1,2,1,7,1,78,1,13001
2005,6,,6,12,0,0,0,0,0,0,1,1,2,1,4,1,58,2,13008
2005,6,,6,11,0,0,0,0,0,0,1,1,2,1,3,2,30,1,13046
2005,6,,1,18,2.18,2.18,0,0,0,0,1,1,2,1,3,1,35,2,21001
2005,6,,4,19,0,0,0,0,0,0,1,2,2,1,4,1,27,1,21005
2005,6,,7,1,1.73,1.73,0,0,0,0,1,22,2,3,5,1,,1,21004
2005,6,,7,15,1.59,1.59,0,0,0,0,2,1,2,1,2,1,6,2,21012
2005,6,,4,16,1.16,1.16,0,0,0,0,1,15,2,1,2,1,32,2,31003
2005,6,,6,17,1.25,1.25,0,0,0,0,1,22,2,1,5,1,76,2,31005
2005,6,,5,12,0,0,0,0,0,0,1,2,2,1,7,1,71,1,31005
2005,6,,2,18,0,0,0,0,0,0,1,1,2,1,4,1,35,2,31005
2005,6,,2,20,1.12,1.12,0,0,0,0,1,18,2,2,2,1,7,1,11002
2005,6,,1,13,2.64,2.64,0,0,0,0,1,18,2,1,4,2,15,1,11008
2005,6,,1,18,0,0,0,0,0,0,1,2,2,1,4,2,46,1,11013
2005,6,,1,2,1,0,1,0,0,0,1,7,1,3,7,2,43,1,11052
2005,6,,3,19,0,0,0,0,0,0,1,2,2,1,3,2,36,2,11040
2005,6,,4,22,0,0,0,0,0,0,1,1,2,1,4,1,36,1,11040
2005,6,,6,14,0,0,0,0,0,0,1,24,2,1,3,1,25,1,12005
2005,6,,1,16,0,0,0,0,0,0,1,4,2,1,4,2,33,1,12021
2005,6,,7,6,1.2,1.2,0,0,0,0,1,1,2,2,8,2,30,1,12009
2005,6,,3,17,1.12,1.12,0,0,0,0,1,22,2,1,5,1,27,1,11002
2005,6,,4,8,1.12,1.12,0,0,0,0,1,1,2,1,4,1,29,1,11002
2005,6,,1,14,0,0,0,0,0,0,1,7,1,1,4,2,39,1,11002
2005,6,,2,9,1,1,0,0,0,0,1,1,1,1,,,54,1,11002
2005,6,,2,20,0,0,0,0,0,0,1,1,2,2,2,1,40,2,11002
2005,6,,3,19,0,0,0,0,0,0,1,2,2,1,2,1,51,1,11002
2005,7,,4,13,1.12,1.12,0,0,0,0,2,1,2,1,4,1,39,2,11002
2005,7,,4,15,0,0,0,0,0,0,1,7,1,1,3,2,34,1,11002
2005,7,,2,17,1,0,1,0,0,0,1,4,1,1,3,2,34,1,11002
2005,7,,2,13,1,1,0,0,0,0,1,7,2,1,3,2,31,1,11002
2005,7,,5,8,1.2,1.2,0,0,0,0,1,1,2,1,4,2,20,2,12005
2005,7,,7,12,1.15,1.15,0,0,0,0,1,18,2,1,,1,63,1,11053
2005,7,,6,12,0,0,0,0,0,0,1,2,2,1,1,1,67,1,11035
2005,7,,6,14,0,0,0,0,0,0,1,1,2,1,5,1,67,2,11029
2005,7,,2,21,1.19,1.19,0,0,0,0,1,1,2,2,3,1,40,2,11009
2005,7,,3,17,0,0,0,0,0,0,1,1,2,1,4,2,50,1,11024
2005,7,,5,12,0,0,0,0,0,0,1,1,2,1,2,1,87,1,11008
2005,7,,7,20,1.22,0,1.22,0,0,0,1,14,2,1,3,2,48,1,11007
2005,7,,3,11,0,0,0,0,0,0,1,1,2,1,3,1,66,1,31005
2005,7,,5,1,1.16,1.16,0,0,0,0,1,1,2,3,7,2,21,1,31003
2005,7,,7,11,0,0,0,0,0,0,1,1,2,1,5,1,69,1,21001
2005,7,,7,22,0,0,0,0,0,0,1,1,2,1,2,2,55,1,13011
2005,7,,1,11,1,1,0,0,0,0,1,4,1,1,3,2,37,1,12030
2005,7,,7,17,1.12,1.12,0,0,0,0,2,3,2,1,4,1,10,2,24107
2005,7,,3,19,0,0,0,0,0,0,1,2,2,1,2,1,35,1,25014
2005,7,,6,11,1.13,1.13,0,0,0,0,1,18,2,1,4,2,13,1,24094
2005,7,,7,2,1.19,1.19,0,0,0,0,1,18,2,3,2,1,20,1,24048