year,month,monthDay,weekDay,hour,numVictims,numSlightlyInjured,numSeverelyInjured,numMortallyInjured,numDiedWithin24Hours,numDiedWithin30Days,victimType,roadUserType,roadType,lightConditions,collisionType,areaType,age,sex,municipality
2005,7,,6,11,0,0,0,0,0,0,1,10,2,1,4,2,39,1,24001
2005,7,,6,9,1,1,0,0,0,0,1,14,1,1,8,2,,1,23094
2005,7,,2,15,1.15,1.15,0,0,0,0,1,13,2,1,3,2,26,1,23052
2005,7,,3,16,1.15,1.15,0,0,0,0,1,18,2,1,4,1,37,1,23025
2005,7,,2,10,1,1,0,0,0,0,1,1,1,1,1,2,39,2,23002
2005,7,,4,14,1.19,1.19,0,0,0,0,1,14,2,1,4,2,43,1,11057
2005,7,,1,18,1,0,0,0,1,1,2,1,2,1,7,2,56,2,72041
2005,7,,7,1,0,0,0,0,0,0,1,1,2,3,7,2,20,1,13053
2005,7,,2,21,2.12,2.12,0,0,0,0,2,1,2,1,7,2,18,2,92101
2005,7,,7,18,1.15,1.15,0,0,0,0,2,14,2,1,3,2,30,2,92035
2005,7,,2,14,1,1,0,0,0,0,1,7,2,1,3,2,36,1,91059
2005,7,,3,18,1.15,1.15,0,0,0,0,2,1,2,1,2,1,15,2,92035
2005,7,,2,12,1.4,1.4,0,0,0,0,1,22,2,1,5,1,88,1,83028
2005,7,,1,16,1,0,1,0,0,0,1,9,2,1,3,2,65,1,82009
2005,7,,6,9,1.4,0,1.4,0,0,0,1,1,2,1,7,2,26,2,83034
2005,7,,1,19,0,0,0,0,0,0,1,2,2,1,4,1,44,1,71016
2005,7,,7,0,0,0,0,0,0,0,1,2,2,3,2,2,56,1,71002
2005,7,,7,11,1.15,1.15,0,0,0,0,1,18,2,1,2,2,41,1,71002
2005,7,,5,19,1.05,1.05,0,0,0,0,1,1,2,1,2,2,26,1,63067
2005,7,,3,20,1,1,0,0,0,0,2,1,1,1,7,2,34,1,62118
2005,7,,5,5,1,1,0,0,0,0,2,1,1,3,7,2,22,2,62051
2005,7,,6,0,1,0,1,0,0,0,2,1,2,3,7,2,19,2,61012
2005,7,,3,1,1.19,1.19,0,0,0,0,2,1,2,3,7,2,5,1,61031
2005,7,,4,23,1.28,1.28,0,0,0,0,2,1,2,3,2,1,30,2,57081
2005,7,,7,5,1.14,1.14,0,0,0,0,1,22,2,3,5,1,55,1,56001
2005,7,,4,13,1,1,0,0,0,0,1,1,1,1,7,2,60,2,52021
2005,7,,1,10,0,0,0,0,0,0,1,1,2,1,4,1,30,1,52022
2005,7,,5,19,1.3,1.3,0,0,0,0,1,15,2,1,5,1,18,1,52012
2005,7,,5,17,1.14,0,1.14,0,0,0,1,16,2,1,4,2,56,1,51008
2005,7,,4,16,0,0,0,0,0,0,1,4,2,1,4,2,32,1,44064
2005,7,,2,14,1.18,1.18,0,0,0,0,1,15,2,1,2,1,14,1,44021
2005,7,,4,2,1.18,1.18,0,0,0,0,1,15,2,3,8,1,19,2,44021
2005,7,,6,6,1.18,1.18,0,0,0,0,1,1,2,2,7,2,27,1,44021
2005,7,,6,3,1,1,0,0,0,0,1,4,1,4,7,2,31,1,44021
2005,7,,3,15,0,0,0,0,0,0,1,1,2,1,3,2,63,2,43005
2005,7,,2,18,0,0,0,0,0,0,1,2,2,1,4,1,45,2,43018
2005,7,,1,19,1.22,1.22,0,0,0,0,2,1,2,1,3,2,10,1,43010
2005,7,,3,14,0,0,0,0,0,0,1,1,2,1,4,1,36,2,42006
2005,7,,4,19,1.16,1.16,0,0,0,0,1,15,2,1,3,2,22,2,41018
2005,7,,7,15,1.09,1.09,0,0,0,0,2,2,2,1,2,2,40,2,41027
2005,7,,6,15,1.04,1.04,0,0,0,0,1,14,2,1,3,1,43,1,41002
2005,7,,5,18,1.04,1.04,0,0,0,0,1,1,2,1,3,1,45,2,41002
2005,7,,5,18,1.04,1.04,0,0,0,0,1,16,2,1,4,1,20,1,41002
2005,7,,7,17,1.13,1.13,0,0,0,0,1,,2,1,4,1,43,1,38016
2005,7,,7,19,1.2,1.2,0,0,0,0,1,18,2,1,4,1,14,1,35013
2005,7,,7,2,0,0,0,0,0,0,1,,2,3,2,1,,,35013
2005,7,,7,17,1.2,1.2,0,0,0,0,1,18,2,1,4,1,49,2,35013
2005,7,,6,13,1.2,1.2,0,0,0,0,1,15,2,1,4,1,17,2,35013
2005,7,,2,17,0,0,0,0,0,0,1,2,2,1,,1,38,1,35002
2005,7,,6,13,1.2,1.2,0,0,0,0,1,13,2,1,4,1,71,1,35013
2005,7,,1,17,0,0,0,0,0,0,1,1,2,1,4,1,22,2,34027
2005,7,,6,21,1.15,1.15,0,0,0,0,1,14,2,1,4,2,52,1,33011
2005,7,,4,18,1.15,1.15,0,0,0,0,1,22,2,1,5,1,40,2,31043
2005,7,,1,13,0,0,0,0,0,0,1,1,2,1,,1,47,2,31033
2005,7,,4,18,0,0,0,0,0,0,1,1,2,1,4,1,59,1,31006
2005,7,,7,20,1.16,1.16,0,0,0,0,2,1,2,1,3,2,40,2,31022
2005,8,,5,9,0,0,0,0,0,0,1,1,2,1,4,1,39,1,31043
2005,8,,6,4,1.14,1.14,0,0,0,0,1,24,2,3,7,1,19,1,32011
2005,8,,7,6,1.39,1.39,0,0,0,0,2,1,2,2,4,1,19,1,34027
2005,8,,3,11,1.11,1.11,0,0,0,0,1,18,2,1,4,2,34,1,35006
2005,8,,1,13,1.13,1.13,0,0,0,0,1,18,2,1,,1,54,1,35002
2005,8,,4,10,0,0,0,0,0,0,1,1,2,1,2,2,60,1,37002
2005,8,,5,12,1.2,1.2,0,0,0,0,1,22,2,1,5,1,8,1,35013
2005,8,,3,15,0,0,0,0,0,0,1,1,2,1,3,1,29,1,35014
2005,8,,1,10,0,0,0,0,0,0,1,4,2,1,4,1,38,1,38025
2005,8,,3,19,1.16,1.16,0,0,0,0,1,18,2,1,4,2,40,1,41018
2005,8,,2,23,0,0,0,0,0,0,1,1,2,3,4,1,30,1,41002
2005,8,,6,20,1.16,1.16,0,0,0,0,1,1,2,1,2,2,39,1,41034
2005,8,,7,20,1.18,1.18,0,0,0,0,1,14,2,1,4,1,48,1,43005
2005,8,,6,8,1.18,1.18,0,0,0,0,1,1,2,1,7,1,34,1,44021
2005,8,,4,10,1.35,1.35,0,0,0,0,1,1,2,1,3,1,36,2,44040
2005,8,,1,15,1,1,0,0,0,0,1,7,1,1,7,2,59,1,44043
2005,8,,5,12,0,0,0,0,0,0,1,1,2,1,3,1,19,2,45035
2005,8,,2,20,1.19,1.19,0,0,0,0,1,18,2,1,4,1,38,1,46014
2005,8,,4,13,0,0,0,0,0,0,1,1,2,1,3,1,83,1,46021
2005,8,,1,4,1.21,1.21,0,0,0,0,1,1,2,3,3,1,57,1,46025
2005,8,,7,8,1,1,0,0,0,0,1,1,1,1,7,2,31,1,51008
2005,8,,1,11,1.14,1.14,0,0,0,0,2,1,2,1,7,1,24,2,51008
2005,8,,4,14,1.33,1.33,0,0,0,0,2,2,2,1,2,1,52,2,52011
2005,8,,3,12,1.29,1.29,0,0,0,0,1,1,2,1,2,1,58,2,62022
2005,8,,1,13,0,0,0,0,0,0,1,2,2,1,4,2,41,1,61039
2005,8,,4,9,0,0,0,0,0,0,1,7,1,1,3,2,51,1,62003
2005,8,,1,19,0,0,0,0,0,0,1,1,2,1,4,1,33,1,62003
2005,8,,7,5,1.24,1.24,0,0,0,0,1,1,2,3,3,1,28,1,62063
2005,8,,5,0,0,0,0,0,0,0,1,1,2,3,3,1,24,1,62063
2005,8,,3,20,1.08,1.08,0,0,0,0,1,18,2,1,4,1,70,1,62051
2005,8,,1,4,1.24,1.24,0,0,0,0,1,1,2,3,6,1,23,1,62063
2005,8,,3,21,0,0,0,0,0,0,1,7,1,1,4,2,49,1,62051
2005,8,,1,10,0,0,0,0,0,0,1,1,2,1,3,1,19,1,62063
2005,8,,5,18,0,0,0,0,0,0,1,1,2,1,4,1,47,1,62093
2005,8,,5,15,1.24,1.24,0,0,0,0,1,22,2,1,5,1,72,1,62063
2005,8,,7,6,1.11,1.11,0,0,0,0,2,1,2,2,8,2,45,2,63061
2005,8,,4,21,1.29,1.29,0,0,0,0,1,1,2,2,2,1,38,2,63058
2005,8,,5,11,1.86,1.86,0,0,0,0,2,1,2,1,3,2,16,1,63035
2005,8,,3,10,1.13,1.13,0,0,0,0,1,18,2,1,4,2,53,1,71022
2005,8,,5,4,1.13,1.13,0,0,0,0,1,1,2,3,3,1,29,1,71022
2005,8,,4,18,1.13,1.13,0,0,0,0,2,1,2,1,2,2,45,2,71022
2005,8,,6,19,1.13,0,1.13,0,0,0,1,14,2,1,7,2,41,1,71066
2005,8,,4,18,1.13,1.13,0,0,0,0,1,1,2,1,2,2,32,2,71066
2005,8,,5,12,0,0,0,0,0,0,1,1,2,1,2,2,24,1,72020
2005,8,,2,18,1.21,1.21,0,0,0,0,1,1,2,1,3,2,41,1,73083
2005,8,,6,2,1.63,1.63,0,0,0,0,1,1,2,3,7,1,32,1,73042
2005,8,,5,11,1.4,1.4,0,0,0,0,1,1,2,1,4,2,66,2,83012
2005,8,,2,16,1.13,0,1.13,0,0,0,1,1,2,1,7,2,80,1,92006
2005,8,,7,23,0,0,0,0,0,0,1,14,2,3,8,1,47,1,91034
2005,8,,7,13,0,0,0,0,0,0,1,1,2,1,4,1,42,2,71070
2005,8,,5,16,1,1,0,0,0,0,1,2,1,1,3,2,31,2,23025
2005,8,,3,19,0,0,0,0,0,0,1,1,2,1,3,2,19,1,23047
2005,8,,2,22,0,0,0,0,0,0,1,1,2,4,4,1,20,1,23044
2005,8,,5,22,1.44,0,1.44,0,0,0,1,14,2,3,4,2,39,1,23050
2005,8,,7,19,1.75,1.75,0,0,0,0,1,14,2,1,4,2,47,1,23081
2005,8,,5,18,0,0,0,0,0,0,1,1,2,1,2,2,44,1,23094
2005,8,,2,14,1,1,0,0,0,0,1,1,1,1,7,2,,2,23088
2005,8,,7,9,1.17,0,1.17,0,0,0,2,1,2,1,7,2,23,1,24001
2005,8,,2,2,0,0,0,0,0,0,1,1,2,3,4,1,25,2,24007
2005,8,,3,23,0,0,0,0,0,0,1,1,2,3,3,1,26,1,24062
2005,8,,1,0,1.17,0,1.17,0,0,0,1,1,2,3,7,1,43,1,24045
2005,8,,2,18,4,0,4,0,0,0,1,18,2,1,3,2,40,1,24043
2005,8,,1,20,1.09,1.09,0,0,0,0,1,18,2,1,4,1,9,1,25023
2005,8,,3,21,1.34,1.34,0,0,0,0,1,1,2,1,2,2,81,1,24130
2005,8,,5,16,1.13,1.13,0,0,0,0,2,1,2,1,2,1,17,2,25050
2005,8,,1,15,0,0,0,0,0,0,1,1,2,1,4,2,19,1,25048
2005,8,,2,18,0,0,0,0,0,0,1,1,2,1,3,2,51,1,25068
2005,8,,2,10,0,0,0,0,0,0,1,1,1,1,,2,27,2,12030
2005,8,,4,17,1.27,1.27,0,0,0,0,1,4,2,1,4,2,26,1,13008
2005,8,,4,11,1.22,1.22,0,0,0,0,1,1,2,1,4,1,56,2,13025
2005,8,,3,16,1.27,1.27,0,0,0,0,1,4,2,1,4,2,20,1,13021
2005,8,,3,13,2.18,2.18,0,0,0,0,1,18,2,1,4,1,15,1,21013
2005,8,,6,19,0,0,0,0,0,0,1,1,2,1,4,1,25,2,21016
2005,8,,1,20,1.21,1.21,0,0,0,0,1,18,2,1,2,2,51,1,11005
2005,8,,1,15,0,0,0,0,0,0,1,16,2,1,4,1,18,2,11002
2005,8,,3,20,1.21,1.21,0,0,0,0,1,18,2,1,4,1,15,2,11018
2005,8,,6,4,1.26,1.26,0,0,0,0,1,15,2,3,4,1,26,1,11044
2005,8,,7,19,1.23,1.23,0,0,0,0,2,2,2,1,2,1,29,2,12014
2005,8,,7,19,0,0,0,0,0,0,1,5,2,1,2,1,25,1,12014
2005,8,,7,0,0,0,0,0,0,0,1,1,2,3,4,1,27,1,11002
2005,8,,3,8,0,0,0,0,0,0,1,6,2,1,4,2,32,1,11002
2005,8,,5,19,0,0,0,0,0,0,1,1,2,1,3,2,18,1,25121
2005,8,,1,14,1,1,0,0,0,0,1,1,1,1,7,2,41,1,25121
2005,9,,6,18,1.12,1.12,0,0,0,0,1,18,2,1,4,1,62,1,11002
2005,9,,4,10,1.12,1.12,0,0,0,0,1,13,2,1,4,1,41,1,11002
2005,9,,4,17,0,0,0,0,0,0,1,2,2,1,2,1,43,1,11002
2005,9,,2,10,1.12,1.12,0,0,0,0,1,18,2,1,3,1,25,2,11002
2005,9,,1,16,0,0,0,0,0,0,1,1,2,1,4,1,26,1,12021
2005,9,,7,9,1.24,1.24,0,0,0,0,1,1,2,1,2,1,31,2,12025
2005,9,,6,20,0,0,0,0,0,0,1,2,2,1,4,1,47,1,11050
2005,9,,5,21,1.15,1.15,0,0,0,0,1,1,2,1,2,2,22,1,11016
2005,9,,6,18,0,0,0,0,0,0,1,1,2,1,4,1,64,2,11029
2005,9,,3,12,0,0,0,0,0,0,1,9,2,1,4,1,56,1,11022
2005,9,,6,19,1.22,0,1.22,0,0,0,1,1,2,1,2,1,33,2,11007
2005,9,,2,18,0,0,0,0,0,0,1,2,2,1,4,1,45,2,11004
2005,9,,2,21,1.12,1.12,0,0,0,0,2,2,2,3,3,2,15,1,11002
2005,9,,1,18,1.25,1.25,0,0,0,0,1,1,2,1,2,1,55,1,31005
2005,9,,6,9,1.16,1.16,0,0,0,0,2,2,2,1,2,1,20,2,31003
2005,9,,2,18,1.25,0,1.25,0,0,0,1,2,2,1,2,1,23,2,31005
2005,9,,1,11,0,0,0,0,0,0,1,1,2,1,4,1,20,1,21019
2005,9,,2,8,1.73,1.73,0,0,0,0,1,14,2,1,3,1,49,1,21009
2005,9,,2,14,1.59,1.59,0,0,0,0,1,1,2,1,3,1,37,2,21012
2005,9,,3,21,2.18,2.18,0,0,0,0,1,1,2,3,3,2,25,2,21007
2005,9,,2,2,0,0,0,0,0,0,1,1,2,3,2,1,20,1,21004
2005,9,,1,7,1.73,1.73,0,0,0,0,1,1,2,1,4,1,45,1,21004
2005,9,,3,14,1.44,1.44,0,0,0,0,2,1,2,1,3,1,36,1,21005
2005,9,,7,17,0,0,0,0,0,0,1,1,2,1,4,1,,,21004
2005,9,,7,1,1.73,0,1.73,0,0,0,2,2,2,3,8,1,16,2,21004
2005,9,,4,20,1.44,1.44,0,0,0,0,1,22,2,3,5,1,34,2,21005
2005,9,,1,19,0,0,0,0,0,0,1,1,2,1,3,1,56,1,21005
2005,9,,5,13,1.73,1.73,0,0,0,0,2,1,2,1,4,1,0,1,21004
2005,9,,2,9,1.73,1.73,0,0,0,0,1,,2,1,3,1,25,2,21004
2005,9,,7,4,1,1,0,0,0,0,1,1,1,3,3,2,20,1,21002
2005,9,,7,19,1.76,1.76,0,0,0,0,2,1,2,1,3,2,29,2,13036
2005,9,,7,19,0,0,0,0,0,0,1,1,2,1,3,2,77,1,13036
2005,9,,5,12,1.22,1.22,0,0,0,0,1,4,2,1,4,2,37,1,13003
2005,9,,6,17,1.31,1.31,0,0,0,0,1,14,2,1,7,1,22,1,12026
2005,9,,4,18,1.13,1.13,0,0,0,0,1,18,2,1,4,2,14,1,24109
2005,9,,4,11,1,1,0,0,0,0,1,1,1,1,3,2,21,2,24062
2005,9,,5,17,0,0,0,0,0,0,1,1,2,1,4,1,39,2,24038
2005,9,,7,11,1.95,1.95,0,0,0,0,1,18,2,1,,1,43,2,23088
2005,9,,2,16,1,1,0,0,0,0,2,1,1,1,3,2,1,1,23045
2005,9,,3,9,1.08,1.08,0,0,0,0,1,22,2,1,5,1,14,1,23003
2005,9,,4,17,0,0,0,0,0,0,1,1,2,1,4,2,66,1,91142
2005,9,,5,11,0,0,0,0,0,0,1,6,2,1,4,2,53,1,72039
2005,9,,4,17,1.64,1.64,0,0,0,0,2,1,2,1,4,1,12,1,53082
2005,9,,2,20,1.12,1.12,0,0,0,0,2,14,2,1,4,1,37,2,62120
2005,9,,4,17,0,0,0,0,0,0,1,1,2,1,4,2,71,1,57094
2005,9,,6,17,0,0,0,0,0,0,1,1,2,1,2,2,46,2,57094
2005,9,,6,18,1.15,1.15,0,0,0,0,1,1,2,1,7,2,22,2,33039
2005,9,,7,12,1.07,1.07,0,0,0,0,1,15,2,1,4,1,35,1,91034
2005,9,,3,18,0,0,0,0,0,0,1,1,2,1,2,2,30,2,92087
2005,9,,6,23,0,0,0,0,0,0,1,2,2,4,3,2,,,91005
2005,9,,1,19,1.14,0,1.14,0,0,0,1,24,2,1,3,1,22,1,82036
2005,9,,3,1,1.15,1.15,0,0,0,0,1,1,2,3,7,2,30,1,81013
2005,9,,7,12,1.21,1.21,0,0,0,0,1,1,2,1,4,2,23,1,73083
2005,9,,1,23,1.1,0,1.1,0,0,0,1,1,2,3,6,1,51,1,72003
2005,9,,7,4,1.3,1.3,0,0,0,0,1,1,2,4,7,2,36,2,71053
2005,9,,6,17,1.15,1.15,0,0,0,0,1,1,2,1,3,1,23,2,71004
2005,9,,7,20,1.29,1.29,0,0,0,0,2,14,2,1,7,1,31,1,63079
2005,9,,5,18,1.11,1.11,0,0,0,0,1,1,2,1,3,1,22,1,63040
2005,9,,4,16,0,0,0,0,0,0,1,1,2,1,5,1,40,1,63076
2005,9,,7,7,0,0,0,0,0,0,1,1,2,2,7,1,,,62118
2005,9,,5,17,0,0,0,0,0,0,1,4,1,1,7,2,42,1,62118
2005,9,,5,11,1.24,1.24,0,0,0,0,1,6,2,1,2,1,26,1,62063
2005,9,,3,8,1.19,1.19,0,0,0,0,1,15,2,1,8,1,45,1,62011
2005,9,,4,17,0,0,0,0,0,0,1,1,2,1,2,2,19,1,62009
2005,9,,3,16,0,0,0,0,0,0,1,1,2,1,3,2,21,1,57081
2005,9,,5,17,1.28,0,1.28,0,0,0,1,16,2,1,4,1,41,1,57081
2005,9,,5,18,1.16,1.16,0,0,0,0,1,2,2,1,2,2,60,2,57064
2005,9,,3,22,0,0,0,0,0,0,1,1,2,3,2,2,63,2,46024
2005,9,,1,13,1.12,1.12,0,0,0,0,1,15,2,1,4,1,32,2,45059
2005,9,,6,23,1,1,0,0,0,0,2,1,1,3,1,2,11,2,44021
2005,9,,7,15,1.18,1.18,0,0,0,0,1,18,2,1,4,1,14,1,44021
2005,9,,6,17,1.48,1.48,0,0,0,0,1,14,2,1,3,2,34,1,42028
2005,9,,5,8,0,0,0,0,0,0,1,1,2,1,4,1,39,2,42026
2005,9,,7,19,1.15,1.15,0,0,0,0,2,1,2,1,4,2,20,2,41048
2005,9,,1,18,0,0,0,0,0,0,1,7,2,1,3,1,30,1,41002
2005,9,,4,15,1.04,1.04,0,0,0,0,1,18,2,1,4,1,47,1,41002
2005,9,,6,7,1,1,0,0,0,0,1,6,1,1,3,2,52,1,41002
2005,9,,5,16,1.04,1.04,0,0,0,0,1,2,2,1,4,1,53,2,41002
2005,9,,7,15,2.26,2.26,0,0,0,0,1,14,2,1,3,2,26,1,37015
2005,9,,7,13,1.16,1.16,0,0,0,0,1,18,2,1,,2,81,1,36015
2005,9,,2,16,1.16,1.16,0,0,0,0,1,16,2,1,4,1,71,1,36015
2005,9,,2,11,0,0,0,0,0,0,1,4,2,1,4,1,44,1,35013
2005,9,,4,13,1.11,1.11,0,0,0,0,1,18,2,1,4,2,67,2,35005
2005,9,,4,14,1.2,1.2,0,0,0,0,1,18,2,1,4,1,20,2,34040
2005,9,,4,12,0,0,0,0,0,0,1,1,2,1,3,1,55,2,34022
2005,9,,1,8,1.17,1.17,0,0,0,0,1,1,2,1,3,1,19,1,34022
2005,9,,5,16,1.21,1.21,0,0,0,0,1,22,2,1,5,1,11,2,34013
2005,9,,7,19,1.14,0,1.14,0,0,0,1,18,2,1,4,2,47,2,32003
2005,9,,6,14,1.2,1.2,0,0,0,0,2,2,2,1,3,2,10,1,34002
2005,9,,2,18,1.11,1.11,0,0,0,0,1,2,2,1,3,2,40,1,31033
2005,10,,7,21,1.21,1.21,0,0,0,0,1,1,2,3,3,2,30,1,34013
2005,10,,7,9,1.14,1.14,0,0,0,0,1,4,2,1,4,2,37,1,32010
2005,10,,5,19,1.14,1.14,0,0,0,0,1,1,2,1,2,2,56,2,32011
2005,10,,7,17,1.14,1.14,0,0,0,0,2,1,2,1,4,2,14,2,32006
2005,10,,2,20,1.17,1.17,0,0,0,0,1,1,2,2,4,1,61,2,34022
2005,10,,5,13,0,0,0,0,0,0,1,1,2,1,4,1,48,1,35013
2005,10,,5,18,1.2,1.2,0,0,0,0,1,15,2,1,4,1,25,1,35013
2005,10,,3,16,0,0,0,0,0,0,1,1,2,1,4,2,29,1,37010
2005,10,,2,11,0,0,0,0,0,0,1,1,2,1,3,1,48,1,41002
2005,10,,7,8,1.04,1.04,0,0,0,0,2,1,2,3,3,2,55,2,41002
2005,10,,6,20,0,0,0,0,0,0,1,1,2,3,3,2,38,1,38014
2005,10,,7,14,1.13,1.13,0,0,0,0,1,15,2,1,3,1,16,1,38008
2005,10,,2,16,1.04,1.04,0,0,0,0,2,4,2,1,3,1,37,1,41002
2005,10,,2,15,1.1,1.1,0,0,0,0,2,1,2,1,3,2,21,1,42025
2005,10,,4,15,1.21,1.21,0,0,0,0,1,16,2,1,2,1,21,2,44011
2005,10,,7,5,1.18,1.18,0,0,0,0,2,4,2,3,7,1,24,1,44021
2005,10,,3,0,1.18,1.18,0,0,0,0,1,16,2,3,3,1,23,2,44021
2005,10,,3,9,1.29,1.29,0,0,0,0,1,1,2,1,4,2,43,2,45035
2005,10,,2,18,1.19,1.19,0,0,0,0,1,18,2,1,4,2,14,1,46014
2005,10,,4,11,0,0,0,0,0,0,1,4,2,1,3,2,46,1,46021
2005,10,,5,18,1,0,0,0,1,1,1,1,2,1,7,1,26,1,51009
2005,10,,5,21,0,0,0,0,0,0,1,1,2,4,4,1,49,1,52012
2005,10,,2,20,0,0,0,0,0,0,1,2,2,3,7,2,41,1,52011
2005,10,,6,0,1.27,1.27,0,0,0,0,1,15,2,3,4,1,22,1,53053
2005,10,,6,7,1,0,1,0,0,0,1,4,1,3,7,2,22,1,55022
2005,10,,6,20,0,0,0,0,0,0,1,4,2,3,3,1,38,1,55022
2005,10,,1,11,0,0,0,0,0,0,1,1,2,1,3,1,77,1,53065
2005,10,,6,17,1.08,1.08,0,0,0,0,2,1,2,1,4,1,72,2,56016
2005,10,,5,17,1.19,1.19,0,0,0,0,1,22,2,1,5,1,18,2,61031
2005,10,,7,21,1.08,1.08,0,0,0,0,1,1,2,3,4,1,27,2,62051
2005,10,,6,17,0,0,0,0,0,0,1,1,2,1,4,1,18,1,63040
2005,10,,3,7,1,1,0,0,0,0,1,1,1,3,7,2,22,1,63061
2005,10,,1,13,1.13,1.13,0,0,0,0,1,1,2,1,3,2,68,1,71022
2005,10,,3,9,0,0,0,0,0,0,1,1,2,1,4,2,48,1,71016
2005,10,,5,16,1.13,1.13,0,0,0,0,1,21,2,1,5,1,77,2,71066
2005,10,,5,8,1.23,1.23,0,0,0,0,1,1,2,2,1,2,21,2,73001
2005,10,,2,21,1.23,1.23,0,0,0,0,1,1,2,3,4,2,25,2,73001
2005,10,,5,4,1,1,0,0,0,0,2,1,1,3,3,2,27,1,81001
2005,10,,6,11,1.23,0,1.23,0,0,0,1,1,2,1,2,2,24,1,73040
2005,10,,1,3,1.06,1.06,0,0,0,0,1,1,2,3,7,1,41,1,92087
2005,10,,4,11,1.12,1.12,0,0,0,0,1,2,2,1,3,1,33,1,62120
2005,10,,3,20,1.05,1.05,0,0,0,0,1,22,2,1,5,1,16,1,72039
2005,10,,7,12,0,0,0,0,0,0,1,2,2,1,4,1,44,1,23025
2005,10,,3,18,1.44,1.44,0,0,0,0,1,4,2,1,2,1,26,1,23039
2005,10,,6,3,1.3,1.3,0,0,0,0,2,4,2,3,4,1,46,2,23027
2005,10,,5,19,1.09,1.09,0,0,0,0,1,1,2,1,4,2,60,1,25023
2005,10,,5,9,1.09,1.09,0,0,0,0,1,22,2,1,5,1,5,1,24104
2005,10,,4,15,1.12,1.12,0,0,0,0,2,1,2,1,3,1,25,2,12030
2005,10,,2,15,0,0,0,0,0,0,1,10,2,1,3,1,32,1,12030
2005,10,,6,23,0,0,0,0,0,0,1,1,2,3,2,1,54,1,12025
2005,10,,3,20,1.39,1.39,0,0,0,0,1,15,2,3,,2,17,1,13014
2005,10,,7,14,0,0,0,0,0,0,1,2,2,1,2,2,46,2,13014
2005,10,,7,19,0,0,0,0,0,0,1,1,2,3,4,1,72,1,13011
2005,10,,4,16,1,1,0,0,0,0,1,2,1,1,4,2,41,1,13040
2005,10,,2,22,1.32,1.32,0,0,0,0,1,4,2,3,4,1,47,1,13040
2005,10,,3,19,0,0,0,0,0,0,1,2,2,1,4,2,38,1,13031
2005,10,,5,8,1.76,0,1.76,0,0,0,1,14,2,1,3,1,39,1,13036
2005,10,,2,19,1.73,1.73,0,0,0,0,2,1,2,1,4,1,25,1,21004
2005,10,,1,15,0,0,0,0,0,0,1,2,2,1,,2,60,1,13049
2005,10,,2,9,0,0,0,0,0,0,1,,2,1,5,1,,,21004
2005,10,,6,0,0,0,0,0,0,0,1,1,2,3,4,1,38,1,21004
2005,10,,5,20,1.73,1.73,0,0,0,0,1,15,2,1,5,1,,,21004
2005,10,,5,0,1.73,1.73,0,0,0,0,1,18,2,3,8,1,32,2,21009
2005,10,,5,20,1.76,1.76,0,0,0,0,2,1,2,3,4,1,21,1,21015
2005,10,,2,17,0,0,0,0,0,0,1,1,2,1,3,2,29,1,21016
2005,10,,4,18,0,0,0,0,0,0,1,15,2,1,3,2,,,31005
2005,10,,4,9,1.25,1.25,0,0,0,0,1,4,2,1,1,2,20,2,31005
2005,10,,4,21,0,0,0,0,0,0,1,2,2,3,4,1,35,2,11007
2005,10,,7,10,1.22,1.22,0,0,0,0,1,1,2,1,3,1,22,2,11004
2005,10,,3,20,1,1,0,0,0,0,1,1,1,3,7,2,34,1,11035
2005,10,,7,13,1,1,0,0,0,0,2,1,1,1,3,2,21,1,11024
2005,10,,2,15,0,0,0,0,0,0,1,2,2,1,5,2,19,2,11040
2005,10,,2,17,1.21,1.21,0,0,0,0,1,18,2,1,2,2,60,1,11037
2005,10,,2,18,1.25,0,1.25,0,0,0,1,18,2,1,4,1,18,2,11040
2005,10,,3,9,1.12,1.12,0,0,0,0,1,15,2,1,4,1,18,2,12007
2005,10,,6,12,1,1,0,0,0,0,1,1,2,1,4,1,35,1,11002
2005,10,,2,10,1,0,1,0,0,0,1,1,1,1,1,2,71,1,11002
2005,10,,2,15,0,0,0,0,0,0,1,2,2,1,4,1,64,1,11002
2005,10,,2,15,1.12,1.12,0,0,0,0,1,2,2,1,4,1,43,2,11002
2005,10,,2,11,0,0,0,0,0,0,1,6,2,1,4,1,41,1,25121
2005,10,,3,19,0,0,0,0,0,0,1,2,2,1,3,1,38,1,25121
2005,10,,2,14,0,0,0,0,0,0,1,4,2,1,5,2,,,25121
2005,11,,3,10,0,0,0,0,0,0,1,1,2,1,1,2,25,1,25121
2005,11,,1,8,1,1,0,0,0,0,1,18,2,2,2,2,53,1,11002
2005,11,,7,13,0,0,0,0,0,0,1,1,2,1,2,1,50,1,11002
2005,11,,4,17,0,0,0,0,0,0,1,2,1,1,3,2,50,1,11002
2005,11,,3,11,1.12,1.12,0,0,0,0,1,4,2,1,2,1,35,1,11002