year,month,monthDay,weekDay,hour,numVictims,numSlightlyInjured,numSeverelyInjured,numMortallyInjured,numDiedWithin24Hours,numDiedWithin30Days,victimType,roadUserType,roadType,lightConditions,collisionType,areaType,age,sex,municipality
2005,11,,2,10,0,0,0,0,0,0,1,6,2,1,4,2,27,1,11002
2005,11,,1,10,0,0,0,0,0,0,1,1,2,1,4,1,32,1,11002
2005,11,,5,22,0,0,0,0,0,0,1,1,2,3,3,1,32,1,11002
2005,11,,4,19,1.12,1.12,0,0,0,0,1,1,2,2,4,1,27,1,11002
2005,11,,4,21,0,0,0,0,0,0,1,1,2,3,4,1,25,1,11054
2005,11,,2,3,1.21,1.21,0,0,0,0,1,16,2,3,,1,17,1,11030
2005,11,,5,4,1,0,1,0,0,0,1,1,1,4,3,2,46,2,11009
2005,11,,6,14,1.19,1.19,0,0,0,0,2,1,2,1,4,2,50,1,11009
2005,11,,7,2,1.12,1.12,0,0,0,0,1,22,2,3,5,1,14,1,11002
2005,11,,6,15,1.25,1.25,0,0,0,0,1,13,2,1,2,1,43,1,31005
2005,11,,1,10,0,0,0,0,0,0,1,1,2,1,4,1,36,2,31005
2005,11,,6,18,1.05,1.05,0,0,0,0,2,16,2,3,4,1,21,2,31004
2005,11,,5,9,1.76,1.76,0,0,0,0,1,22,2,2,5,1,6,1,21014
2005,11,,2,17,0,0,0,0,0,0,1,1,2,1,4,1,,,21015
2005,11,,2,16,1.73,1.73,0,0,0,0,1,2,2,1,3,1,28,2,21009
2005,11,,3,9,1.73,1.73,0,0,0,0,1,16,2,1,4,1,28,2,21004
2005,11,,1,17,0,0,0,0,0,0,1,1,2,2,4,1,28,2,13040
2005,11,,3,17,1.39,1.39,0,0,0,0,1,1,2,1,7,2,18,2,13023
2005,11,,3,18,1.32,1.32,0,0,0,0,1,1,2,3,3,2,74,2,13040
2005,11,,1,7,1.2,1.2,0,0,0,0,1,1,2,3,4,2,21,1,12029
2005,11,,6,21,0,0,0,0,0,0,1,1,2,3,3,2,48,2,12025
2005,11,,4,15,0,0,0,0,0,0,1,1,2,1,,1,32,2,25091
2005,11,,6,8,1,0,1,0,0,0,1,1,1,2,4,2,47,2,24016
2005,11,,5,9,0,0,0,0,0,0,1,1,2,1,2,1,41,2,23105
2005,11,,2,19,1.34,1.34,0,0,0,0,1,1,2,3,3,1,28,2,23086
2005,11,,5,21,1.26,1.26,0,0,0,0,1,24,2,3,3,2,38,1,23062
2005,11,,2,12,1.26,1.26,0,0,0,0,1,1,2,1,2,2,21,1,23062
2005,11,,4,3,1.3,1.3,0,0,0,0,1,1,2,3,8,1,20,1,23027
2005,11,,4,9,0,0,0,0,0,0,1,1,2,1,4,1,77,1,71070
2005,11,,1,9,1.24,1.24,0,0,0,0,1,22,2,1,7,2,38,1,56087
2005,11,,5,13,1.37,1.37,0,0,0,0,1,1,2,1,7,2,23,1,93014
2005,11,,7,19,1.06,1.06,0,0,0,0,1,1,2,3,4,1,74,2,92101
2005,11,,1,20,1.27,1.27,0,0,0,0,1,14,2,3,4,1,36,1,92094
2005,11,,7,19,1.07,0,1.07,0,0,0,1,15,2,4,7,2,18,2,91034
2005,11,,6,15,1.07,1.07,0,0,0,0,1,2,1,1,7,2,28,2,91013
2005,11,,7,21,1.21,1.21,0,0,0,0,2,4,2,3,4,1,48,1,73083
2005,11,,5,8,1.3,1.3,0,0,0,0,1,18,2,2,4,1,25,2,71053
2005,11,,5,11,0,0,0,0,0,0,1,1,1,1,3,2,50,2,71004
2005,11,,3,18,1.13,1.13,0,0,0,0,1,,2,2,4,1,17,1,63076
2005,11,,6,20,0,0,0,0,0,0,1,1,2,4,8,2,56,1,63067
2005,11,,7,19,1.24,1.24,0,0,0,0,1,1,2,3,4,1,24,1,62063
2005,11,,5,17,1,0,1,0,0,0,2,6,1,2,3,2,36,1,62009
2005,11,,5,23,0,0,0,0,0,0,1,1,2,4,3,2,33,1,56022
2005,11,,6,8,1.11,1.11,0,0,0,0,1,1,2,3,7,2,32,1,55004
2005,11,,3,21,0,0,0,0,0,0,1,1,2,3,4,2,32,1,52010
2005,11,,1,12,0,0,0,0,0,0,1,2,2,1,4,2,53,1,51017
2005,11,,6,20,1.29,1.29,0,0,0,0,2,1,2,3,4,1,45,2,45035
2005,11,,4,12,0,0,0,0,0,0,1,2,2,1,3,1,40,2,45041
2005,11,,2,0,1.47,1.47,0,0,0,0,2,1,2,3,7,2,37,1,46003
2005,11,,2,18,0,0,0,0,0,0,1,18,2,2,3,2,30,1,44064
2005,11,,2,18,0,0,0,0,0,0,1,1,2,2,3,1,,,44021
2005,11,,2,15,0,0,0,0,0,0,1,7,1,1,4,2,43,1,44013
2005,11,,6,16,1.22,1.22,0,0,0,0,1,22,2,1,5,2,63,1,42006
2005,11,,2,14,0,0,0,0,0,0,1,1,2,1,4,1,56,1,41002
2005,11,,1,22,1.16,0,1.16,0,0,0,1,1,2,3,4,2,34,1,36006
2005,11,,7,6,1,0,1,0,0,0,1,4,1,3,3,2,82,1,34040
2005,11,,4,18,1.15,1.15,0,0,0,0,1,1,2,2,2,2,29,2,31043
2005,11,,3,18,1.11,1.11,0,0,0,0,1,24,2,2,4,2,19,1,31033
2005,12,,5,12,0,0,0,0,0,0,1,1,2,1,2,1,38,1,31043
2005,12,,7,19,1.11,1.11,0,0,0,0,1,14,2,3,8,2,42,1,35014
2005,12,,2,13,0,0,0,0,0,0,1,2,2,1,4,1,55,1,41002
2005,12,,1,9,1.09,1.09,0,0,0,0,1,4,2,1,2,2,25,1,41027
2005,12,,6,1,1,1,0,0,0,0,2,1,1,3,7,2,44,2,42023
2005,12,,2,21,0,0,0,0,0,0,1,1,2,3,3,1,24,1,42006
2005,12,,2,19,1.18,1.18,0,0,0,0,1,1,2,3,4,2,25,1,44021
2005,12,,7,1,1.18,1.18,0,0,0,0,2,1,2,3,3,1,19,1,44021
2005,12,,4,16,1.18,1.18,0,0,0,0,1,1,2,1,3,1,37,2,44021
2005,12,,5,17,0,0,0,0,0,0,1,6,1,1,4,2,38,1,44048
2005,12,,5,11,0,0,0,0,0,0,1,4,2,1,5,1,51,1,44043
2005,12,,5,6,1,1,0,0,0,0,1,2,1,3,3,2,45,2,45017
2005,12,,4,22,1.21,1.21,0,0,0,0,1,1,2,3,2,1,19,2,46013
2005,12,,2,8,0,0,0,0,0,0,1,,1,2,3,2,,,45017
2005,12,,2,12,0,0,0,0,0,0,1,1,2,1,4,1,28,1,52011
2005,12,,6,13,1.27,1.27,0,0,0,0,1,18,2,1,3,2,56,1,53053
2005,12,,4,2,1,1,0,0,0,0,1,2,1,3,7,2,56,1,52063
2005,12,,7,21,1.27,1.27,0,0,0,0,1,15,2,3,4,1,16,1,53053
2005,12,,1,12,0,0,0,0,0,0,1,1,2,1,1,2,55,2,56005
2005,12,,6,22,1.16,1.16,0,0,0,0,1,1,2,3,4,1,40,2,57064
2005,12,,2,18,1.08,1.08,0,0,0,0,1,4,2,3,3,2,39,2,56005
2005,12,,3,12,1.29,1.29,0,0,0,0,1,1,2,1,2,1,32,1,62022
2005,12,,5,17,1.24,1.24,0,0,0,0,1,1,2,1,1,1,28,2,62063
2005,12,,5,18,0,0,0,0,0,0,1,2,1,3,3,2,42,1,62051
2005,12,,5,20,1.24,0,1.24,0,0,0,1,22,2,3,5,1,74,1,62063
2005,12,,6,7,1.29,1.29,0,0,0,0,1,1,2,3,3,1,23,1,63079
2005,12,,5,19,0,0,0,0,0,0,1,1,2,4,2,1,39,1,64025
2005,12,,3,18,1.29,1.29,0,0,0,0,1,22,2,3,5,1,8,2,63079
2005,12,,4,5,1,0,1,0,0,0,1,2,1,3,3,2,26,1,71066
2005,12,,5,13,0,0,0,0,0,0,1,1,2,1,5,1,,,71022
2005,12,,6,21,0,0,0,0,0,0,1,6,1,3,3,2,30,1,91072
2005,12,,2,22,1.07,1.07,0,0,0,0,2,1,2,3,4,1,17,2,91034
2005,12,,5,21,0,0,0,0,0,0,1,1,1,3,3,2,37,1,23027
2005,12,,4,19,0,0,0,0,0,0,1,1,2,3,2,1,29,1,23086
2005,12,,6,9,0,0,0,0,0,0,1,2,2,1,4,1,39,2,23101
2005,12,,1,10,1.19,1.19,0,0,0,0,1,1,2,1,2,1,22,1,24062
2005,12,,2,15,1.13,1.13,0,0,0,0,1,22,2,1,5,2,48,2,24135
2005,12,,4,13,1.37,1.37,0,0,0,0,1,1,2,1,3,1,35,2,25112
2005,12,,3,0,0,0,0,0,0,0,1,1,1,3,3,2,,,25084
2005,12,,4,14,1.13,1.13,0,0,0,0,1,1,2,1,4,2,38,2,25119
2005,12,,4,21,1.24,0,1.24,0,0,0,2,1,2,3,2,1,80,2,12025
2005,12,,2,12,0,0,0,0,0,0,1,1,2,1,2,2,42,1,13040
2005,12,,1,13,0,0,0,0,0,0,1,1,2,1,4,1,50,2,13025
2005,12,,2,15,1.36,1.36,0,0,0,0,2,1,2,1,3,2,27,2,13029
2005,12,,7,15,0,0,0,0,0,0,1,1,1,1,,2,31,2,21001
2005,12,,6,21,0,0,0,0,0,0,1,1,2,3,3,1,33,1,21009
2005,12,,1,23,0,0,0,0,0,0,1,,2,3,3,1,,,21016
2005,12,,6,16,0,0,0,0,0,0,1,2,2,1,4,1,27,2,11021
2005,12,,4,10,1.22,1.22,0,0,0,0,1,1,2,1,3,1,35,2,11052
2005,12,,4,4,0,0,0,0,0,0,1,8,1,3,3,2,27,1,12025
2005,12,,3,21,0,0,0,0,0,0,1,1,2,4,3,2,28,1,11002
2005,12,,3,7,0,0,0,0,0,0,1,7,2,3,4,2,40,1,11002
2005,12,,5,18,1.12,1.12,0,0,0,0,1,1,2,3,7,1,36,2,11002
2005,12,,4,10,1.12,1.12,0,0,0,0,1,15,2,1,4,1,38,2,11002
2006,1,,5,14,0,0,0,0,0,0,1,10,2,1,4,1,44,1,11002
2006,1,,7,23,0,0,0,0,0,0,1,4,2,3,4,1,29,1,11002
2006,1,,6,15,0,0,0,0,0,0,1,2,2,1,3,2,52,1,12021
2006,1,,1,23,0,0,0,0,0,0,1,1,2,3,4,2,20,1,12007
2006,1,,3,14,1.29,1.29,0,0,0,0,2,1,2,1,3,2,43,1,11037
2006,1,,1,20,1,1,0,0,0,0,2,2,1,3,3,2,60,1,11008
2006,1,,6,2,1.28,1.28,0,0,0,0,2,1,2,3,4,1,21,1,11002
2006,1,,7,1,0,0,0,0,0,0,1,1,2,3,2,1,29,1,21015
2006,1,,6,13,0,0,0,0,0,0,1,10,2,1,4,1,40,1,21017
2006,1,,3,14,1.3,1.3,0,0,0,0,1,22,2,1,5,1,93,2,21013
2006,1,,2,20,1.83,1.83,0,0,0,0,1,15,2,3,4,1,18,1,21009
2006,1,,3,16,0,0,0,0,0,0,1,2,2,1,3,2,33,1,13036
2006,1,,3,13,0,0,0,0,0,0,1,2,2,1,2,2,59,2,24107
2006,1,,7,8,1,1,0,0,0,0,1,1,1,1,7,2,21,1,23102
2006,1,,2,8,1.09,0,1.09,0,0,0,1,1,2,3,2,2,36,1,23027
2006,1,,5,8,0,0,0,0,0,0,1,1,2,3,3,2,28,1,23038
2006,1,,2,18,0,0,0,0,0,0,1,2,2,2,4,1,45,1,23027
2006,1,,3,20,1.1,0,1.1,0,0,0,1,15,2,3,4,1,18,1,92137
2006,1,,1,20,1.12,1.12,0,0,0,0,2,1,2,3,3,2,28,1,72040
2006,1,,1,11,1.15,1.15,0,0,0,0,1,16,2,1,4,1,47,1,63089
2006,1,,1,14,1.12,0,1.12,0,0,0,1,9,2,1,7,2,55,1,84035
2006,1,,5,12,1.11,1.11,0,0,0,0,1,1,2,1,4,1,25,1,73107
2006,1,,2,20,1.08,0,1.08,0,0,0,1,22,2,3,5,1,57,2,73083
2006,1,,1,16,0,0,0,0,0,0,1,1,2,1,4,2,60,1,72025
2006,1,,5,19,0,0,0,0,0,0,1,1,2,3,3,1,44,1,71053
2006,1,,3,2,0,0,0,0,0,0,1,1,2,3,7,1,,,71022
2006,1,,2,8,1.15,1.15,0,0,0,0,2,1,2,3,2,2,25,1,71004
2006,1,,3,15,1.18,1.18,0,0,0,0,1,22,2,1,5,1,7,2,63023
2006,1,,5,17,1.15,1.15,0,0,0,0,1,1,2,3,2,2,34,2,63058
2006,1,,1,9,1.14,1.14,0,0,0,0,2,16,1,1,4,1,20,1,62096
2006,1,,7,19,1.19,1.19,0,0,0,0,2,1,2,3,3,1,42,2,62063
2006,1,,1,21,1.14,0,1.14,0,0,0,1,22,2,3,5,1,64,2,62051
2006,1,,3,21,1.19,1.19,0,0,0,0,1,1,2,3,4,1,33,1,62063
2006,1,,7,2,1.12,0,1.12,0,0,0,2,1,2,3,7,1,17,1,56011
2006,1,,6,3,1.09,1.09,0,0,0,0,1,1,2,3,7,1,23,1,56078
2006,1,,5,13,1.15,0,1.15,0,0,0,1,1,2,1,2,1,29,1,57027
2006,1,,1,8,1.15,1.15,0,0,0,0,1,1,2,2,8,2,34,1,57018
2006,1,,5,21,0,0,0,0,0,0,1,1,2,2,3,1,43,1,55022
2006,1,,2,13,1.41,1.41,0,0,0,0,1,22,2,1,5,1,44,2,52011
2006,1,,7,12,1,0,1,0,0,0,2,1,2,1,4,2,29,1,51009
2006,1,,3,13,1.23,1.23,0,0,0,0,1,1,2,1,7,1,57,2,46014
2006,1,,6,20,1.25,1.25,0,0,0,0,1,15,2,3,4,1,18,2,46003
2006,1,,7,10,1.1,1.1,0,0,0,0,1,18,2,1,6,2,37,1,45059
2006,1,,7,18,0,0,0,0,0,0,1,1,2,1,3,1,48,1,45035
2006,1,,3,20,0,0,0,0,0,0,1,2,1,3,3,2,31,2,44040
2006,1,,4,8,1.17,1.17,0,0,0,0,1,18,2,3,2,1,44,1,44021
2006,1,,4,18,0,0,0,0,0,0,1,1,2,3,4,2,62,1,43018
2006,1,,7,10,1.27,1.27,0,0,0,0,2,1,2,1,7,2,28,1,42028
2006,1,,7,10,1.11,1.11,0,0,0,0,1,4,2,1,2,1,73,1,42025
2006,1,,7,16,1.22,0,1.22,0,0,0,1,15,2,1,2,2,17,1,42023
2006,1,,7,4,1.17,1.17,0,0,0,0,1,1,2,3,7,2,33,1,41018
2006,1,,1,17,1.17,1.17,0,0,0,0,1,16,2,1,4,2,20,2,41018
2006,1,,6,8,1.23,0,1.23,0,0,0,1,18,2,2,4,2,55,2,36015
2006,1,,2,13,0,0,0,0,0,0,1,1,2,1,2,1,77,2,36008
2006,1,,5,16,1.15,1.15,0,0,0,0,1,15,2,1,4,1,20,1,34013
2006,1,,1,11,1.09,1.09,0,0,0,0,2,1,2,1,4,2,84,2,32010
2006,2,,4,19,0,0,0,0,0,0,1,1,2,3,3,2,33,1,32006
2006,2,,3,17,0,0,0,0,0,0,1,1,2,1,3,1,50,1,32006
2006,2,,4,8,1.15,1.15,0,0,0,0,1,16,2,3,4,2,18,1,34009
2006,2,,7,6,2.32,2.32,0,0,0,0,1,1,2,3,4,1,20,1,34022
2006,2,,6,21,0,0,0,0,0,0,1,1,2,3,5,1,26,1,34027
2006,2,,4,21,0,0,0,0,0,0,1,1,2,3,2,2,41,1,35006
2006,2,,5,18,1.22,0,1.22,0,0,0,1,14,2,1,2,2,38,1,37018
2006,2,,2,17,1.21,0,1.21,0,0,0,1,14,2,1,2,1,40,1,46013
2006,2,,2,17,0,0,0,0,0,0,1,2,2,1,3,2,51,1,46013
2006,2,,5,16,0,0,0,0,0,0,1,10,2,1,4,1,32,1,51008
2006,2,,1,8,1.1,0,1.1,0,0,0,1,22,2,2,5,1,29,1,53053
2006,2,,1,7,1.19,0,1.19,0,0,0,1,1,2,3,7,1,23,1,52043
2006,2,,3,20,0,0,0,0,0,0,1,1,2,3,4,1,30,1,54007
2006,2,,2,9,0,0,0,0,0,0,1,10,2,1,3,1,49,1,56011
2006,2,,3,0,1.04,1.04,0,0,0,0,1,1,2,4,7,2,64,1,61019
2006,2,,6,18,1.19,1.19,0,0,0,0,2,10,2,1,8,1,64,2,62063
2006,2,,1,20,0,0,0,0,0,0,1,1,2,3,4,1,23,1,62063
2006,2,,7,18,1.17,1.17,0,0,0,0,1,15,2,2,8,1,19,1,62118
2006,2,,6,18,1.19,1.19,0,0,0,0,2,10,2,1,8,1,17,1,62063
2006,2,,5,9,1,1,0,0,0,0,1,22,1,1,3,2,34,1,62108
2006,2,,3,19,1.14,1.14,0,0,0,0,1,1,2,3,2,1,60,2,62096
2006,2,,1,8,1.12,1.12,0,0,0,0,1,4,2,1,3,2,24,1,71022
2006,2,,2,8,1.12,1.12,0,0,0,0,1,14,2,2,4,2,40,1,71066
2006,2,,5,17,1,1,0,0,0,0,1,1,1,1,7,2,45,2,81013
2006,2,,4,18,1.24,1.24,0,0,0,0,1,16,2,2,4,1,17,1,73042
2006,2,,6,8,1.05,1.05,0,0,0,0,1,2,2,1,8,2,26,1,81001
2006,2,,1,16,0,0,0,0,0,0,1,1,2,1,4,1,23,1,73083
2006,2,,6,21,1.08,1.08,0,0,0,0,1,22,2,3,5,1,11,2,73083
2006,2,,6,19,1.11,1.11,0,0,0,0,2,1,2,2,3,1,15,1,73107
2006,2,,5,22,0,0,0,0,0,0,1,1,2,3,4,1,28,1,92094
2006,2,,7,15,1.14,1.14,0,0,0,0,1,1,2,1,8,2,63,1,92094
2006,2,,2,8,1.22,1.22,0,0,0,0,1,18,2,2,4,2,12,1,72037
2006,2,,5,19,0,0,0,0,0,0,1,1,2,3,3,1,22,1,23024
2006,2,,4,16,1.14,1.14,0,0,0,0,1,4,2,1,4,2,75,1,23062
2006,2,,5,10,0,0,0,0,0,0,1,1,2,1,5,1,78,1,23077
2006,2,,2,8,0,0,0,0,0,0,1,4,2,2,4,1,30,1,24107
2006,2,,6,23,1.25,1.25,0,0,0,0,2,1,2,3,3,1,79,1,25112
2006,2,,3,7,1.34,1.34,0,0,0,0,2,1,2,2,8,2,32,2,25044
2006,2,,6,15,0,0,0,0,0,0,1,1,2,1,4,2,67,1,25072
2006,2,,2,17,1.26,1.26,0,0,0,0,1,1,2,1,2,2,46,2,12026
2006,2,,6,14,1.25,1.25,0,0,0,0,2,1,2,1,4,1,67,2,13014
2006,2,,1,10,1.26,1.26,0,0,0,0,1,1,2,1,4,1,43,1,13008
2006,2,,4,9,0,0,0,0,0,0,1,4,2,2,3,1,41,2,13037
2006,2,,5,13,0,0,0,0,0,0,1,1,2,1,4,1,45,1,13036
2006,2,,1,14,0,0,0,0,0,0,1,1,2,1,5,1,26,1,21001
2006,2,,7,4,1.83,1.83,0,0,0,0,1,2,2,3,4,1,23,1,21004
2006,2,,5,13,1.3,1.3,0,0,0,0,2,1,2,1,3,1,47,2,21007
2006,2,,7,10,1.16,1.16,0,0,0,0,2,1,2,1,2,1,39,1,31003
2006,2,,5,18,1.14,1.14,0,0,0,0,1,18,2,3,,1,39,2,21016
2006,2,,1,17,1.28,1.28,0,0,0,0,1,22,2,1,5,1,16,1,11002
2006,2,,2,9,0,0,0,0,0,0,1,2,2,1,4,2,42,1,11054
2006,2,,2,8,1.29,1.29,0,0,0,0,1,18,2,1,4,1,17,1,11044
2006,2,,6,5,0,0,0,0,0,0,1,1,2,3,4,2,26,1,11050
2006,2,,4,12,0,0,0,0,0,0,1,1,2,1,2,2,48,1,12014
2006,2,,3,16,1.16,0,1.16,0,0,0,1,4,2,1,3,2,54,1,12014
2006,2,,1,16,1.28,1.28,0,0,0,0,1,1,2,1,3,1,36,2,11002
2006,2,,1,18,1.28,1.28,0,0,0,0,1,16,2,1,3,1,52,1,11002
2006,3,,3,9,0,0,0,0,0,0,1,1,2,1,3,1,46,2,11002
2006,3,,5,8,0,0,0,0,0,0,1,1,2,1,2,2,43,1,11024
2006,3,,1,11,0,0,0,0,0,0,1,1,2,1,3,2,78,1,11013
2006,3,,7,16,0,0,0,0,0,0,1,1,2,1,3,1,21,1,11002
2006,3,,5,6,1.26,0,1.26,0,0,0,1,1,2,3,2,2,31,1,31005
2006,3,,5,18,0,0,0,0,0,0,1,1,2,1,4,1,26,1,31004
2006,3,,7,18,0,0,0,0,0,0,1,1,2,1,2,1,38,1,21015
2006,3,,5,16,1.83,1.83,0,0,0,0,1,14,2,1,8,1,44,1,21004
2006,3,,2,17,1.33,1.33,0,0,0,0,1,4,2,1,7,2,55,2,13029
2006,3,,4,23,0,0,0,0,0,0,1,1,2,3,8,2,25,2,13025
2006,3,,3,12,0,0,0,0,0,0,1,4,2,1,3,2,24,1,12026
2006,3,,4,15,0,0,0,0,0,0,1,1,1,1,3,2,43,1,25112
2006,3,,1,9,1.66,1.66,0,0,0,0,1,2,2,1,3,1,43,1,25110
2006,3,,5,23,1.09,1.09,0,0,0,0,2,2,2,3,4,2,4,1,25018
2006,3,,4,19,1.15,1.15,0,0,0,0,1,1,2,1,4,1,40,2,24107
2006,3,,6,5,1.16,1.16,0,0,0,0,2,1,2,2,8,1,16,2,24011
2006,3,,2,7,1.22,1.22,0,0,0,0,2,4,2,2,8,2,35,1,24009
2006,3,,4,13,0,0,0,0,0,0,1,1,2,1,4,2,35,1,23094
2006,3,,2,12,1.09,1.09,0,0,0,0,1,2,2,1,2,2,41,2,23027
2006,3,,3,16,0,0,0,0,0,0,1,1,2,1,4,1,59,2,23025
2006,3,,1,10,1,1,0,0,0,0,1,2,2,1,4,2,39,2,92142
2006,3,,3,18,1.1,1.1,0,0,0,0,1,18,2,1,3,1,44,1,23003
2006,3,,6,16,1.14,1.14,0,0,0,0,1,16,2,1,4,1,56,1,62121
2006,3,,3,8,1.17,1.17,0,0,0,0,1,2,2,1,2,2,45,1,55050
2006,3,,5,20,1.14,1.14,0,0,0,0,2,1,2,3,2,2,14,1,92094
2006,3,,6,17,1.14,0,1.14,0,0,0,1,9,2,1,3,2,76,1,92094
2006,3,,3,18,1.07,1.07,0,0,0,0,1,15,2,1,8,1,17,1,92101
2006,3,,4,17,1,1,0,0,0,0,1,1,1,1,3,2,90,1,92094
2006,3,,5,7,1,0,1,0,0,0,1,2,1,3,7,2,36,1,84043
2006,3,,4,19,0,0,0,0,0,0,1,2,2,1,3,1,48,1,73107
2006,3,,5,18,1.09,1.09,0,0,0,0,1,16,2,1,4,2,17,1,71067
2006,3,,1,12,1.12,1.12,0,0,0,0,2,1,2,1,8,2,35,2,71066
2006,3,,6,1,1.12,1.12,0,0,0,0,1,2,2,3,4,2,20,1,71022
2006,3,,6,18,1.07,1.07,0,0,0,0,2,1,2,1,2,1,44,2,63067
2006,3,,4,18,0,0,0,0,0,0,1,1,2,1,2,2,68,1,63067
2006,3,,6,7,1,1,0,0,0,0,1,1,1,3,7,2,24,2,62051
2006,3,,6,10,0,0,0,0,0,0,1,4,2,1,4,1,26,1,55004
2006,3,,5,2,1,1,0,0,0,0,2,7,1,3,7,2,38,1,53065
2006,3,,3,13,1,1,0,0,0,0,1,1,1,1,7,2,36,1,52011
2006,3,,5,16,1.41,1.41,0,0,0,0,2,1,2,1,4,1,20,1,52011
2006,3,,5,18,1.41,1.41,0,0,0,0,1,15,2,1,4,1,18,1,52011
2006,3,,2,16,0,0,0,0,0,0,1,1,2,1,3,1,56,2,52011
2006,3,,7,21,1.12,1.12,0,0,0,0,2,2,2,3,3,2,6,2,46020
2006,3,,5,21,1.17,1.17,0,0,0,0,1,1,2,3,2,1,48,2,45041
2006,3,,6,12,1.26,1.26,0,0,0,0,1,1,2,1,3,1,31,2,44052
2006,3,,7,7,1.18,0,1.18,0,0,0,1,4,2,3,6,1,24,1,44048
2006,3,,5,18,0,0,0,0,0,0,1,1,1,1,3,2,26,1,44043
2006,3,,5,12,1.17,1.17,0,0,0,0,1,18,2,1,7,1,19,2,44021
2006,3,,4,23,0,0,0,0,0,0,1,2,2,3,4,1,66,1,44021
2006,3,,5,3,1,1,0,0,0,0,1,1,1,3,3,2,31,1,44021
2006,3,,3,9,1.17,1.17,0,0,0,0,1,1,2,1,3,2,30,2,44021
2006,3,,5,8,1.14,1.14,0,0,0,0,1,1,2,1,7,2,50,2,44019
2006,3,,1,18,1.22,1.22,0,0,0,0,1,2,2,1,3,1,48,1,43005
2006,3,,2,9,1.27,1.27,0,0,0,0,1,18,2,1,2,1,62,1,42028
2006,3,,5,9,1.22,1.22,0,0,0,0,1,18,2,1,4,2,11,1,42023
2006,3,,3,6,1.17,1.17,0,0,0,0,1,1,2,3,8,2,28,1,41018
2006,3,,7,18,1.17,1.17,0,0,0,0,1,16,2,1,2,1,16,1,41034
2006,3,,7,3,1.05,0,1.05,0,0,0,1,2,2,3,2,1,25,2,41002
2006,3,,3,13,0,0,0,0,0,0,1,1,2,1,4,2,47,1,36006
2006,3,,4,15,0,0,0,0,0,0,1,1,2,1,4,2,22,2,37010
2006,3,,1,14,0,0,0,0,0,0,1,1,2,1,3,1,54,2,36015
2006,3,,1,1,0,0,0,0,0,0,1,1,2,3,4,1,22,1,35013
2006,3,,2,20,0,0,0,0,0,0,1,1,2,1,4,1,32,2,36015
2006,3,,1,8,1.32,1.32,0,0,0,0,1,24,2,1,2,2,13,2,34040
2006,3,,2,15,1.32,1.32,0,0,0,0,1,24,2,1,4,2,35,2,34040
2006,3,,5,13,1.15,1.15,0,0,0,0,1,1,2,1,4,1,43,2,34013
2006,3,,5,18,0,0,0,0,0,0,1,2,2,1,3,2,66,1,33011
2006,3,,6,10,1.11,1.11,0,0,0,0,1,1,2,1,4,2,53,1,31033
2006,3,,4,9,0,0,0,0,0,0,1,1,2,1,4,2,63,1,31006
2006,4,,3,16,0,0,0,0,0,0,1,1,2,1,3,1,53,1,31033
2006,4,,4,8,1.12,1.12,0,0,0,0,2,1,2,1,7,2,15,2,33011
2006,4,,1,19,1.12,0,1.12,0,0,0,1,22,2,1,5,2,76,1,33021
2006,4,,5,16,1.32,1.32,0,0,0,0,2,1,2,1,4,2,70,2,34040
2006,4,,1,19,2.64,1.32,1.32,0,0,0,1,18,2,1,4,1,18,2,34042
2006,4,,6,7,1.19,1.19,0,0,0,0,2,1,2,1,7,1,26,1,36007
2006,4,,5,18,1.19,1.19,0,0,0,0,1,18,2,1,,1,65,1,36007
2006,4,,6,12,1.05,1.05,0,0,0,0,1,4,2,1,3,1,28,1,41002
2006,4,,7,19,0,0,0,0,0,0,1,1,2,1,4,1,28,2,41034
2006,4,,5,19,0,0,0,0,0,0,1,1,2,1,3,2,30,2,41024
2006,4,,1,17,1.18,1.18,0,0,0,0,1,22,2,1,5,1,13,2,44012
2006,4,,1,19,0,0,0,0,0,0,1,2,2,1,4,1,22,1,45035
2006,4,,1,19,0,0,0,0,0,0,1,1,2,1,4,2,21,1,46021
2006,4,,3,18,1.1,1.1,0,0,0,0,1,1,2,1,3,1,53,1,53053
2006,4,,1,0,1,1,0,0,0,0,1,1,2,3,6,2,50,1,52063
2006,4,,6,18,0,0,0,0,0,0,1,1,2,1,3,1,45,1,56001
2006,4,,2,14,1.12,1.12,0,0,0,0,2,1,2,1,3,1,34,1,56001
2006,4,,2,14,1,1,0,0,0,0,2,1,2,1,4,2,45,2,62006
2006,4,,5,17,1.14,1.14,0,0,0,0,1,13,2,1,8,1,31,1,62051
2006,4,,7,3,1.19,1.19,0,0,0,0,2,1,2,3,8,1,56,2,62063
2006,4,,7,17,1.19,1.19,0,0,0,0,1,14,2,1,4,2,38,1,62063
2006,4,,7,18,1.19,1.19,0,0,0,0,1,16,2,1,8,1,19,1,62063
2006,4,,5,19,1.15,0,1.15,0,0,0,1,1,2,1,7,2,20,1,63086