year,month,monthDay,weekDay,hour,numVictims,numSlightlyInjured,numSeverelyInjured,numMortallyInjured,numDiedWithin24Hours,numDiedWithin30Days,victimType,roadUserType,roadType,lightConditions,collisionType,areaType,age,sex,municipality
2006,4,,2,21,1.15,1.15,0,0,0,0,1,1,2,1,6,1,20,1,63084
2006,4,,6,16,0,0,0,0,0,0,1,1,2,1,3,2,55,1,71016
2006,4,,3,18,1.15,1.15,0,0,0,0,1,1,2,1,2,2,85,1,71053
2006,4,,5,14,1.14,0,1.14,0,0,0,1,2,2,1,4,2,46,2,72030
2006,4,,6,16,1.22,1.22,0,0,0,0,1,18,2,1,4,2,66,2,72025
2006,4,,7,7,1,1,0,0,0,0,1,1,2,1,7,2,42,1,81013
2006,4,,7,13,0,0,0,0,0,0,1,1,2,1,4,2,36,1,85045
2006,4,,4,19,0,0,0,0,0,0,1,1,2,1,2,1,19,1,84068
2006,4,,7,1,1.19,0,1.19,0,0,0,2,1,2,3,7,1,17,2,83012
2006,4,,7,1,1.14,1.14,0,0,0,0,2,1,2,3,3,2,12,1,92094
2006,4,,6,2,0,0,0,0,0,0,1,1,2,3,3,1,58,1,52048
2006,4,,1,16,1.09,1.09,0,0,0,0,1,1,2,1,4,1,36,2,62119
2006,4,,2,14,1,1,0,0,0,0,1,1,1,1,6,2,23,1,23016
2006,4,,1,8,1.14,1.14,0,0,0,0,1,4,2,2,3,2,45,1,23062
2006,4,,1,11,1.11,1.11,0,0,0,0,1,2,2,1,4,1,57,1,24001
2006,4,,6,0,1.16,1.16,0,0,0,0,1,1,2,3,3,1,38,2,24062
2006,4,,4,0,1.34,1.34,0,0,0,0,2,1,2,3,7,1,29,2,25015
2006,4,,5,15,1.1,1.1,0,0,0,0,1,14,2,1,4,1,28,1,25023
2006,4,,6,11,1.14,0,1.14,0,0,0,1,24,2,1,8,2,60,2,24134
2006,4,,2,13,0,0,0,0,0,0,1,4,2,1,3,2,34,1,24094
2006,4,,4,20,1.09,1.09,0,0,0,0,1,1,2,2,4,1,47,2,25037
2006,4,,4,16,1.34,1.34,0,0,0,0,1,22,2,1,5,1,38,1,25105
2006,4,,2,9,0,0,0,0,0,0,1,1,2,1,2,1,75,1,12025
2006,4,,4,17,1.26,1.26,0,0,0,0,1,24,2,1,2,2,57,1,12026
2006,4,,2,11,0,0,0,0,0,0,1,1,1,1,3,2,45,1,13011
2006,4,,1,16,1.27,1.27,0,0,0,0,1,1,2,1,7,1,78,2,13040
2006,4,,5,9,1.26,1.26,0,0,0,0,1,18,2,1,4,1,32,1,31005
2006,4,,5,11,0,0,0,0,0,0,1,1,1,1,1,2,,,11002
2006,4,,2,16,1.25,1.25,0,0,0,0,1,14,2,1,3,2,36,1,11024
2006,4,,6,11,1.23,1.23,0,0,0,0,1,1,2,1,4,2,33,2,11053
2006,4,,3,15,0,0,0,0,0,0,1,1,2,1,4,1,44,2,12005
2006,4,,2,9,0,0,0,0,0,0,1,2,2,1,,1,56,1,12014
2006,4,,2,14,0,0,0,0,0,0,1,4,2,1,3,1,27,1,11002
2006,5,,6,4,1.28,1.28,0,0,0,0,2,1,2,3,7,1,35,2,11002
2006,5,,5,12,0,0,0,0,0,0,1,6,2,1,4,2,30,1,11002
2006,5,,2,18,1.17,1.17,0,0,0,0,1,1,2,1,8,1,27,1,12007
2006,5,,6,14,0,0,0,0,0,0,1,10,2,1,3,1,51,1,11040
2006,5,,5,12,0,0,0,0,0,0,1,1,2,1,4,2,58,1,11052
2006,5,,3,23,1.39,1.39,0,0,0,0,1,22,2,3,5,1,57,1,21015
2006,5,,2,20,0,0,0,0,0,0,1,1,2,1,2,1,29,1,21015
2006,5,,3,17,1.3,1.3,0,0,0,0,1,1,2,1,3,1,42,1,21018
2006,5,,2,18,0,0,0,0,0,0,1,1,2,1,5,1,38,1,21007
2006,5,,1,17,1.83,1.83,0,0,0,0,1,24,2,1,3,1,44,1,21004
2006,5,,4,7,0,0,0,0,0,0,1,2,2,1,5,1,46,1,21004
2006,5,,2,16,0,0,0,0,0,0,1,4,2,1,1,1,34,1,21005
2006,5,,2,10,0,0,0,0,0,0,1,1,2,1,4,1,28,,21004
2006,5,,6,16,1.3,1.3,0,0,0,0,2,1,2,1,3,1,10,2,21001
2006,5,,5,13,1.2,1.2,0,0,0,0,1,2,2,1,4,2,20,1,13016
2006,5,,7,22,0,0,0,0,0,0,1,1,2,3,2,2,39,1,13012
2006,5,,3,14,1.33,1.33,0,0,0,0,1,18,2,1,2,1,20,1,13011
2006,5,,3,0,1.06,1.06,0,0,0,0,1,16,2,3,2,1,17,1,12025
2006,5,,3,14,0,0,0,0,0,0,1,1,2,1,3,1,34,1,25072
2006,5,,2,0,1.66,1.66,0,0,0,0,2,1,2,3,8,2,34,2,25110
2006,5,,3,14,0,0,0,0,0,0,1,1,2,1,4,1,64,1,24062
2006,5,,5,9,1.3,1.3,0,0,0,0,1,15,2,1,,2,25,2,23105
2006,5,,3,18,1.11,0,1.11,0,0,0,1,22,2,1,5,1,37,2,23094
2006,5,,4,10,0,0,0,0,0,0,1,2,2,1,4,1,47,1,23094
2006,5,,2,7,1.09,1.09,0,0,0,0,1,4,2,1,3,2,49,2,23023
2006,5,,6,0,0,0,0,0,0,0,1,2,1,3,3,2,40,1,23016
2006,5,,3,15,3.66,3.66,0,0,0,0,1,18,2,1,,2,18,1,11057
2006,5,,1,16,1.11,0,1.11,0,0,0,2,24,2,1,,2,43,1,23002
2006,5,,7,23,1,1,0,0,0,0,1,1,1,3,7,2,41,1,71069
2006,5,,7,11,0,0,0,0,0,0,1,4,2,1,3,2,22,2,55035
2006,5,,3,11,0,0,0,0,0,0,1,6,2,1,5,1,22,1,92094
2006,5,,4,7,1.14,1.14,0,0,0,0,2,1,2,2,4,2,21,1,92094
2006,5,,6,16,0,0,0,0,0,0,1,1,2,1,2,2,19,1,91114
2006,5,,2,18,1,0,1,0,0,0,1,1,2,1,7,2,49,1,92045
2006,5,,6,10,1.05,1.05,0,0,0,0,1,1,2,1,4,2,23,2,85009
2006,5,,3,19,0,0,0,0,0,0,1,4,2,1,4,2,29,1,83034
2006,5,,3,13,1,1,0,0,0,0,1,1,1,1,3,2,51,2,84035
2006,5,,6,13,1.11,1.11,0,0,0,0,1,15,2,1,4,2,68,1,73107
2006,5,,1,9,0,0,0,0,0,0,1,6,2,1,4,2,61,1,71045
2006,5,,3,23,0,0,0,0,0,0,1,1,2,3,5,1,20,1,71034
2006,5,,2,12,1.12,1.12,0,0,0,0,1,14,2,1,4,1,51,1,71022
2006,5,,2,11,1.12,1.12,0,0,0,0,1,22,2,1,4,2,67,1,71022
2006,5,,5,19,0,0,0,0,0,0,1,1,2,1,2,2,70,1,63067
2006,5,,1,21,1.18,1.18,0,0,0,0,1,1,2,1,7,2,36,2,63023
2006,5,,7,19,1.17,1.17,0,0,0,0,1,1,2,1,2,1,47,1,62118
2006,5,,5,9,1.19,1.19,0,0,0,0,1,22,2,1,5,1,8,1,62063
2006,5,,6,18,1.19,1.19,0,0,0,0,1,1,2,1,3,1,47,1,62099
2006,5,,5,13,1.09,1.09,0,0,0,0,1,13,2,1,2,1,43,1,62108
2006,5,,6,22,0,0,0,0,0,0,1,1,2,1,4,1,22,1,62063
2006,5,,7,18,1.19,1.19,0,0,0,0,1,22,2,1,5,1,,2,62063
2006,5,,4,21,0,0,0,0,0,0,1,1,1,1,3,2,61,1,62063
2006,5,,5,23,0,0,0,0,0,0,1,1,2,3,4,1,52,1,62063
2006,5,,5,17,0,0,0,0,0,0,1,1,2,1,3,1,25,2,62063
2006,5,,7,9,1.19,1.19,0,0,0,0,2,1,2,1,3,1,23,2,62063
2006,5,,6,22,1.19,0,1.19,0,0,0,1,1,2,3,7,1,30,1,62063
2006,5,,4,9,1.08,1.08,0,0,0,0,2,1,2,1,4,2,37,2,57081
2006,5,,5,13,1.08,0,1.08,0,0,0,2,1,2,1,3,2,89,2,57081
2006,5,,1,15,0,0,0,0,0,0,1,1,1,1,7,2,59,1,57064
2006,5,,6,0,0,0,0,0,0,0,1,6,2,3,4,2,52,1,55004
2006,5,,5,5,1.19,1.19,0,0,0,0,1,2,2,3,7,1,26,1,53028
2006,5,,4,17,0,0,0,0,0,0,1,1,2,1,4,1,34,1,52011
2006,5,,3,16,1.38,1.38,0,0,0,0,1,18,2,1,4,1,76,2,46021
2006,5,,1,18,1.17,1.17,0,0,0,0,1,18,2,1,4,1,20,2,44021
2006,5,,2,15,1.17,1.17,0,0,0,0,1,1,2,1,3,1,78,1,44021
2006,5,,1,10,0,0,0,0,0,0,1,1,2,1,4,2,54,1,44021
2006,5,,1,15,1.17,1.17,0,0,0,0,1,15,2,1,2,1,44,2,44021
2006,5,,1,17,0,0,0,0,0,0,1,1,2,1,5,1,20,1,43005
2006,5,,5,13,1.23,1.23,0,0,0,0,1,1,2,1,2,2,31,2,43010
2006,5,,2,9,0,0,0,0,0,0,1,7,1,3,4,2,44,1,44001
2006,5,,4,8,1.22,1.22,0,0,0,0,1,2,2,1,4,1,32,2,42008
2006,5,,4,9,0,0,0,0,0,0,1,1,2,1,4,1,26,1,42006
2006,5,,7,6,1,1,0,0,0,0,1,1,1,1,7,2,25,1,36010
2006,5,,3,20,0,0,0,0,0,0,1,1,2,1,4,1,22,1,36015
2006,5,,1,18,1.23,1.23,0,0,0,0,2,1,2,1,4,2,50,2,36006
2006,5,,7,17,1,1,0,0,0,0,1,18,2,1,7,1,68,1,36008
2006,5,,6,17,0,0,0,0,0,0,1,1,2,1,4,1,51,1,36008
2006,5,,6,19,1,1,0,0,0,0,2,1,2,1,4,1,44,2,35013
2006,5,,2,11,0,0,0,0,0,0,1,1,2,1,2,1,79,1,35011
2006,5,,4,18,0,0,0,0,0,0,1,1,2,1,4,1,48,1,34040
2006,5,,6,4,1.16,1.16,0,0,0,0,2,1,2,3,7,2,21,1,31040
2006,5,,1,18,1.16,1.16,0,0,0,0,1,1,2,1,2,2,39,1,31040
2006,6,,7,10,1.13,1.13,0,0,0,0,1,18,2,1,2,1,36,1,31043
2006,6,,5,18,0,0,0,0,0,0,1,1,2,1,5,1,62,1,31043
2006,6,,4,10,0,0,0,0,0,0,1,4,2,1,3,1,21,1,32011
2006,6,,6,18,1.12,1.12,0,0,0,0,1,18,2,1,4,1,40,2,33037
2006,6,,4,15,1.32,1.32,0,0,0,0,1,15,2,1,4,1,17,2,34040
2006,6,,1,19,1.1,1.1,0,0,0,0,1,18,2,1,3,2,47,1,35011
2006,6,,5,13,0,0,0,0,0,0,1,1,2,1,3,1,82,2,36015
2006,6,,5,18,0,0,0,0,0,0,1,1,2,1,2,1,49,1,41002
2006,6,,6,1,1.2,0,1.2,0,0,0,1,2,2,3,6,1,52,1,41048
2006,6,,7,12,0,0,0,0,0,0,1,1,2,1,3,1,54,2,41081
2006,6,,3,13,0,0,0,0,0,0,1,2,2,1,4,1,36,1,42006
2006,6,,7,17,1.12,0,1.12,0,0,0,2,14,2,1,7,2,24,2,44001
2006,6,,6,20,1,0,1,0,0,0,1,13,1,1,8,2,57,1,44021
2006,6,,4,19,0,0,0,0,0,0,1,1,1,1,1,2,27,2,44043
2006,6,,4,20,0,0,0,0,0,0,1,2,2,1,4,1,56,1,46014
2006,6,,6,16,1.38,1.38,0,0,0,0,1,18,2,1,3,1,58,2,46021
2006,6,,5,13,1.41,1.41,0,0,0,0,2,1,2,1,4,1,10,1,52011
2006,6,,4,13,0,0,0,0,0,0,1,1,2,1,5,1,23,1,52011
2006,6,,6,19,0,0,0,0,0,0,1,1,2,1,3,2,49,1,53046
2006,6,,5,15,1.19,1.19,0,0,0,0,1,13,2,1,4,1,28,1,53065
2006,6,,4,10,1.19,1.19,0,0,0,0,2,1,2,1,3,2,31,2,53070
2006,6,,6,12,0,0,0,0,0,0,1,1,2,1,4,1,29,1,55010
2006,6,,3,18,0,0,0,0,0,0,1,7,1,1,4,2,31,1,57081
2006,6,,4,12,0,0,0,0,0,0,1,1,2,1,2,1,47,1,57062
2006,6,,3,20,1,1,0,0,0,0,2,1,1,1,3,2,69,2,61072
2006,6,,1,7,1.07,1.07,0,0,0,0,1,22,2,1,5,1,26,2,61031
2006,6,,3,14,1.07,1.07,0,0,0,0,1,16,2,1,4,2,19,2,61031
2006,6,,7,9,0,0,0,0,0,0,1,1,2,1,,1,69,1,62118
2006,6,,3,11,0,0,0,0,0,0,1,1,2,1,4,2,48,1,62096
2006,6,,2,9,0,0,0,0,0,0,1,4,2,1,2,2,53,1,62100
2006,6,,6,10,0,0,0,0,0,0,1,1,2,1,4,1,32,1,63076
2006,6,,2,18,1.15,1.15,0,0,0,0,2,14,2,1,3,1,45,2,63003
2006,6,,3,18,0,0,0,0,0,0,1,1,2,1,3,1,68,2,63035
2006,6,,4,9,0,0,0,0,0,0,1,1,2,1,5,1,33,2,64034
2006,6,,3,12,1.09,1.09,0,0,0,0,1,1,2,1,3,2,22,1,71016
2006,6,,4,21,0,0,0,0,0,0,1,1,2,1,3,1,45,1,71022
2006,6,,6,19,1.12,1.12,0,0,0,0,1,1,2,1,6,2,41,1,71022
2006,6,,3,14,0,0,0,0,0,0,1,4,2,1,4,2,47,1,71053
2006,6,,5,23,1.15,1.15,0,0,0,0,2,1,2,3,7,2,41,2,71053
2006,6,,6,13,1.22,1.22,0,0,0,0,1,1,2,1,3,2,81,2,72029
2006,6,,6,14,0,0,0,0,0,0,1,2,2,1,3,2,37,1,73042
2006,6,,5,8,1.14,1.14,0,0,0,0,1,24,2,1,6,1,25,1,92094
2006,6,,1,20,0,0,0,0,0,0,1,2,2,1,2,1,45,1,92094
2006,6,,6,20,1.07,1.07,0,0,0,0,2,1,2,1,2,2,54,1,92045
2006,6,,1,17,0,0,0,0,0,0,1,10,2,1,3,1,49,1,52048
2006,6,,6,20,0,0,0,0,0,0,1,1,2,1,2,2,57,1,53084
2006,6,,3,20,1.08,1.08,0,0,0,0,1,1,2,1,3,1,40,1,57093
2006,6,,1,21,1.07,1.07,0,0,0,0,1,1,2,1,7,1,39,2,56088
2006,6,,7,15,1.07,1.07,0,0,0,0,1,14,2,1,3,2,25,1,63087
2006,6,,5,10,1.13,1.13,0,0,0,0,1,1,2,1,4,2,59,1,92142
2006,6,,5,19,1,1,0,0,0,0,2,1,1,1,7,2,6,2,23002
2006,6,,5,16,1.11,1.11,0,0,0,0,1,1,2,1,3,1,40,1,23002
2006,6,,5,19,0,0,0,0,0,0,1,1,1,1,7,2,50,1,23002
2006,6,,3,15,0,0,0,0,0,0,1,1,2,1,4,1,44,2,23024
2006,6,,5,14,0,0,0,0,0,0,1,1,2,1,4,2,30,2,23064
2006,6,,5,17,1.16,1.16,0,0,0,0,1,16,2,1,2,1,17,1,23077
2006,6,,5,19,1.16,1.16,0,0,0,0,2,1,2,1,3,1,31,2,24062
2006,6,,6,5,0,0,0,0,0,0,1,1,2,3,4,1,22,1,24062
2006,6,,5,19,1.14,1.14,0,0,0,0,2,2,2,1,5,2,25,1,25048
2006,6,,3,18,1.14,1.14,0,0,0,0,1,1,2,1,3,1,74,2,25072
2006,6,,4,17,1.17,1.17,0,0,0,0,1,1,2,1,3,2,20,1,12030
2006,6,,1,17,1.33,1.33,0,0,0,0,1,1,2,1,3,2,19,1,13011
2006,6,,7,3,0,0,0,0,0,0,1,2,2,3,3,2,46,1,13004
2006,6,,3,19,0,0,0,0,0,0,1,1,2,1,4,1,49,1,21001
2006,6,,5,19,0,0,0,0,0,0,1,1,2,1,4,1,26,1,21001
2006,6,,2,18,1.3,1.3,0,0,0,0,1,13,2,1,4,1,17,1,21001
2006,6,,1,19,1.3,1.3,0,0,0,0,1,22,2,1,5,1,8,1,21001
2006,6,,5,19,1.83,1.83,0,0,0,0,2,14,2,1,4,1,20,1,21004
2006,6,,3,10,0,0,0,0,0,0,1,1,2,1,5,1,41,1,21004
2006,6,,2,15,1.3,1.3,0,0,0,0,1,22,2,1,5,1,34,2,21005
2006,6,,7,7,0,0,0,0,0,0,1,1,2,1,1,1,52,1,21005
2006,6,,1,21,0,0,0,0,0,0,1,1,2,1,4,1,54,1,21004
2006,6,,4,15,1.83,1.83,0,0,0,0,1,1,2,1,4,1,19,1,21004
2006,6,,3,12,0,0,0,0,0,0,1,1,2,1,2,1,37,1,21011
2006,6,,5,15,1.39,1.39,0,0,0,0,1,2,2,1,4,1,24,1,21015
2006,6,,5,23,1.39,1.39,0,0,0,0,1,22,2,3,5,1,47,2,21015
2006,6,,6,14,0,0,0,0,0,0,1,1,2,1,5,1,70,2,31005
2006,6,,3,8,1,1,0,0,0,0,1,1,2,1,4,2,19,2,11002
2006,6,,7,2,0,0,0,0,0,0,1,1,2,3,,1,21,1,11002
2006,6,,6,19,0,0,0,0,0,0,1,18,2,1,,1,16,1,11021
2006,6,,4,0,1.25,1.25,0,0,0,0,1,2,2,3,3,2,19,2,11024
2006,6,,4,17,1.2,1.2,0,0,0,0,1,18,2,1,2,2,47,1,12021
2006,6,,1,14,0,0,0,0,0,0,1,1,2,1,4,1,70,1,11002
2006,6,,6,9,1,1,0,0,0,0,1,1,1,1,,,47,2,11002
2006,6,,2,13,0,0,0,0,0,0,1,1,2,1,4,1,53,2,11002
2006,6,,5,18,0,0,0,0,0,0,1,1,2,1,4,2,61,1,11002
2006,6,,6,20,1.28,1.28,0,0,0,0,1,1,2,1,4,1,39,1,11002
2006,7,,2,14,1.2,1.2,0,0,0,0,1,1,2,1,2,2,60,2,25119
2006,7,,1,22,1,1,0,0,0,0,1,2,1,1,4,2,44,1,11002
2006,7,,4,12,1.28,1.28,0,0,0,0,2,10,2,1,4,1,45,2,11002
2006,7,,1,21,0,0,0,0,0,0,1,2,2,1,4,1,29,1,11002
2006,7,,3,9,1.22,1.22,0,0,0,0,2,1,2,1,4,2,74,2,11055
2006,7,,1,23,1.11,1.11,0,0,0,0,1,16,2,3,3,1,16,1,11035
2006,7,,3,17,0,0,0,0,0,0,1,16,2,1,4,1,17,1,31005
2006,7,,4,16,0,0,0,0,0,0,1,4,2,1,4,1,52,1,31005
2006,7,,2,17,1.14,1.14,0,0,0,0,1,1,2,1,4,1,22,2,21016
2006,7,,2,19,1.83,1.83,0,0,0,0,1,22,2,1,5,1,50,2,21009
2006,7,,2,14,1.83,1.83,0,0,0,0,2,1,2,1,3,1,25,2,21009
2006,7,,4,19,1.83,1.83,0,0,0,0,1,14,2,1,4,1,45,1,21009
2006,7,,2,6,1.26,1.26,0,0,0,0,2,2,2,3,2,1,28,2,21012
2006,7,,5,19,0,0,0,0,0,0,1,2,2,1,4,1,19,1,21004
2006,7,,4,12,1.2,1.2,0,0,0,0,2,2,2,1,4,2,5,1,13049
2006,7,,6,18,0,0,0,0,0,0,1,1,2,1,4,2,48,2,13025
2006,7,,5,16,1.33,1.33,0,0,0,0,1,14,2,1,2,1,49,1,13010
2006,7,,5,1,1.26,1.26,0,0,0,0,1,1,2,3,7,2,21,1,13008
2006,7,,7,11,0,0,0,0,0,0,1,1,2,1,4,2,25,1,25112
2006,7,,6,19,0,0,0,0,0,0,1,1,2,1,7,2,72,1,25044
2006,7,,6,14,0,0,0,0,0,0,1,1,2,1,3,1,50,2,24062
2006,7,,3,23,1.14,1.14,0,0,0,0,1,1,2,3,4,2,35,2,23033
2006,7,,3,10,0,0,0,0,0,0,1,1,1,1,3,2,,2,23016
2006,7,,6,18,0,0,0,0,0,0,1,1,2,1,4,1,89,1,54010
2006,7,,4,10,1.14,1.14,0,0,0,0,1,1,2,1,2,2,52,2,72038
2006,7,,3,19,1.06,1.06,0,0,0,0,1,1,2,1,4,1,79,1,91142
2006,7,,4,21,1.19,1.19,0,0,0,0,1,13,2,3,4,1,33,1,53082
2006,7,,7,17,1.22,1.22,0,0,0,0,1,13,2,1,2,2,55,1,37020
2006,7,,6,13,1.17,0,1.17,0,0,0,1,1,2,1,7,2,30,1,41082
2006,7,,7,13,1.22,1.22,0,0,0,0,1,18,2,1,4,2,30,1,37020
2006,7,,5,5,1.11,1.11,0,0,0,0,2,2,2,4,7,2,24,1,93018
2006,7,,1,4,1.26,1.26,0,0,0,0,1,1,2,3,2,1,33,1,13053
2006,7,,3,20,0,0,0,0,0,0,1,9,2,1,3,2,27,1,92006
2006,7,,6,15,1.13,1.13,0,0,0,0,1,22,2,1,5,1,10,1,92003
2006,7,,7,16,1.08,1.08,0,0,0,0,1,1,2,1,2,1,38,1,91030
2006,7,,6,21,1.32,1.32,0,0,0,0,1,22,2,1,5,1,43,1,85011
2006,7,,7,17,0,0,0,0,0,0,1,1,2,1,2,2,40,1,73098
2006,7,,1,17,0,0,0,0,0,0,1,1,2,1,4,1,34,2,73006
2006,7,,7,14,1.16,1.16,0,0,0,0,2,1,2,1,4,1,17,2,72020
2006,7,,7,18,1.16,1.16,0,0,0,0,1,14,2,1,2,2,42,1,71037
2006,7,,7,13,1.09,0,1.09,0,0,0,1,14,2,1,2,2,61,1,71016
2006,7,,5,5,1.09,1.09,0,0,0,0,1,1,2,4,7,2,21,1,71016
2006,7,,1,12,1.15,1.15,0,0,0,0,1,18,2,1,4,2,36,2,63035
2006,7,,5,0,1.15,1.15,0,0,0,0,1,14,2,3,8,2,52,1,63004
2006,7,,5,13,0,0,0,0,0,0,1,1,2,1,2,1,45,1,63057
2006,7,,7,23,0,0,0,0,0,0,1,1,2,3,,1,,,62063
2006,7,,1,18,0,0,0,0,0,0,1,1,2,1,3,1,24,1,62051
2006,7,,3,9,1.19,1.19,0,0,0,0,1,1,2,1,4,1,26,2,62063
2006,7,,5,12,1.19,1.19,0,0,0,0,2,1,2,1,4,1,24,1,62063
2006,7,,3,19,1.26,0,1.26,0,0,0,2,14,2,1,4,1,52,2,62009
2006,7,,3,12,0,0,0,0,0,0,1,1,2,1,4,1,42,2,56078
2006,7,,2,14,0,0,0,0,0,0,1,13,2,1,4,1,30,1,56078
2006,7,,6,11,0,0,0,0,0,0,1,10,2,1,5,1,26,1,56078
2006,7,,6,19,0,0,0,0,0,0,1,2,1,1,7,2,49,2,57081
2006,7,,2,18,1,1,0,0,0,0,1,1,1,1,4,2,21,2,57081
2006,7,,2,18,1,1,0,0,0,0,2,1,2,1,2,1,23,1,57064
2006,7,,1,12,0,0,0,0,0,0,1,1,2,1,4,1,49,2,57064
2006,7,,5,11,1.12,1.12,0,0,0,0,1,10,2,1,2,2,17,2,56011
2006,7,,6,12,1.19,1.19,0,0,0,0,1,1,2,1,8,1,21,1,53065
2006,7,,5,17,1.1,1.1,0,0,0,0,1,16,2,1,4,1,17,1,52021
2006,7,,5,18,1.41,1.41,0,0,0,0,1,1,2,1,7,1,31,2,52011
2006,7,,2,11,1.41,1.41,0,0,0,0,2,1,2,1,2,1,21,2,52011
2006,7,,6,0,0,0,0,0,0,0,1,1,2,3,3,1,34,1,51008
2006,7,,1,6,1,1,0,0,0,0,1,1,1,1,7,2,25,1,45017
2006,7,,2,8,1,1,0,0,0,0,1,2,1,1,7,2,30,1,44040
2006,7,,3,19,1.17,1.17,0,0,0,0,1,18,2,1,3,1,18,1,44021
2006,7,,7,1,0,0,0,0,0,0,1,12,2,3,5,1,55,1,44021
2006,7,,2,10,0,0,0,0,0,0,1,1,1,1,3,2,28,1,44021
2006,7,,1,11,0,0,0,0,0,0,1,1,2,1,3,2,33,2,41048
2006,7,,1,19,1.17,1.17,0,0,0,0,2,1,2,1,7,2,61,2,38002
2006,7,,4,20,1.21,1.21,0,0,0,0,1,18,2,1,3,1,13,1,35013
2006,7,,5,20,1.23,1.23,0,0,0,0,1,2,2,1,2,1,31,1,36015
2006,7,,6,14,1.1,0,1.1,0,0,0,1,14,2,1,3,1,33,2,35011
2006,7,,4,16,0,0,0,0,0,0,1,1,2,1,4,1,53,1,35011
2006,7,,7,12,1.32,1.32,0,0,0,0,1,1,2,1,4,2,76,1,34040
2006,7,,5,15,1,0,1,0,0,0,1,1,1,1,4,2,65,1,34022
2006,7,,6,10,0,0,0,0,0,0,1,1,2,1,4,1,52,1,32003
2006,7,,7,10,1.12,1.12,0,0,0,0,1,18,2,1,8,2,65,1,33029
2006,8,,3,14,1.13,1.13,0,0,0,0,1,14,2,1,7,1,41,1,31043
2006,8,,4,16,0,0,0,0,0,0,1,1,2,1,4,2,38,1,31043
2006,8,,3,12,0,0,0,0,0,0,1,2,2,1,,1,64,2,31043
2006,8,,3,14,1.11,1.11,0,0,0,0,1,1,2,1,2,1,24,2,31012
2006,8,,1,5,0,0,0,0,0,0,1,,2,3,4,1,,,33011
2006,8,,3,15,1.12,1.12,0,0,0,0,1,18,2,1,8,2,49,2,33011
2006,8,,5,12,1,0,1,0,0,0,2,6,1,1,3,2,26,1,34022
2006,8,,4,23,1.11,1.11,0,0,0,0,1,1,2,3,3,1,26,2,35005
2006,8,,6,3,1.1,1.1,0,0,0,0,1,1,2,3,8,2,24,1,35011
2006,8,,6,16,1.1,1.1,0,0,0,0,1,14,2,1,8,2,43,1,35011
2006,8,,4,10,0,0,0,0,0,0,1,1,2,1,2,2,22,1,36008
2006,8,,3,18,1.05,1.05,0,0,0,0,1,1,2,1,3,1,69,2,41002
2006,8,,3,9,0,0,0,0,0,0,1,1,1,1,3,2,43,1,42010
2006,8,,5,15,0,0,0,0,0,0,1,1,2,1,4,1,50,1,43005
2006,8,,5,19,1.22,0,1.22,0,0,0,1,24,2,1,8,1,59,1,43005
2006,8,,3,14,1.26,1.26,0,0,0,0,2,2,2,1,4,1,63,2,43018
2006,8,,1,18,0,0,0,0,0,0,1,1,2,1,3,1,44,1,44021
2006,8,,7,0,1.22,1.22,0,0,0,0,1,1,2,3,3,1,35,2,45035
2006,8,,5,17,0,0,0,0,0,0,1,1,2,1,3,2,29,2,46003
2006,8,,2,17,1.38,1.38,0,0,0,0,1,18,2,1,4,1,72,2,46021
2006,8,,6,18,1.38,1.38,0,0,0,0,1,22,2,1,5,1,46,2,46021
2006,8,,2,18,0,0,0,0,0,0,1,2,2,1,3,1,71,1,52011
2006,8,,6,2,0,0,0,0,0,0,1,2,2,3,4,1,57,1,46025
2006,8,,2,18,0,0,0,0,0,0,1,4,2,1,3,1,32,1,52011
2006,8,,1,20,1.41,1.41,0,0,0,0,1,1,2,1,2,1,32,1,52011
2006,8,,2,18,1.19,1.19,0,0,0,0,1,1,2,1,7,1,56,1,53028
2006,8,,5,20,1.1,0,1.1,0,0,0,1,14,2,1,8,1,40,1,52021
2006,8,,7,9,1,1,0,0,0,0,1,2,1,1,6,2,28,1,57081
2006,8,,2,18,1,1,0,0,0,0,1,4,1,1,4,2,49,1,57081
2006,8,,6,20,1,0,0,1,0,1,1,1,2,1,7,2,23,1,56051
2006,8,,5,16,1.26,1.26,0,0,0,0,1,2,2,1,4,2,28,1,62022
2006,8,,6,14,1,1,0,0,0,0,1,1,1,1,3,2,28,1,61019
2006,8,,4,16,0,0,0,0,0,0,1,7,1,1,3,2,22,1,62060
2006,8,,6,7,0,0,0,0,0,0,1,1,2,2,4,1,19,1,62063
2006,8,,4,14,0,0,0,0,0,0,1,1,2,1,3,2,26,1,71016
2006,8,,1,15,1.09,1.09,0,0,0,0,1,16,2,1,4,2,28,1,71016
2006,8,,6,11,1.12,1.12,0,0,0,0,1,1,2,1,4,2,31,1,71066
2006,8,,1,17,1.09,1.09,0,0,0,0,1,1,2,1,3,2,32,1,71047
2006,8,,6,21,1.12,1.12,0,0,0,0,1,14,2,1,4,1,43,1,72018
2006,8,,1,17,1.24,1.24,0,0,0,0,1,16,2,1,4,2,16,1,73042