year,month,monthDay,weekDay,hour,numVictims,numSlightlyInjured,numSeverelyInjured,numMortallyInjured,numDiedWithin24Hours,numDiedWithin30Days,victimType,roadUserType,roadType,lightConditions,collisionType,areaType,age,sex,municipality
2006,8,,3,6,1.08,1.08,0,0,0,0,1,1,2,2,4,1,57,2,81004
2006,8,,6,6,0,0,0,0,0,0,1,1,2,4,8,2,19,1,85011
2006,8,,2,13,1,1,0,0,0,0,1,2,2,1,4,2,53,2,83034
2006,8,,6,11,1.14,1.14,0,0,0,0,1,18,2,1,2,2,54,1,92094
2006,8,,1,20,0,0,0,0,0,0,1,1,2,1,4,2,32,1,93056
2006,8,,3,17,0,0,0,0,0,0,1,1,2,1,3,2,23,1,61080
2006,8,,5,12,1.15,1.15,0,0,0,0,2,1,2,1,4,2,28,2,57095
2006,8,,5,21,1.22,1.22,0,0,0,0,1,1,2,2,7,2,31,1,37020
2006,8,,5,9,1,1,0,0,0,0,1,1,1,1,7,2,33,1,71070
2006,8,,4,8,1.16,1.16,0,0,0,0,1,1,2,1,4,2,23,1,93090
2006,8,,3,19,0,0,0,0,0,0,1,1,2,1,7,2,27,1,92137
2006,8,,3,12,0,0,0,0,0,0,1,2,1,1,3,2,57,1,23047
2006,8,,3,5,1.2,1.2,0,0,0,0,1,14,2,3,6,1,50,1,23045
2006,8,,3,17,1.38,1.38,0,0,0,0,1,1,2,1,4,1,,,23088
2006,8,,4,9,0,0,0,0,0,0,1,1,2,1,4,2,29,2,24062
2006,8,,5,20,1.22,1.22,0,0,0,0,1,1,2,1,4,1,81,1,24045
2006,8,,1,17,0,0,0,0,0,0,1,1,2,1,4,2,30,1,24062
2006,8,,3,10,1,1,0,0,0,0,1,4,1,1,7,2,23,1,25015
2006,8,,4,18,1.14,0,1.14,0,0,0,1,2,2,1,7,2,27,1,25072
2006,8,,3,9,1.27,1.27,0,0,0,0,1,18,2,1,,1,40,2,13040
2006,8,,1,11,1.25,1.25,0,0,0,0,2,1,2,1,8,2,18,1,13037
2006,8,,2,19,1.3,1.3,0,0,0,0,2,2,2,1,3,1,42,2,21001
2006,8,,4,15,1.2,1.2,0,0,0,0,2,16,2,1,4,1,17,1,13049
2006,8,,3,19,0,0,0,0,0,0,1,1,2,1,5,1,45,1,21004
2006,8,,4,18,0,0,0,0,0,0,1,1,2,1,3,1,42,1,21004
2006,8,,4,9,0,0,0,0,0,0,1,2,2,1,3,1,48,1,21009
2006,8,,1,19,0,0,0,0,0,0,1,1,2,1,3,1,41,2,21016
2006,8,,1,17,0,0,0,0,0,0,1,1,2,1,4,1,49,2,21015
2006,8,,3,11,1.26,1.26,0,0,0,0,1,18,2,1,4,1,49,1,31005
2006,8,,5,18,1.26,1.26,0,0,0,0,1,1,2,1,2,1,22,1,31005
2006,8,,7,13,1.28,1.28,0,0,0,0,2,1,2,1,4,1,19,1,11002
2006,8,,2,2,1,0,1,0,0,0,2,1,1,3,7,2,,,11002
2006,8,,3,22,1,1,0,0,0,0,1,1,1,2,7,2,21,2,11002
2006,8,,3,8,1.28,1.28,0,0,0,0,1,18,2,1,2,1,73,2,11002
2006,8,,3,17,1,0,0,0,1,1,1,22,2,1,5,2,49,2,11009
2006,8,,5,1,1,1,0,0,0,0,1,4,1,3,8,2,26,1,11024
2006,8,,7,18,0,0,0,0,0,0,1,2,2,1,3,1,24,2,11023
2006,8,,3,12,0,0,0,0,0,0,1,2,2,1,3,1,45,1,11044
2006,8,,4,12,0,0,0,0,0,0,1,4,2,1,4,1,26,1,11002
2006,9,,4,17,0,0,0,0,0,0,1,1,1,1,4,2,58,1,11002
2006,9,,3,0,1,1,0,0,0,0,1,2,1,3,3,2,51,1,11002
2006,9,,1,18,1.25,1.25,0,0,0,0,1,1,2,1,1,2,41,2,11001
2006,9,,7,19,1.28,1.28,0,0,0,0,2,1,2,1,2,1,30,2,11002
2006,9,,1,18,1.16,0,1.16,0,0,0,1,18,2,1,4,1,24,2,12014
2006,9,,2,13,1.43,1.43,0,0,0,0,1,2,2,1,2,1,44,1,11056
2006,9,,7,16,1.11,0,1.11,0,0,0,2,1,2,1,2,2,70,2,11054
2006,9,,3,9,1.23,1.23,0,0,0,0,1,18,2,1,4,1,6,2,11053
2006,9,,2,13,1.2,1.2,0,0,0,0,1,6,2,1,7,2,60,1,11050
2006,9,,5,16,1.25,1.25,0,0,0,0,1,1,2,1,4,1,72,2,11013
2006,9,,4,16,0,0,0,0,0,0,1,1,2,1,4,1,43,2,11023
2006,9,,1,19,0,0,0,0,0,0,1,1,2,1,3,1,21,2,11002
2006,9,,3,13,1.28,1.28,0,0,0,0,1,22,2,1,5,1,13,2,11002
2006,9,,6,15,0,0,0,0,0,0,1,1,2,1,4,1,38,2,31005
2006,9,,6,9,1.26,1.26,0,0,0,0,1,2,2,1,4,1,53,1,31005
2006,9,,1,8,1.3,1.3,0,0,0,0,1,1,2,1,4,1,37,1,21018
2006,9,,5,13,1,0,0,0,1,1,1,,2,1,,,1,1,21015
2006,9,,6,13,0,0,0,0,0,0,1,4,2,1,,1,,,21004
2006,9,,1,11,1.83,1.83,0,0,0,0,1,1,2,1,4,1,50,2,21004
2006,9,,7,1,1.83,1.83,0,0,0,0,2,1,2,3,3,1,25,2,21004
2006,9,,7,14,1.25,1.25,0,0,0,0,2,2,2,1,2,2,6,1,13014
2006,9,,3,9,0,0,0,0,0,0,1,7,2,,3,2,29,1,13006
2006,9,,5,8,0,0,0,0,0,0,1,4,2,1,4,2,74,1,12029
2006,9,,7,15,1,1,0,0,0,0,2,1,1,1,7,2,0,1,25072
2006,9,,1,14,1.14,1.14,0,0,0,0,1,22,2,1,5,1,78,2,25072
2006,9,,5,11,1.12,1.12,0,0,0,0,1,18,2,1,2,1,42,1,24094
2006,9,,3,19,1.07,1.07,0,0,0,0,1,1,2,1,3,2,19,1,24048
2006,9,,3,10,1.16,1.16,0,0,0,0,1,22,2,1,5,1,20,1,24062
2006,9,,6,12,0,0,0,0,0,0,1,4,2,1,3,2,48,1,23077
2006,9,,6,22,1,1,0,0,0,0,2,1,2,3,5,1,19,1,23088
2006,9,,7,12,0,0,0,0,0,0,1,2,2,1,3,1,20,1,23045
2006,9,,2,13,1.1,0,1.1,0,0,0,1,15,2,1,4,1,30,1,92137
2006,9,,5,19,0,0,0,0,0,0,1,4,2,1,4,1,23,1,84077
2006,9,,5,8,1.19,1.19,0,0,0,0,1,1,2,1,,2,43,2,82037
2006,9,,3,17,1.12,1.12,0,0,0,0,1,14,2,1,4,2,31,1,72040
2006,9,,6,13,1.15,1.15,0,0,0,0,1,14,2,1,2,2,54,1,63089
2006,9,,6,0,1.2,1.2,0,0,0,0,1,1,2,3,4,2,20,2,71070
2006,9,,3,14,0,0,0,0,0,0,1,1,2,1,4,2,,1,51065
2006,9,,2,6,1,1,0,0,0,0,1,1,2,3,3,2,23,1,41082
2006,9,,3,16,1.17,1.17,0,0,0,0,2,2,2,1,4,1,7,1,41082
2006,9,,7,18,1.04,1.04,0,0,0,0,1,14,2,1,2,2,48,1,93088
2006,9,,1,21,1.12,1.12,0,0,0,0,2,2,2,2,4,1,21,2,84075
2006,9,,3,9,1,1,0,0,0,0,1,1,2,1,3,2,37,1,81015
2006,9,,7,22,1.05,1.05,0,0,0,0,1,2,2,3,6,1,45,1,81001
2006,9,,7,16,0,0,0,0,0,0,1,1,2,1,,2,79,1,72003
2006,9,,6,13,1.14,0,1.14,0,0,0,1,22,2,1,5,1,31,2,71034
2006,9,,6,7,1.15,1.15,0,0,0,0,1,1,2,3,3,2,29,2,71053
2006,9,,7,19,0,0,0,0,0,0,1,1,2,1,3,2,25,1,71004
2006,9,,6,14,0,0,0,0,0,0,1,1,2,1,3,2,70,1,64015
2006,9,,6,14,1.18,1.18,0,0,0,0,2,1,2,1,3,2,20,2,63061
2006,9,,1,17,0,0,0,0,0,0,1,1,2,1,3,1,39,1,62099
2006,9,,6,18,1.19,1.19,0,0,0,0,1,22,2,1,8,1,31,2,62063
2006,9,,1,14,1,1,0,0,0,0,2,1,1,1,3,2,26,2,61068
2006,9,,4,13,0,0,0,0,0,0,1,1,2,1,3,1,24,1,56078
2006,9,,7,18,1.08,1.08,0,0,0,0,1,22,2,1,5,1,84,1,57081
2006,9,,2,19,0,0,0,0,0,0,1,2,2,1,7,1,36,2,57064
2006,9,,6,19,1.17,1.17,0,0,0,0,1,1,2,1,2,1,54,1,55004
2006,9,,1,17,1,0,0,0,1,1,1,4,1,1,4,2,39,1,53065
2006,9,,6,21,1.25,1.25,0,0,0,0,1,1,2,3,3,1,22,2,52018
2006,9,,1,12,0,0,0,0,0,0,1,6,2,1,2,1,46,1,52011
2006,9,,4,20,0,0,0,0,0,0,1,1,2,2,5,1,27,2,52012
2006,9,,2,0,2.24,2.24,0,0,0,0,1,1,2,3,3,1,26,1,46020
2006,9,,2,5,1.17,1.17,0,0,0,0,2,1,2,3,4,1,19,1,44021
2006,9,,4,9,0,0,0,0,0,0,1,1,2,1,4,1,41,2,44021
2006,9,,4,15,0,0,0,0,0,0,1,10,2,1,4,1,56,1,44019
2006,9,,6,1,1.22,0,1.22,0,0,0,1,14,2,3,2,1,32,1,43005
2006,9,,2,10,0,0,0,0,0,0,1,1,2,1,3,1,43,2,42006
2006,9,,3,20,0,0,0,0,0,0,1,1,2,1,4,1,24,1,41081
2006,9,,5,15,0,0,0,0,0,0,1,23,2,1,4,1,,,41024
2006,9,,7,10,1.22,1.22,0,0,0,0,1,18,2,1,3,2,60,1,37015
2006,9,,3,20,0,0,0,0,0,0,1,1,2,1,3,1,24,2,34041
2006,9,,4,11,1.1,1.1,0,0,0,0,1,22,2,1,5,1,72,1,35011
2006,9,,6,1,0,0,0,0,0,0,1,1,2,3,4,2,26,1,34027
2006,9,,4,17,1.09,0,1.09,0,0,0,1,1,2,1,7,2,30,1,32003
2006,9,,1,3,1,0,0,0,1,1,1,2,2,4,2,2,37,2,32003
2006,10,,6,11,1,1,0,0,0,0,1,13,1,1,,2,46,1,31022
2006,10,,7,11,0,0,0,0,0,0,1,4,2,1,5,1,28,1,31012
2006,10,,2,18,0,0,0,0,0,0,1,1,2,1,4,1,46,2,34003
2006,10,,5,17,0,0,0,0,0,0,1,1,2,1,4,1,26,1,34022
2006,10,,3,13,0,0,0,0,0,0,1,4,2,1,4,1,36,1,34022
2006,10,,3,9,0,0,0,0,0,0,1,1,2,2,4,1,42,1,34022
2006,10,,7,22,1.05,1.05,0,0,0,0,1,1,2,3,7,1,17,1,41002
2006,10,,2,11,0,0,0,0,0,0,1,6,2,1,4,1,50,1,38014
2006,10,,2,21,1.05,1.05,0,0,0,0,1,18,2,3,,1,16,1,41002
2006,10,,2,7,1.05,1.05,0,0,0,0,1,2,2,2,2,1,37,2,41002
2006,10,,2,18,0,0,0,0,0,0,1,1,2,1,2,2,44,1,42008
2006,10,,5,17,1.22,1.22,0,0,0,0,1,18,2,1,8,1,11,1,42008
2006,10,,3,18,0,0,0,0,0,0,1,1,2,1,2,2,19,1,44001
2006,10,,5,8,0,0,0,0,0,0,1,1,2,1,3,1,22,1,44021
2006,10,,5,8,1.17,1.17,0,0,0,0,1,16,2,1,3,1,18,2,44021
2006,10,,4,8,0,0,0,0,0,0,1,7,2,3,4,2,51,1,44021
2006,10,,5,14,0,0,0,0,0,0,1,4,2,1,4,2,48,1,44021
2006,10,,5,18,0,0,0,0,0,0,1,1,2,1,2,2,47,1,44021
2006,10,,4,8,0,0,0,0,0,0,1,2,2,1,4,1,38,2,44021
2006,10,,7,2,0,0,0,0,0,0,1,2,2,3,3,1,42,1,44040
2006,10,,5,14,0,0,0,0,0,0,1,1,2,1,4,1,,,44021
2006,10,,3,17,1.22,1.22,0,0,0,0,1,2,2,1,3,2,30,2,45035
2006,10,,2,17,1.15,1.15,0,0,0,0,1,12,2,1,4,2,50,2,44081
2006,10,,2,21,1.38,1.38,0,0,0,0,1,1,2,3,3,2,21,1,46021
2006,10,,2,12,0,0,0,0,0,0,1,1,2,1,4,2,34,1,51009
2006,10,,1,12,1.06,0,1.06,0,0,0,1,4,2,1,3,2,35,1,51008
2006,10,,6,18,0,0,0,0,0,0,1,1,2,1,4,1,,,52012
2006,10,,6,5,1.1,1.1,0,0,0,0,2,1,2,3,7,2,25,1,53053
2006,10,,6,17,0,0,0,0,0,0,1,1,2,1,2,2,53,1,55023
2006,10,,1,8,1.17,0,1.17,0,0,0,1,15,2,2,2,2,16,1,54007
2006,10,,6,18,0,0,0,0,0,0,1,1,2,1,3,1,36,2,55022
2006,10,,1,16,1.1,1.1,0,0,0,0,1,16,2,1,4,1,32,2,55022
2006,10,,1,2,1.08,0,1.08,0,0,0,1,1,2,4,7,2,46,1,57081
2006,10,,5,0,1.08,0,1.08,0,0,0,1,15,2,3,8,1,17,1,57072
2006,10,,7,19,1.15,1.15,0,0,0,0,1,1,2,1,2,2,19,1,57018
2006,10,,5,8,0,0,0,0,0,0,1,2,1,4,3,2,50,1,62009
2006,10,,4,12,0,0,0,0,0,0,1,1,2,1,2,1,44,1,62009
2006,10,,1,16,1.19,1.19,0,0,0,0,1,1,2,1,3,1,25,1,62063
2006,10,,5,18,0,0,0,0,0,0,1,1,2,1,4,1,38,1,62063
2006,10,,6,18,1,1,0,0,0,0,1,4,1,1,7,2,37,1,62063
2006,10,,2,19,1.26,1.26,0,0,0,0,1,14,2,2,8,1,33,1,62100
2006,10,,5,14,1.17,1.17,0,0,0,0,2,1,2,1,3,1,65,2,62118
2006,10,,4,18,1.15,1.15,0,0,0,0,2,1,2,1,7,1,42,2,63079
2006,10,,1,10,1,0,0,0,1,1,1,9,2,1,3,2,43,1,71002
2006,10,,3,16,1.12,1.12,0,0,0,0,2,1,2,1,3,2,28,2,71011
2006,10,,6,12,1.1,1.1,0,0,0,0,1,1,2,1,4,2,58,2,64015
2006,10,,3,10,1.15,1.15,0,0,0,0,1,14,2,1,2,1,30,1,71057
2006,10,,7,20,1.15,1.15,0,0,0,0,2,1,2,4,2,2,34,2,71057
2006,10,,1,16,0,0,0,0,0,0,1,14,2,1,3,1,50,1,71053
2006,10,,4,5,0,0,0,0,0,0,1,1,2,3,4,2,28,1,72021
2006,10,,5,17,0,0,0,0,0,0,1,2,2,1,,1,70,1,73006
2006,10,,5,13,1.13,1.13,0,0,0,0,1,2,2,1,3,1,22,1,73006
2006,10,,3,14,0,0,0,0,0,0,1,6,2,1,1,1,40,1,81001
2006,10,,6,8,0,0,0,0,0,0,1,1,2,2,4,2,35,1,84009
2006,10,,7,17,0,0,0,0,0,0,1,1,2,1,4,2,29,1,91005
2006,10,,7,2,1.14,1.14,0,0,0,0,1,1,2,3,7,1,28,1,92094
2006,10,,2,18,1.22,1.22,0,0,0,0,1,1,2,2,3,2,28,2,37020
2006,10,,3,14,1.2,1.2,0,0,0,0,1,1,2,1,3,2,47,2,71070
2006,10,,2,14,1.2,1.2,0,0,0,0,1,1,2,1,4,2,20,2,71070
2006,10,,4,10,1.1,1.1,0,0,0,0,1,2,2,1,3,1,51,2,23003
2006,10,,2,20,0,0,0,0,0,0,1,1,1,1,4,2,44,2,23003
2006,10,,7,15,1.1,1.1,0,0,0,0,2,2,2,1,3,1,75,2,23003
2006,10,,4,8,1.16,1.16,0,0,0,0,1,22,2,2,5,1,14,2,93090
2006,10,,7,18,1,1,0,0,0,0,1,14,1,1,6,2,53,1,92141
2006,10,,6,15,1.1,1.1,0,0,0,0,1,13,2,1,4,1,46,1,92137
2006,10,,2,15,1.3,1.3,0,0,0,0,1,15,2,1,8,1,18,2,23086
2006,10,,2,16,1,1,0,0,0,0,1,2,1,1,2,2,24,1,23094
2006,10,,4,18,0,0,0,0,0,0,1,1,2,1,,2,28,1,23103
2006,10,,6,7,0,0,0,0,0,0,1,1,2,3,4,1,47,1,24062
2006,10,,5,17,0,0,0,0,0,0,1,1,2,1,3,2,31,1,24038
2006,10,,1,19,1,1,0,0,0,0,1,4,1,2,,2,56,1,24062
2006,10,,2,14,1.09,1.09,0,0,0,0,1,1,2,1,7,2,49,2,25014
2006,10,,5,18,1,1,0,0,0,0,1,5,1,1,4,2,62,1,25084
2006,10,,7,21,0,0,0,0,0,0,1,2,2,3,4,1,61,2,25105
2006,10,,7,15,0,0,0,0,0,0,1,1,2,1,4,2,24,1,12030
2006,10,,2,19,1.17,1.17,0,0,0,0,1,1,2,3,3,2,25,1,12030
2006,10,,5,12,0,0,0,0,0,0,1,1,2,1,4,1,72,2,13008
2006,10,,7,18,1.19,1.19,0,0,0,0,1,15,2,1,4,1,48,1,13025
2006,10,,7,13,1.33,0,1.33,0,0,0,2,1,2,1,4,2,3,1,13029
2006,10,,7,0,1,0,1,0,0,0,1,2,1,1,3,2,,1,13019
2006,10,,6,19,1.3,1.3,0,0,0,0,1,13,2,1,2,1,31,1,21001
2006,10,,2,10,1.3,1.3,0,0,0,0,1,1,2,1,4,1,31,1,21005
2006,10,,5,18,1.83,1.83,0,0,0,0,2,16,2,1,3,1,15,2,21004
2006,10,,2,8,1.83,1.83,0,0,0,0,1,18,2,1,4,1,13,1,21004
2006,10,,2,19,1.26,0,1.26,0,0,0,1,22,2,1,5,1,41,1,21012
2006,10,,3,20,1.26,1.26,0,0,0,0,1,18,2,3,2,1,24,1,21011
2006,10,,1,6,1.3,1.3,0,0,0,0,1,1,2,3,4,1,24,1,21013
2006,10,,6,18,1.14,0,1.14,0,0,0,1,1,2,1,7,1,17,1,21017
2006,10,,3,8,0,0,0,0,0,0,1,1,2,3,3,1,51,1,21019
2006,10,,5,18,0,0,0,0,0,0,1,1,2,1,2,1,38,1,21015
2006,10,,7,23,0,0,0,0,0,0,1,1,2,3,4,1,26,1,21018
2006,10,,3,18,1.26,1.26,0,0,0,0,1,18,2,1,4,1,7,1,31005
2006,10,,1,10,1.26,1.26,0,0,0,0,1,1,2,1,3,1,27,2,31005
2006,10,,7,15,1.26,1.26,0,0,0,0,2,1,2,1,4,1,80,2,31005
2006,10,,1,14,1.28,1.28,0,0,0,0,1,18,2,1,4,1,12,1,11002
2006,10,,1,15,1.28,1.28,0,0,0,0,1,18,2,1,4,1,80,1,11040
2006,10,,1,19,0,0,0,0,0,0,1,1,2,2,4,1,52,2,11037
2006,10,,1,8,0,0,0,0,0,0,1,1,2,3,4,2,42,1,11040
2006,10,,1,16,0,0,0,0,0,0,1,3,2,1,7,2,30,1,11037
2006,10,,5,12,0,0,0,0,0,0,1,1,2,1,3,2,55,2,12005
2006,10,,5,13,1.28,1.28,0,0,0,0,1,1,2,1,3,1,31,2,11002
2006,10,,1,18,0,0,0,0,0,0,1,10,2,2,2,1,25,1,11002
2006,10,,2,10,0,0,0,0,0,0,1,7,1,1,3,2,25,1,11002
2006,10,,7,13,1.28,1.28,0,0,0,0,1,22,2,1,5,1,46,1,11002
2006,10,,5,14,0,0,0,0,0,0,1,1,2,1,4,1,46,1,11002
2006,10,,7,1,0,0,0,0,0,0,1,1,2,3,4,1,38,1,11002
2006,10,,7,14,0,0,0,0,0,0,1,2,2,1,4,1,40,1,11002
2006,11,,2,14,1.28,1.28,0,0,0,0,1,18,2,1,4,1,70,2,11002
2006,11,,5,22,1.28,1.28,0,0,0,0,1,1,2,3,2,2,39,1,11002
2006,11,,7,14,0,0,0,0,0,0,1,1,1,1,8,2,27,1,11002
2006,11,,4,13,0,0,0,0,0,0,1,1,2,1,3,2,35,1,12007
2006,11,,7,10,1.17,0,1.17,0,0,0,2,1,2,1,4,2,25,1,12007
2006,11,,4,17,1.2,1.2,0,0,0,0,1,14,2,1,3,2,45,1,12021
2006,11,,2,10,0,0,0,0,0,0,1,7,1,1,4,2,43,1,11037
2006,11,,3,8,1.23,1.23,0,0,0,0,1,13,2,4,6,2,24,1,11022
2006,11,,6,14,0,0,0,0,0,0,1,1,2,1,5,1,47,1,11029
2006,11,,6,5,1.2,1.2,0,0,0,0,1,18,2,3,7,2,22,1,11004
2006,11,,7,1,0,0,0,0,0,0,1,1,2,3,5,1,,,11002
2006,11,,7,14,1,0,1,0,0,0,2,1,1,1,8,2,,,11002
2006,11,,1,14,1.26,1.26,0,0,0,0,1,22,2,1,5,1,56,1,31005
2006,11,,6,15,1.16,1.16,0,0,0,0,1,1,2,1,2,1,38,2,31003
2006,11,,5,22,1.3,1.3,0,0,0,0,1,1,2,3,3,1,40,2,21019
2006,11,,1,19,0,0,0,0,0,0,1,11,2,3,5,1,49,1,21010
2006,11,,1,23,1.3,1.3,0,0,0,0,1,22,2,3,5,1,13,1,21013
2006,11,,4,18,0,0,0,0,0,0,1,1,2,3,3,1,27,2,21012
2006,11,,3,19,1.3,1.3,0,0,0,0,1,16,2,3,3,1,16,1,21005
2006,11,,7,5,1.14,1.14,0,0,0,0,1,1,2,3,6,1,25,2,21002
2006,11,,1,18,1.26,1.26,0,0,0,0,1,2,2,3,4,1,46,2,21003
2006,11,,1,0,1.26,0,1.26,0,0,0,1,1,2,4,7,2,18,1,13021
2006,11,,4,19,0,0,0,0,0,0,1,2,2,3,3,1,49,1,13029
2006,11,,3,15,1.33,1.33,0,0,0,0,3,,2,1,6,2,46,1,13029
2006,11,,5,12,1.26,1.26,0,0,0,0,1,2,2,1,7,2,29,2,13008
2006,11,,4,14,1,1,0,0,0,0,1,1,1,1,3,,36,1,13019
2006,11,,3,8,1.09,1.09,0,0,0,0,1,1,2,2,7,2,24,1,25037
2006,11,,5,13,1.15,1.15,0,0,0,0,1,2,2,1,4,1,33,1,24107
2006,11,,2,9,1.11,1.11,0,0,0,0,1,1,2,1,3,2,54,2,24001
2006,11,,4,14,0,0,0,0,0,0,1,1,2,1,8,1,70,1,23088
2006,11,,2,9,1.11,1.11,0,0,0,0,1,18,2,,4,1,19,1,23094
2006,11,,5,16,0,0,0,0,0,0,1,1,2,1,4,1,33,2,23025
2006,11,,2,22,1.09,1.09,0,0,0,0,1,18,2,3,2,2,50,1,23023
2006,11,,1,5,1.09,1.09,0,0,0,0,1,1,2,3,2,2,33,1,23027
2006,11,,7,23,1.09,1.09,0,0,0,0,1,1,2,3,6,1,44,2,23024
2006,11,,5,14,1.13,1.13,0,0,0,0,1,22,2,1,5,1,66,2,92142
2006,11,,6,21,0,0,0,0,0,0,1,4,2,3,4,2,62,1,45064
2006,11,,2,20,0,0,0,0,0,0,1,1,2,3,4,1,70,1,93088
2006,11,,5,21,1,1,0,0,0,0,2,1,1,3,8,2,51,1,92094
2006,11,,7,18,1.19,1.19,0,0,0,0,1,1,2,3,7,1,40,2,83034
2006,11,,5,18,1.12,1.12,0,0,0,0,1,4,2,2,4,2,36,1,84068
2006,11,,1,17,1.13,1.13,0,0,0,0,2,2,2,1,7,2,10,1,73066
2006,11,,5,18,0,0,0,0,0,0,1,1,2,3,3,2,64,1,73042
2006,11,,4,14,1.11,1.11,0,0,0,0,1,1,2,1,1,2,26,2,73107
2006,11,,2,9,1.13,1.13,0,0,0,0,1,18,2,1,4,2,15,1,73006
2006,11,,3,11,0,0,0,0,0,0,1,1,2,1,3,2,30,1,72029
2006,11,,3,15,1.12,1.12,0,0,0,0,1,15,2,1,2,1,22,1,71022
2006,11,,1,18,1.09,1.09,0,0,0,0,1,22,2,3,5,2,78,2,71016
2006,11,,5,17,0,0,0,0,0,0,1,1,2,2,4,1,49,2,71016
2006,11,,5,6,1.15,0,1.15,0,0,0,1,18,2,3,4,2,42,1,71004
2006,11,,1,18,0,0,0,0,0,0,1,1,2,2,4,2,43,1,71004
2006,11,,2,18,1.18,1.18,0,0,0,0,1,1,2,4,3,2,59,2,63023
2006,11,,5,16,0,0,0,0,0,0,1,1,2,1,5,1,25,2,63079
2006,11,,5,4,0,0,0,0,0,0,1,1,2,3,3,1,40,2,62051
2006,11,,4,15,1.1,1.1,0,0,0,0,1,1,2,1,4,1,23,1,62003
2006,11,,5,19,1.1,1.1,0,0,0,0,1,22,2,1,5,1,11,1,55022
2006,11,,4,1,1.05,1.05,0,0,0,0,1,1,2,3,7,1,34,1,51019
2006,11,,4,13,1.41,1.41,0,0,0,0,1,18,2,1,4,1,59,1,52011
2006,11,,5,20,1.21,1.21,0,0,0,0,2,1,2,3,3,2,44,1,46025
2006,11,,6,15,1.12,1.12,0,0,0,0,2,1,2,1,3,1,14,1,46024
2006,11,,1,18,0,0,0,0,0,0,1,1,2,3,4,2,72,1,46014
2006,11,,6,19,1.25,1.25,0,0,0,0,1,18,2,3,4,1,16,2,46003
2006,11,,3,21,0,0,0,0,0,0,1,,1,3,3,2,,,44021
2006,11,,6,12,0,0,0,0,0,0,1,1,2,1,3,1,43,1,44034
2006,11,,5,11,1,1,0,0,0,0,1,4,1,1,7,2,51,1,44021
2006,11,,2,17,1.17,1.17,0,0,0,0,1,1,2,1,4,1,80,1,44021
2006,11,,4,14,1.17,1.17,0,0,0,0,1,4,2,1,4,2,29,1,44021
2006,11,,5,19,0,0,0,0,0,0,1,1,2,3,4,1,27,2,44021
2006,11,,6,14,1.17,1.17,0,0,0,0,1,15,2,1,4,1,24,1,44021
2006,11,,4,1,1.17,1.17,0,0,0,0,1,1,2,3,7,1,22,2,44021
2006,11,,4,15,0,0,0,0,0,0,1,1,2,1,4,2,78,1,42006
2006,11,,3,19,1,0,1,0,0,0,2,1,1,3,1,2,,,42025
2006,11,,4,19,0,0,0,0,0,0,1,6,2,3,4,2,31,1,41034
2006,11,,7,23,1.15,1.15,0,0,0,0,1,1,2,3,4,1,42,1,41024
2006,11,,4,18,1.15,1.15,0,0,0,0,1,1,2,3,3,2,23,2,41024
2006,11,,4,13,0,0,0,0,0,0,1,4,2,1,4,2,27,1,37017
2006,11,,3,18,1.16,1.16,0,0,0,0,1,16,2,4,6,1,17,1,38016
2006,11,,1,7,0,0,0,0,0,0,1,1,2,3,4,1,19,1,36015
2006,11,,4,11,0,0,0,0,0,0,1,1,2,1,7,2,31,1,34040
2006,11,,1,17,0,0,0,0,0,0,1,1,2,3,2,1,53,1,34022
2006,11,,4,5,0,0,0,0,0,0,1,2,2,3,4,1,28,2,34027
2006,11,,6,3,1.12,1.12,0,0,0,0,1,4,2,3,7,1,20,1,33011
2006,11,,4,9,1.09,1.09,0,0,0,0,1,24,2,1,4,2,16,1,32011
2006,11,,6,10,1.11,1.11,0,0,0,0,1,18,2,1,4,2,52,1,31012
2006,11,,6,16,0,0,0,0,0,0,1,1,2,1,7,2,22,1,31033
2006,11,,6,22,1.16,1.16,0,0,0,0,1,2,2,3,4,1,58,1,31022
2006,12,,7,18,1.11,0,1.11,0,0,0,2,1,2,3,2,2,7,1,31033
2006,12,,3,18,1.13,1.13,0,0,0,0,1,4,2,3,2,2,42,1,31043
2006,12,,5,13,1.16,1.16,0,0,0,0,1,15,2,1,4,1,22,2,31022
2006,12,,5,18,1.09,1.09,0,0,0,0,1,1,2,3,3,2,57,2,32006
2006,12,,1,8,2.32,0,2.32,0,0,0,1,18,2,3,4,2,14,1,34025
2006,12,,4,22,0,0,0,0,0,0,1,1,2,3,4,1,19,1,34022
2006,12,,2,20,1.21,1.21,0,0,0,0,1,4,2,4,3,1,31,1,35013
2006,12,,7,14,0,0,0,0,0,0,1,1,2,1,7,1,25,1,36015
2006,12,,6,15,1.17,1.17,0,0,0,0,1,1,2,1,3,2,22,1,41034
2006,12,,7,17,0,0,0,0,0,0,1,1,2,2,4,2,,,43018