year,month,monthDay,weekDay,hour,numVictims,numSlightlyInjured,numSeverelyInjured,numMortallyInjured,numDiedWithin24Hours,numDiedWithin30Days,victimType,roadUserType,roadType,lightConditions,collisionType,areaType,age,sex,municipality
2006,12,,1,13,0,0,0,0,0,0,1,1,2,1,5,1,21,1,44021
2006,12,,7,16,0,0,0,0,0,0,1,1,2,1,,1,54,1,44021
2006,12,,4,8,1.17,0,1.17,0,0,0,1,22,2,3,5,1,14,1,44021
2006,12,,5,14,0,0,0,0,0,0,1,1,2,1,4,2,20,1,45017
2006,12,,7,16,0,0,0,0,0,0,1,,2,1,4,1,,,46021
2006,12,,3,18,0,0,0,0,0,0,1,2,2,3,3,2,39,1,51017
2006,12,,2,8,1.41,1.41,0,0,0,0,1,1,2,1,4,1,20,1,52011
2006,12,,5,13,0,0,0,0,0,0,1,2,2,1,4,1,26,1,52011
2006,12,,2,10,1,1,0,0,0,0,1,1,1,1,4,2,38,2,55022
2006,12,,5,8,1,1,0,0,0,0,1,6,1,3,7,2,31,1,53070
2006,12,,4,16,1.15,1.15,0,0,0,0,1,15,2,1,2,2,40,2,57027
2006,12,,4,7,1.17,1.17,0,0,0,0,1,1,2,3,3,2,29,1,62006
2006,12,,7,23,0,0,0,0,0,0,1,1,2,3,4,1,47,1,62096
2006,12,,2,17,0,0,0,0,0,0,1,1,2,3,3,1,40,1,63023
2006,12,,6,16,1.09,1.09,0,0,0,0,1,1,2,1,4,2,48,1,71016
2006,12,,3,17,1.26,1.26,0,0,0,0,2,1,2,3,2,2,2,1,72021
2006,12,,3,17,0,0,0,0,0,0,1,2,2,4,2,2,34,,91141
2006,12,,5,15,1.07,1.07,0,0,0,0,1,1,2,1,7,1,53,1,92101
2006,12,,6,14,1.16,1.16,0,0,0,0,1,1,2,1,7,1,37,2,93014
2006,12,,5,13,1,0,1,0,0,0,1,1,1,1,3,2,63,1,55035
2006,12,,6,7,1.04,1.04,0,0,0,0,2,1,2,4,6,1,22,1,93088
2006,12,,5,11,1.12,1.12,0,0,0,0,1,1,2,1,7,1,64,2,53083
2006,12,,4,0,1,0,1,0,0,0,1,4,2,3,2,2,50,1,45065
2006,12,,7,18,0,0,0,0,0,0,1,4,2,3,4,1,37,1,56085
2006,12,,2,14,1.17,1.17,0,0,0,0,1,1,2,1,2,2,47,1,41082
2006,12,,2,15,1.11,1.11,0,0,0,0,1,22,2,1,5,1,76,1,23016
2006,12,,1,6,1.2,1.2,0,0,0,0,1,4,2,3,8,2,38,1,23050
2006,12,,5,15,1,1,0,0,0,0,1,1,1,1,7,2,44,2,23047
2006,12,,7,16,1.14,1.14,0,0,0,0,1,15,2,1,4,1,20,1,24020
2006,12,,4,11,1.14,1.14,0,0,0,0,2,1,2,1,4,2,28,1,24020
2006,12,,1,7,1,1,0,0,0,0,1,1,1,3,3,2,25,1,24020
2006,12,,5,5,0,0,0,0,0,0,1,1,2,3,7,2,23,1,23101
2006,12,,4,17,0,0,0,0,0,0,1,1,2,3,4,2,17,1,23103
2006,12,,3,12,0,0,0,0,0,0,1,1,2,1,4,1,59,2,24062
2006,12,,6,20,1.16,1.16,0,0,0,0,2,1,2,3,2,1,42,2,24043
2006,12,,6,14,0,0,0,0,0,0,1,1,2,1,4,2,64,1,24107
2006,12,,2,0,1.13,1.13,0,0,0,0,2,2,2,3,2,2,18,1,24104
2006,12,,6,10,1.13,1.13,0,0,0,0,1,1,2,1,7,2,24,2,24104
2006,12,,4,11,0,0,0,0,0,0,1,4,2,1,4,1,43,1,24107
2006,12,,5,15,1.13,1.13,0,0,0,0,1,18,2,1,2,1,41,1,24104
2006,12,,5,19,0,0,0,0,0,0,1,1,2,3,3,1,54,1,24094
2006,12,,5,21,1.09,1.09,0,0,0,0,2,1,2,3,2,1,14,2,25018
2006,12,,5,18,0,0,0,0,0,0,1,1,2,3,4,1,49,1,12040
2006,12,,4,9,1.27,1.27,0,0,0,0,1,18,2,1,4,2,13,2,13046
2006,12,,4,18,1.33,1.33,0,0,0,0,1,1,2,2,3,2,44,2,13029
2006,12,,6,7,1.19,1.19,0,0,0,0,1,4,2,3,4,1,25,2,13025
2006,12,,2,13,1.27,1.27,0,0,0,0,1,18,2,1,4,1,13,2,13040
2006,12,,6,17,1,1,0,0,0,0,1,1,1,3,4,2,41,1,13049
2006,12,,3,12,0,0,0,0,0,0,1,2,2,1,3,1,80,1,21005
2006,12,,6,5,1.39,1.39,0,0,0,0,2,1,2,3,7,1,18,1,21015
2006,12,,6,5,1.14,1.14,0,0,0,0,1,1,2,3,7,1,31,1,21016
2006,12,,4,16,1.26,1.26,0,0,0,0,1,18,2,1,2,1,19,2,31005
2006,12,,2,17,0,0,0,0,0,0,1,1,2,1,4,1,77,2,31005
2006,12,,5,16,0,0,0,0,0,0,1,1,2,1,5,1,,,11002
2006,12,,7,12,1.43,1.43,0,0,0,0,1,18,2,1,4,2,45,1,11008
2006,12,,7,16,0,0,0,0,0,0,1,1,2,1,4,1,27,1,11018
2006,12,,7,2,1.18,1.18,0,0,0,0,1,1,2,3,6,2,75,1,12005
2006,12,,1,19,1.28,1.28,0,0,0,0,2,1,2,3,2,2,33,2,11002
2006,12,,3,13,1.28,1.28,0,0,0,0,2,10,2,1,3,1,46,2,11002
2006,12,,4,15,1.28,1.28,0,0,0,0,1,14,2,1,2,1,51,1,11002
2006,12,,5,12,1.28,1.28,0,0,0,0,1,2,2,1,4,1,48,2,11002
2006,12,,7,12,1.26,1.26,0,0,0,0,2,1,2,1,4,1,26,2,25121
2007,1,,4,9,1.27,1.27,0,0,0,0,1,18,2,2,2,1,57,1,11002
2007,1,,5,20,0,0,0,0,0,0,1,1,2,3,3,1,43,1,11002
2007,1,,3,17,0,0,0,0,0,0,1,2,1,1,3,2,30,1,11002
2007,1,,5,22,1.27,1.27,0,0,0,0,2,1,2,3,4,1,24,1,11002
2007,1,,6,11,0,0,0,0,0,0,1,1,2,1,4,2,80,1,11035
2007,1,,2,22,1.21,1.21,0,0,0,0,1,4,2,3,2,2,24,2,11053
2007,1,,3,18,1.22,1.22,0,0,0,0,1,22,2,3,5,1,8,1,11004
2007,1,,2,19,1.27,1.27,0,0,0,0,1,22,2,3,5,1,15,1,11002
2007,1,,3,17,1.23,1.23,0,0,0,0,1,22,2,2,5,1,59,2,21010
2007,1,,6,11,0,0,0,0,0,0,1,1,2,1,4,1,,,21009
2007,1,,6,9,1.23,1.23,0,0,0,0,1,1,2,1,7,1,20,1,21008
2007,1,,6,16,0,0,0,0,0,0,1,1,2,1,5,1,20,1,21006
2007,1,,3,22,1.32,1.32,0,0,0,0,2,1,2,3,4,1,37,2,21006
2007,1,,6,2,0,0,0,0,0,0,1,1,2,3,5,1,65,1,21004
2007,1,,4,14,1.55,1.55,0,0,0,0,1,1,2,1,3,1,33,2,21004
2007,1,,5,13,1.55,1.55,0,0,0,0,1,1,2,1,4,1,27,2,21004
2007,1,,3,21,0,0,0,0,0,0,1,4,2,3,,2,39,1,13023
2007,1,,4,19,0,0,0,0,0,0,1,2,2,3,5,1,52,2,12026
2007,1,,1,18,0,0,0,0,0,0,1,1,2,3,3,2,42,1,25068
2007,1,,6,22,1.18,1.18,0,0,0,0,1,16,2,4,3,1,16,1,25112
2007,1,,2,19,1.14,1.14,0,0,0,0,1,1,2,3,2,2,28,2,25037
2007,1,,1,15,1.13,1.13,0,0,0,0,1,1,2,1,2,1,25,1,25119
2007,1,,5,9,0,0,0,0,0,0,1,1,2,1,2,2,29,1,24028
2007,1,,1,12,0,0,0,0,0,0,1,1,2,1,5,1,51,1,24001
2007,1,,6,14,0,0,0,0,0,0,1,2,2,1,4,1,28,1,23077
2007,1,,1,18,1.1,1.1,0,0,0,0,1,2,2,2,4,2,36,1,23016
2007,1,,4,8,1.08,1.08,0,0,0,0,1,18,2,3,4,1,14,1,71070
2007,1,,2,15,1.1,1.1,0,0,0,0,1,1,2,1,4,1,33,1,71069
2007,1,,1,20,1.08,1.08,0,0,0,0,1,,2,3,7,2,19,1,92087
2007,1,,1,15,1.11,1.11,0,0,0,0,1,1,2,1,3,2,85,2,71022
2007,1,,6,20,1.12,1.12,0,0,0,0,1,1,2,3,3,1,23,1,71016
2007,1,,7,16,2.24,2.24,0,0,0,0,2,1,2,1,7,2,20,1,63038
2007,1,,6,3,1.03,1.03,0,0,0,0,1,1,2,3,7,1,21,1,63067
2007,1,,6,20,1.07,1.07,0,0,0,0,1,2,2,3,3,1,34,2,63004
2007,1,,1,13,1,1,0,0,0,0,1,4,1,1,7,2,43,1,62118
2007,1,,5,15,0,0,0,0,0,0,1,10,2,1,2,1,51,1,62063
2007,1,,2,19,0,0,0,0,0,0,1,2,2,3,7,1,52,2,62032
2007,1,,5,0,0,0,0,0,0,0,1,1,2,3,3,1,56,1,61072
2007,1,,4,19,0,0,0,0,0,0,1,1,2,2,4,1,26,1,55022
2007,1,,7,19,0,0,0,0,0,0,1,1,2,3,2,1,63,1,54007
2007,1,,4,12,0,0,0,0,0,0,1,1,2,1,5,1,68,1,53028
2007,1,,1,18,1.06,1.06,0,0,0,0,1,16,2,3,4,1,20,2,52015
2007,1,,2,11,1.28,0,1.28,0,0,0,1,22,2,1,5,1,51,1,52011
2007,1,,2,8,1.1,1.1,0,0,0,0,1,24,2,3,7,1,24,1,46025
2007,1,,4,16,1.22,1.22,0,0,0,0,1,18,2,1,4,1,17,2,46021
2007,1,,1,18,0,0,0,0,0,0,1,1,2,2,4,2,71,2,44064
2007,1,,6,18,1.09,1.09,0,0,0,0,2,1,2,1,3,2,58,2,44064
2007,1,,7,21,1.14,1.14,0,0,0,0,1,18,2,3,4,2,47,1,44052
2007,1,,5,8,1.11,1.11,0,0,0,0,1,16,2,2,5,1,17,1,44034
2007,1,,3,15,1,1,0,0,0,0,1,1,1,1,7,2,81,2,44034
2007,1,,1,11,0,0,0,0,0,0,1,10,2,1,3,2,52,1,44001
2007,1,,2,9,0,0,0,0,0,0,1,1,2,1,4,2,33,1,41002
2007,1,,2,17,1.18,1.18,0,0,0,0,1,16,2,1,4,1,16,1,41024
2007,1,,5,9,1.03,1.03,0,0,0,0,1,18,2,1,4,1,13,2,41002
2007,1,,4,16,0,0,0,0,0,0,1,2,2,1,3,1,52,1,36015
2007,1,,7,8,1,1,0,0,0,0,1,1,1,3,7,2,23,1,34022
2007,1,,3,16,1.17,1.17,0,0,0,0,1,18,2,1,3,1,33,1,34002
2007,1,,1,18,1.1,1.1,0,0,0,0,1,1,2,3,4,2,47,2,32003
2007,1,,1,23,1,1,0,0,0,0,1,2,1,3,3,2,56,2,31012
2007,2,,1,13,0,0,0,0,0,0,1,10,2,1,3,1,40,1,34022
2007,2,,1,18,1.16,1.16,0,0,0,0,1,18,2,1,4,1,14,2,34022
2007,2,,7,7,1,1,0,0,0,0,1,1,1,3,7,2,22,1,34022
2007,2,,7,17,0,0,0,0,0,0,1,1,2,1,4,1,22,1,34022
2007,2,,1,20,1.22,1.22,0,0,0,0,1,15,2,3,4,1,19,1,35013
2007,2,,3,16,1.03,1.03,0,0,0,0,1,1,2,1,1,1,70,2,41002
2007,2,,2,16,1.13,1.13,0,0,0,0,1,18,2,1,2,2,32,1,37018
2007,2,,6,17,1.14,0,1.14,0,0,0,1,14,2,1,7,2,23,1,38016
2007,2,,7,1,0,0,0,0,0,0,1,1,2,3,5,1,43,1,41002
2007,2,,6,17,1.09,1.09,0,0,0,0,1,18,2,1,4,2,48,1,41018
2007,2,,7,18,1.11,1.11,0,0,0,0,1,1,2,2,7,1,71,2,42011
2007,2,,2,12,0,0,0,0,0,0,1,7,2,1,4,1,53,1,42008
2007,2,,5,23,1.11,1.11,0,0,0,0,1,1,2,3,8,2,38,1,43018
2007,2,,5,18,0,0,0,0,0,0,1,2,2,2,3,2,36,1,42025
2007,2,,4,0,1.18,1.18,0,0,0,0,1,1,2,3,4,1,24,1,44021
2007,2,,4,9,1,1,0,0,0,0,1,1,1,2,3,2,21,1,44021
2007,2,,6,16,0,0,0,0,0,0,1,1,2,1,4,1,50,2,44021
2007,2,,4,17,0,0,0,0,0,0,1,1,2,1,4,1,39,2,44021
2007,2,,6,15,1.18,1.18,0,0,0,0,2,1,2,1,4,1,73,2,44021
2007,2,,4,20,0,0,0,0,0,0,1,1,2,3,4,1,67,1,44021
2007,2,,7,14,0,0,0,0,0,0,1,1,2,1,3,2,52,1,44048
2007,2,,5,21,1.14,1.14,0,0,0,0,1,1,2,3,7,2,30,1,45041
2007,2,,7,23,1.1,1.1,0,0,0,0,2,1,2,3,4,1,55,2,46024
2007,2,,5,9,1.1,1.1,0,0,0,0,1,18,2,1,4,2,9,1,46025
2007,2,,6,1,0,0,0,0,0,0,1,1,2,3,4,1,26,2,52011
2007,2,,2,8,0,0,0,0,0,0,1,1,1,1,3,2,39,1,53053
2007,2,,5,20,0,0,0,0,0,0,1,1,2,2,5,1,54,1,53053
2007,2,,7,12,1.12,1.12,0,0,0,0,1,13,2,1,7,1,34,1,61003
2007,2,,6,8,1.09,1.09,0,0,0,0,1,2,2,1,7,2,24,1,61048
2007,2,,5,21,1.16,1.16,0,0,0,0,1,1,2,3,2,2,46,2,62063
2007,2,,6,4,1.16,1.16,0,0,0,0,1,1,2,3,4,1,26,1,62063
2007,2,,1,15,0,0,0,0,0,0,1,4,2,1,4,1,31,1,62063
2007,2,,7,14,1.09,1.09,0,0,0,0,2,1,2,1,8,1,68,2,62118
2007,2,,6,11,1.16,1.16,0,0,0,0,2,2,2,1,2,1,28,2,64034
2007,2,,5,1,0,0,0,0,0,0,1,1,2,,7,2,19,1,71016
2007,2,,3,20,1,1,0,0,0,0,1,2,1,3,7,2,58,1,71022
2007,2,,7,19,1,0,1,0,0,0,2,1,2,1,7,2,25,1,71053
2007,2,,4,19,0,0,0,0,0,0,1,1,2,3,3,2,27,2,72030
2007,2,,5,20,0,0,0,0,0,0,1,2,2,3,4,2,33,1,72020
2007,2,,1,17,1,1,0,0,0,0,1,16,2,1,4,2,17,1,81015
2007,2,,7,3,1.22,0,1.22,0,0,0,2,1,2,3,7,2,25,1,73042
2007,2,,4,9,1.09,1.09,0,0,0,0,2,1,2,1,3,2,11,1,84043
2007,2,,3,11,1.04,1.04,0,0,0,0,1,2,2,1,4,2,25,1,91120
2007,2,,7,0,1.08,0,1.08,0,0,0,1,1,2,3,7,2,21,1,92045
2007,2,,1,22,1.12,1.12,0,0,0,0,1,1,2,4,7,1,57,1,93088
2007,2,,7,6,1,1,0,0,0,0,1,1,2,4,8,2,22,2,85046
2007,2,,5,21,1.23,0,1.23,0,0,0,1,22,2,3,5,2,16,1,72038
2007,2,,3,23,1,1,0,0,0,0,1,4,2,3,4,2,28,1,92141
2007,2,,1,8,0,0,0,0,0,0,1,1,2,1,4,1,40,2,23052
2007,2,,1,19,0,0,0,0,0,0,1,6,2,3,2,2,41,1,23060
2007,2,,1,7,1,1,0,0,0,0,1,1,1,1,3,2,26,2,23103
2007,2,,1,18,1.02,1.02,0,0,0,0,1,22,2,2,5,2,9,2,24055
2007,2,,3,20,1.11,1.11,0,0,0,0,1,1,2,3,2,2,81,1,24134
2007,2,,7,20,1.12,1.12,0,0,0,0,2,14,2,3,6,2,46,2,12034
2007,2,,6,14,0,0,0,0,0,0,1,1,2,1,4,1,21,2,13011
2007,2,,3,12,1.23,1.23,0,0,0,0,2,1,2,1,2,2,54,2,13019
2007,2,,5,8,0,0,0,0,0,0,1,1,2,2,5,1,25,1,21005
2007,2,,1,10,1.55,1.55,0,0,0,0,1,10,2,1,3,1,55,1,21004
2007,2,,1,9,1.55,1.55,0,0,0,0,1,18,2,1,3,1,43,1,21004
2007,2,,1,2,1.19,1.19,0,0,0,0,1,1,2,3,7,1,33,1,21013
2007,2,,3,13,0,0,0,0,0,0,1,1,2,1,4,1,44,2,21015
2007,2,,2,14,1.32,1.32,0,0,0,0,2,1,2,1,4,1,19,2,21015
2007,2,,1,14,1.52,1.52,0,0,0,0,1,1,2,1,2,1,48,2,21016
2007,2,,3,11,1.32,1.32,0,0,0,0,1,2,2,1,4,1,34,2,21015
2007,2,,7,4,1.52,1.52,0,0,0,0,1,1,2,3,7,1,24,1,21016
2007,2,,4,23,0,0,0,0,0,0,1,1,2,3,4,2,35,2,31005
2007,2,,3,18,0,0,0,0,0,0,1,1,2,2,4,2,21,1,31005
2007,2,,6,20,1.18,0,1.18,0,0,0,1,1,2,3,3,1,56,1,31005
2007,2,,7,3,1.22,0,1.22,0,0,0,1,14,2,3,4,1,34,1,11004
2007,2,,1,21,1.21,1.21,0,0,0,0,2,1,2,3,4,2,30,1,11053
2007,2,,6,7,1.15,1.15,0,0,0,0,1,2,2,2,2,2,42,1,11037
2007,2,,5,19,0,0,0,0,0,0,1,1,2,1,5,1,29,1,11002
2007,2,,1,17,1.27,1.27,0,0,0,0,1,18,2,1,4,1,44,2,11002
2007,2,,1,17,0,0,0,0,0,0,1,10,2,1,5,1,52,1,25121
2007,3,,2,18,0,0,0,0,0,0,1,1,1,1,3,2,52,1,11002
2007,3,,5,14,0,0,0,0,0,0,1,1,2,1,4,1,56,1,11002
2007,3,,1,19,1.19,0,1.19,0,0,0,1,18,2,1,4,1,32,2,11001
2007,3,,3,7,1.18,1.18,0,0,0,0,1,18,2,3,4,1,39,1,11055
2007,3,,7,20,1.12,1.12,0,0,0,0,1,22,2,3,5,2,8,1,11054
2007,3,,2,10,1.22,1.22,0,0,0,0,1,18,2,1,4,1,42,2,11029
2007,3,,6,2,1.19,1.19,0,0,0,0,1,1,2,3,3,2,26,1,11024
2007,3,,1,15,0,0,0,0,0,0,1,18,2,1,5,1,25,1,31005
2007,3,,3,17,1.18,1.18,0,0,0,0,1,16,2,1,3,1,20,1,31005
2007,3,,1,14,1,0,1,0,0,0,1,1,1,1,7,2,79,1,31005
2007,3,,5,17,0,0,0,0,0,0,1,1,2,1,4,1,72,1,31005
2007,3,,4,9,0,0,0,0,0,0,1,1,2,1,5,1,45,1,21016
2007,3,,1,9,0,0,0,0,0,0,1,2,2,1,4,1,25,1,21018
2007,3,,4,18,0,0,0,0,0,0,1,1,2,1,4,1,60,1,21013
2007,3,,3,18,0,0,0,0,0,0,1,1,2,1,5,1,48,1,21009
2007,3,,7,14,0,0,0,0,0,0,1,24,2,1,4,1,20,1,21001
2007,3,,5,0,1.16,1.16,0,0,0,0,2,1,2,3,7,2,17,2,13010
2007,3,,1,10,0,0,0,0,0,0,1,14,1,1,3,2,25,1,13008
2007,3,,4,9,0,0,0,0,0,0,1,2,2,1,2,2,40,1,24033
2007,3,,3,15,0,0,0,0,0,0,1,9,2,1,4,2,40,1,24062
2007,3,,1,10,1.09,1.09,0,0,0,0,1,1,2,1,2,2,50,1,24014
2007,3,,7,19,1.14,1.14,0,0,0,0,1,2,2,1,4,2,28,2,23033
2007,3,,7,19,0,0,0,0,0,0,1,2,2,1,4,2,64,1,23033
2007,3,,2,18,1.11,1.11,0,0,0,0,1,4,2,1,3,2,29,1,72040
2007,3,,1,9,1.04,1.04,0,0,0,0,1,1,2,1,4,2,39,2,72039
2007,3,,4,19,0,0,0,0,0,0,1,1,2,3,2,2,58,1,52075
2007,3,,5,20,1.12,1.12,0,0,0,0,1,1,2,4,7,2,23,1,51065
2007,3,,5,16,1.12,1.12,0,0,0,0,1,16,2,1,3,2,16,1,41082
2007,3,,4,11,1.13,1.13,0,0,0,0,1,22,2,1,5,1,26,1,37020
2007,3,,2,20,1.12,1.12,0,0,0,0,2,1,2,4,7,1,1,2,93088
2007,3,,1,17,0,0,0,0,0,0,1,1,2,1,5,1,44,2,92094
2007,3,,6,10,1,0,0,0,1,1,1,,2,1,,,80,1,85011
2007,3,,7,19,1.13,1.13,0,0,0,0,1,22,2,2,5,1,19,1,73066
2007,3,,6,9,1,1,0,0,0,0,1,1,2,1,7,2,20,1,81013
2007,3,,3,17,1.13,1.13,0,0,0,0,1,15,2,1,4,1,16,1,73032
2007,3,,4,11,1.15,1.15,0,0,0,0,1,4,2,1,3,2,26,1,73107
2007,3,,5,9,1.11,1.11,0,0,0,0,1,1,2,1,3,2,56,1,72004
2007,3,,7,4,1.13,1.13,0,0,0,0,1,18,2,3,3,2,17,1,72029
2007,3,,5,1,1.12,0,1.12,0,0,0,1,1,2,3,7,2,42,1,71037
2007,3,,5,18,1.11,1.11,0,0,0,0,1,1,2,1,4,2,36,1,71022
2007,3,,3,17,0,0,0,0,0,0,1,4,2,1,3,2,25,1,71022
2007,3,,5,21,1.12,1.12,0,0,0,0,1,1,2,3,4,2,44,2,71020
2007,3,,1,15,1.11,1.11,0,0,0,0,1,1,2,1,4,2,33,2,71011
2007,3,,7,4,0,0,0,0,0,0,1,1,2,3,1,1,25,1,64065
2007,3,,3,16,1.15,1.15,0,0,0,0,1,2,2,1,3,1,33,1,63079
2007,3,,5,20,1.03,1.03,0,0,0,0,1,1,2,3,3,2,79,1,63001
2007,3,,6,2,1.09,1.09,0,0,0,0,1,22,2,3,5,1,18,1,62118
2007,3,,4,8,1.21,1.21,0,0,0,0,1,22,2,2,5,1,15,2,62100
2007,3,,6,0,1.16,1.16,0,0,0,0,1,1,2,3,2,1,30,1,62063
2007,3,,1,22,0,0,0,0,0,0,1,1,2,3,4,1,25,2,62063
2007,3,,2,6,1.16,1.16,0,0,0,0,2,1,2,3,7,1,25,1,62063
2007,3,,5,14,1.16,1.16,0,0,0,0,1,14,2,1,8,1,37,1,62063
2007,3,,6,3,0,0,0,0,0,0,1,1,2,3,4,1,52,2,61031
2007,3,,6,22,1.13,1.13,0,0,0,0,1,1,2,3,4,1,27,2,62011
2007,3,,3,19,0,0,0,0,0,0,1,2,2,1,5,1,35,2,54007
2007,3,,6,19,0,0,0,0,0,0,1,1,2,1,4,1,35,2,54007
2007,3,,4,17,1.16,1.16,0,0,0,0,1,1,2,1,4,2,40,2,55004
2007,3,,5,12,1.28,1.28,0,0,0,0,1,18,2,1,4,1,29,1,52011
2007,3,,5,5,1,1,0,0,0,0,1,1,1,3,3,2,21,1,52015
2007,3,,4,10,1.16,1.16,0,0,0,0,1,1,2,1,4,1,44,1,52012
2007,3,,3,17,1,0,0,0,1,1,1,1,1,1,7,2,42,1,52011
2007,3,,1,20,0,0,0,0,0,0,1,1,2,2,4,1,24,1,52010
2007,3,,5,11,1.09,1.09,0,0,0,0,1,14,2,1,8,2,38,1,51008
2007,3,,5,7,1.1,1.1,0,0,0,0,1,1,2,2,3,2,45,2,46020
2007,3,,5,17,1.18,1.18,0,0,0,0,2,1,2,1,4,1,14,2,44021
2007,3,,1,9,0,0,0,0,0,0,1,1,2,1,4,1,33,2,44034
2007,3,,2,8,0,0,0,0,0,0,1,7,1,3,3,2,42,1,44048
2007,3,,4,7,1.09,1.09,0,0,0,0,1,1,2,2,7,2,19,1,44048
2007,3,,1,17,1.18,1.18,0,0,0,0,2,1,2,1,2,1,0,1,44021
2007,3,,7,22,1.18,1.18,0,0,0,0,2,1,2,3,3,1,21,1,44021
2007,3,,2,19,1.18,1.18,0,0,0,0,1,1,2,3,2,2,41,1,44021
2007,3,,3,0,1.1,0,1.1,0,0,0,2,1,1,3,3,2,61,2,43002
2007,3,,5,22,0,0,0,0,0,0,1,1,1,3,4,2,51,1,43002
2007,3,,2,14,1.14,1.14,0,0,0,0,1,1,2,1,4,1,18,2,42006
2007,3,,1,11,1.11,1.11,0,0,0,0,1,6,2,1,3,2,50,1,42011
2007,3,,2,17,1.23,0,1.23,0,0,0,2,2,2,1,2,2,13,2,41081
2007,3,,6,15,0,0,0,0,0,0,1,1,2,1,1,1,40,1,41002
2007,3,,2,13,0,0,0,0,0,0,1,1,2,1,4,1,55,1,38002
2007,3,,5,12,0,0,0,0,0,0,1,1,2,1,4,2,35,1,37018
2007,3,,4,16,1.14,1.14,0,0,0,0,1,22,2,1,5,1,41,2,38014
2007,3,,5,13,0,0,0,0,0,0,1,3,2,1,3,1,42,1,37002
2007,3,,1,18,0,0,0,0,0,0,1,1,2,1,4,2,58,1,36008
2007,3,,1,20,1.26,1.26,0,0,0,0,1,1,2,3,4,1,26,1,36015
2007,3,,7,4,1.26,1.26,0,0,0,0,1,1,2,3,2,1,25,2,36015
2007,3,,2,17,1,0,0,0,1,1,1,18,2,1,4,1,49,2,35013
2007,3,,3,19,1.19,1.19,0,0,0,0,1,1,2,1,4,2,24,1,31006
2007,4,,6,16,0,0,0,0,0,0,1,1,2,1,2,2,18,1,31040
2007,4,,7,18,1.19,1.19,0,0,0,0,1,13,2,1,5,1,30,1,31043
2007,4,,5,18,0,0,0,0,0,0,1,2,1,1,7,2,41,2,34022
2007,4,,2,18,1.15,1.15,0,0,0,0,1,1,2,1,2,2,29,2,34027
2007,4,,3,14,0,0,0,0,0,0,1,1,2,1,3,1,79,2,35013
2007,4,,5,19,1.11,0,1.11,0,0,0,1,18,2,1,4,2,80,1,38025
2007,4,,4,19,1.09,1.09,0,0,0,0,1,1,2,1,4,1,19,2,41018
2007,4,,4,19,0,0,0,0,0,0,1,1,2,1,3,1,41,2,41034
2007,4,,2,22,1.18,1.18,0,0,0,0,1,16,2,3,4,1,47,1,41011
2007,4,,2,17,0,0,0,0,0,0,1,4,2,1,4,2,58,1,42006
2007,4,,4,18,0,0,0,0,0,0,1,1,2,1,4,1,67,1,42010
2007,4,,2,17,1.14,1.14,0,0,0,0,1,16,2,1,4,2,16,1,42006
2007,4,,1,9,1.16,1.16,0,0,0,0,1,18,2,1,3,1,8,1,44011
2007,4,,1,14,1.18,1.18,0,0,0,0,1,18,2,1,4,1,71,1,44021
2007,4,,5,17,1,0,1,0,0,0,1,1,1,1,7,2,63,2,44021
2007,4,,3,15,1.18,1.18,0,0,0,0,1,1,2,1,3,2,57,2,44021
2007,4,,4,11,0,0,0,0,0,0,1,1,2,1,4,2,37,1,44021
2007,4,,5,11,0,0,0,0,0,0,1,1,1,1,3,2,54,1,44021
2007,4,,1,13,1.09,1.09,0,0,0,0,1,1,2,1,3,2,52,1,44064
2007,4,,3,7,1.1,1.1,0,0,0,0,1,1,2,2,8,2,24,2,46024
2007,4,,3,22,0,0,0,0,0,0,1,1,2,3,2,1,37,1,46024
2007,4,,3,19,0,0,0,0,0,0,1,1,2,1,2,2,49,1,46014
2007,4,,4,13,0,0,0,0,0,0,1,1,2,1,4,1,68,2,46025
2007,4,,6,14,0,0,0,0,0,0,1,1,2,1,2,1,30,1,46025
2007,4,,5,18,1.16,1.16,0,0,0,0,2,1,2,1,2,1,7,1,52018
2007,4,,7,7,1.16,1.16,0,0,0,0,2,1,2,2,7,1,19,1,52018
2007,4,,7,16,1.28,1.28,0,0,0,0,1,14,2,1,4,1,47,1,52011
2007,4,,6,13,1.16,1.16,0,0,0,0,1,1,2,1,4,1,23,1,52012
2007,4,,3,18,1.28,1.28,0,0,0,0,1,13,2,1,4,2,24,1,52011
2007,4,,1,17,0,0,0,0,0,0,1,1,2,1,3,1,42,1,52025
2007,4,,7,4,1,1,0,0,0,0,1,2,1,3,7,2,34,1,52055
2007,4,,3,20,0,0,0,0,0,0,1,1,2,1,4,1,24,1,53028
2007,4,,6,11,1.04,1.04,0,0,0,0,1,1,2,1,3,2,27,1,56044
2007,4,,6,19,1.14,1.14,0,0,0,0,2,16,2,1,8,1,30,2,62051
2007,4,,1,20,1.14,1.14,0,0,0,0,2,1,2,3,3,1,17,2,62051
2007,4,,7,16,1.09,1.09,0,0,0,0,1,22,2,1,5,1,57,1,62118
2007,4,,7,19,1.22,1.22,0,0,0,0,1,9,2,1,2,1,22,1,62099