year,month,monthDay,weekDay,hour,numVictims,numSlightlyInjured,numSeverelyInjured,numMortallyInjured,numDiedWithin24Hours,numDiedWithin30Days,victimType,roadUserType,roadType,lightConditions,collisionType,areaType,age,sex,municipality
2007,4,,5,22,1.22,1.22,0,0,0,0,1,14,2,3,3,1,39,1,62099
2007,4,,1,16,1.12,1.12,0,0,0,0,2,1,2,1,3,1,9,2,63076
2007,4,,7,16,1,0,1,0,0,0,2,1,1,1,7,2,38,2,63035
2007,4,,4,22,0,0,0,0,0,0,1,1,2,3,4,2,69,2,71002
2007,4,,7,11,1.12,1.12,0,0,0,0,2,1,2,1,4,2,14,2,71020
2007,4,,3,16,1.11,0,1.11,0,0,0,1,1,2,1,3,2,46,1,71066
2007,4,,6,16,0,0,0,0,0,0,1,1,2,1,4,2,20,2,72021
2007,4,,6,17,0,0,0,0,0,0,1,1,2,1,4,2,72,1,73009
2007,4,,5,13,0,0,0,0,0,0,1,1,2,1,4,2,53,2,72020
2007,4,,1,9,1.09,1.09,0,0,0,0,1,22,2,1,5,1,11,2,82003
2007,4,,6,1,1,1,0,0,0,0,1,4,1,3,3,2,34,1,84043
2007,4,,7,18,1.04,0,1.04,0,0,0,1,14,2,1,6,2,41,1,91030
2007,4,,2,14,1.08,1.08,0,0,0,0,2,1,2,1,4,1,21,2,71070
2007,4,,7,15,1.08,1.08,0,0,0,0,1,18,2,1,4,2,18,1,71070
2007,4,,7,16,1.04,1.04,0,0,0,0,2,1,2,1,3,2,34,2,72039
2007,4,,1,20,1.07,1.07,0,0,0,0,1,1,2,1,4,2,19,1,92137
2007,4,,7,16,0,0,0,0,0,0,1,1,2,1,4,1,29,1,23003
2007,4,,5,15,1.08,0,1.08,0,0,0,2,1,2,1,7,1,21,1,23023
2007,4,,5,9,0,0,0,0,0,0,1,1,2,1,4,1,57,1,23077
2007,4,,3,18,1.11,1.11,0,0,0,0,1,4,2,1,3,2,51,1,24020
2007,4,,6,9,0,0,0,0,0,0,1,6,2,1,2,2,53,1,24020
2007,4,,2,19,0,0,0,0,0,0,1,2,2,1,4,2,46,2,24038
2007,4,,1,20,0,0,0,0,0,0,1,1,2,1,4,1,32,1,24107
2007,4,,4,12,1.16,1.16,0,0,0,0,1,16,2,1,3,1,16,1,13003
2007,4,,3,8,1.2,1.2,0,0,0,0,1,18,2,1,4,2,13,1,12026
2007,4,,3,14,1.2,1.2,0,0,0,0,2,3,2,1,7,2,16,2,12026
2007,4,,2,15,1.2,1.2,0,0,0,0,1,14,2,1,3,2,26,1,13008
2007,4,,5,10,0,0,0,0,0,0,1,1,2,1,4,2,76,1,13008
2007,4,,1,13,0,0,0,0,0,0,1,7,1,1,1,2,40,1,13011
2007,4,,3,17,0,0,0,0,0,0,1,1,2,1,4,1,36,1,13036
2007,4,,4,19,1.19,1.19,0,0,0,0,1,1,2,1,4,1,30,1,21001
2007,4,,1,18,1.19,1.19,0,0,0,0,2,1,2,1,3,1,29,2,21001
2007,4,,5,18,0,0,0,0,0,0,1,2,2,1,5,1,36,1,21004
2007,4,,6,16,1.55,1.55,0,0,0,0,1,22,2,1,5,1,4,1,21004
2007,4,,4,9,1.55,1.55,0,0,0,0,2,14,2,1,4,1,0,,21004
2007,4,,7,9,1.32,1.32,0,0,0,0,1,1,2,1,4,1,32,1,21014
2007,4,,4,16,0,0,0,0,0,0,1,1,2,1,3,1,65,1,31004
2007,4,,7,18,1.18,1.18,0,0,0,0,1,1,2,1,4,1,48,2,31005
2007,4,,4,17,1.18,1.18,0,0,0,0,1,22,2,1,5,1,3,1,31005
2007,4,,4,17,0,0,0,0,0,0,1,4,2,1,4,1,46,1,31005
2007,4,,7,16,1.27,1.27,0,0,0,0,1,22,2,1,5,1,14,1,11002
2007,4,,1,9,0,0,0,0,0,0,1,1,2,1,4,1,31,1,11023
2007,4,,5,17,1.15,1.15,0,0,0,0,1,16,2,1,4,1,17,1,11037
2007,4,,7,11,1.15,1.15,0,0,0,0,2,1,2,1,4,2,7,1,11037
2007,4,,6,9,1.22,1.22,0,0,0,0,1,1,2,1,3,2,74,1,11050
2007,4,,3,10,0,0,0,0,0,0,1,2,2,1,3,2,48,1,11050
2007,4,,5,13,0,0,0,0,0,0,1,2,1,1,3,2,31,2,11002
2007,4,,7,20,0,0,0,0,0,0,1,1,2,1,7,1,25,1,11002
2007,4,,1,13,0,0,0,0,0,0,1,4,2,1,4,1,44,1,11002
2007,4,,4,13,1.27,1.27,0,0,0,0,1,22,2,1,5,1,66,1,11002
2007,4,,5,20,1.27,1.27,0,0,0,0,1,18,2,1,4,1,56,2,11002
2007,5,,7,16,1.27,1.27,0,0,0,0,1,14,2,1,6,1,57,1,11002
2007,5,,3,10,1.27,1.27,0,0,0,0,1,1,2,1,7,2,44,2,11002
2007,5,,2,18,1.27,1.27,0,0,0,0,1,18,2,1,4,1,50,2,11002
2007,5,,4,3,2,1,1,0,0,0,1,1,1,4,7,2,22,1,11040
2007,5,,4,17,1.18,0,1.18,0,0,0,1,18,2,1,3,1,64,2,11039
2007,5,,3,15,0,0,0,0,0,0,1,18,2,1,3,1,77,1,11016
2007,5,,4,19,1.27,0,1.27,0,0,0,1,22,2,1,5,1,17,1,11002
2007,5,,1,8,0,0,0,0,0,0,1,18,2,1,5,1,,,11002
2007,5,,5,20,0,0,0,0,0,0,1,18,2,1,2,1,,,11002
2007,5,,7,14,1.27,1.27,0,0,0,0,1,16,2,1,4,1,16,1,11002
2007,5,,3,20,1.18,1.18,0,0,0,0,1,16,2,1,4,1,22,1,31005
2007,5,,4,17,1.09,1.09,0,0,0,0,1,1,2,1,3,1,32,1,31004
2007,5,,2,9,1.16,0,1.16,0,0,0,1,22,2,1,5,1,40,2,21019
2007,5,,4,19,0,0,0,0,0,0,1,22,2,1,5,1,6,1,21015
2007,5,,3,1,0,0,0,0,0,0,1,1,2,3,2,1,19,1,21004
2007,5,,3,18,1.32,1.32,0,0,0,0,1,2,2,1,3,1,26,2,21006
2007,5,,2,10,0,0,0,0,0,0,1,1,2,1,4,1,37,1,21004
2007,5,,7,20,0,0,0,0,0,0,1,1,2,3,4,1,32,1,21004
2007,5,,3,18,1.16,1.16,0,0,0,0,1,18,2,1,4,1,62,1,13025
2007,5,,3,21,1.23,1.23,0,0,0,0,2,1,2,1,3,1,70,2,13046
2007,5,,1,1,1.32,1.32,0,0,0,0,1,1,2,3,7,2,61,1,13035
2007,5,,4,20,1.16,1.16,0,0,0,0,1,2,2,1,2,2,25,1,13012
2007,5,,4,9,1.14,1.14,0,0,0,0,1,24,2,1,4,2,16,1,12029
2007,5,,4,10,1,1,0,0,0,0,1,2,1,1,3,2,37,2,12025
2007,5,,2,22,0,0,0,0,0,0,1,1,2,3,4,2,21,1,25112
2007,5,,4,16,0,0,0,0,0,0,1,1,2,1,4,1,20,1,25072
2007,5,,3,7,1,0,1,0,0,0,1,4,1,1,3,2,26,1,24107
2007,5,,1,18,1.15,0,1.15,0,0,0,1,14,2,1,2,2,30,1,24130
2007,5,,4,17,1,1,0,0,0,0,1,1,1,1,3,2,28,2,24062
2007,5,,3,20,1.02,1.02,0,0,0,0,1,1,2,1,3,1,19,1,24055
2007,5,,7,22,1.1,1.1,0,0,0,0,1,1,2,3,4,1,41,1,23016
2007,5,,7,15,1,1,0,0,0,0,1,2,2,1,4,2,61,1,92137
2007,5,,5,7,1,1,0,0,0,0,1,14,1,1,4,2,42,1,23002
2007,5,,3,18,0,0,0,0,0,0,1,1,2,1,3,2,21,1,72039
2007,5,,6,19,1.05,1.05,0,0,0,0,1,14,2,1,8,2,37,1,84010
2007,5,,7,14,1.11,1.11,0,0,0,0,2,1,2,1,3,2,52,2,72018
2007,5,,4,10,1.21,1.21,0,0,0,0,2,2,2,1,8,2,26,1,72020
2007,5,,6,0,1.23,1.23,0,0,0,0,1,1,2,3,2,1,31,1,71034
2007,5,,4,16,0,0,0,0,0,0,1,4,2,1,4,2,76,1,71057
2007,5,,6,18,1.11,1.11,0,0,0,0,1,15,2,1,4,1,39,1,71022
2007,5,,2,23,1,1,0,0,0,0,1,1,1,3,3,2,21,2,64056
2007,5,,3,12,0,0,0,0,0,0,1,1,2,1,4,2,65,1,71004
2007,5,,3,19,1.15,1.15,0,0,0,0,1,1,2,1,4,1,35,1,63079
2007,5,,7,18,1.06,1.06,0,0,0,0,1,1,2,1,4,2,39,1,63023
2007,5,,6,23,1.16,1.16,0,0,0,0,2,15,2,3,4,1,16,1,62063
2007,5,,6,23,0,0,0,0,0,0,1,1,2,3,4,1,49,1,62063
2007,5,,2,23,0,0,0,0,0,0,1,1,2,3,4,1,24,1,62051
2007,5,,5,11,1.16,1.16,0,0,0,0,1,22,2,1,5,1,35,2,62063
2007,5,,7,15,1.11,0,1.11,0,0,0,1,14,2,1,2,1,24,1,57081
2007,5,,2,12,0,0,0,0,0,0,1,4,2,1,4,1,38,1,57081
2007,5,,7,19,1.11,1.11,0,0,0,0,2,1,2,1,7,2,31,1,57081
2007,5,,2,12,0,0,0,0,0,0,1,1,2,1,5,1,39,1,53053
2007,5,,6,17,1.08,1.08,0,0,0,0,1,15,2,1,8,1,19,1,52055
2007,5,,2,10,1,1,0,0,0,0,2,1,1,1,7,2,,,52021
2007,5,,1,17,1.28,0,1.28,0,0,0,1,22,2,1,5,1,10,1,52011
2007,5,,3,20,0,0,0,0,0,0,1,18,2,1,4,1,37,1,46021
2007,5,,4,13,0,0,0,0,0,0,1,1,2,1,4,1,43,2,46014
2007,5,,3,18,1.22,1.22,0,0,0,0,1,1,2,1,2,1,24,1,46021
2007,5,,7,3,0,0,0,0,0,0,1,1,2,3,4,1,40,1,45041
2007,5,,7,15,0,0,0,0,0,0,1,1,2,1,2,1,30,2,44081
2007,5,,2,18,0,0,0,0,0,0,1,1,2,1,4,2,32,1,45017
2007,5,,5,15,0,0,0,0,0,0,1,10,2,1,4,1,,1,44021
2007,5,,1,18,1.14,1.14,0,0,0,0,1,1,2,1,4,2,23,1,44052
2007,5,,3,3,1.18,1.18,0,0,0,0,2,1,2,3,8,2,51,2,44021
2007,5,,7,10,0,0,0,0,0,0,1,2,2,1,4,1,55,1,44021
2007,5,,4,18,1.14,1.14,0,0,0,0,1,22,2,1,5,1,54,1,44013
2007,5,,1,2,1.19,1.19,0,0,0,0,2,1,2,3,3,1,19,1,42028
2007,5,,3,14,1.1,1.1,0,0,0,0,1,4,1,1,2,2,29,1,43002
2007,5,,1,8,0,0,0,0,0,0,1,1,1,1,4,2,32,1,42010
2007,5,,7,18,0,0,0,0,0,0,1,1,2,1,4,1,35,1,42006
2007,5,,6,0,0,0,0,0,0,0,1,2,2,3,2,1,59,2,38014
2007,5,,3,15,0,0,0,0,0,0,1,6,2,1,,2,44,1,37015
2007,5,,2,11,1.11,1.11,0,0,0,0,1,18,2,1,8,1,36,1,38025
2007,5,,2,17,1.26,1.26,0,0,0,0,1,1,2,1,3,2,58,1,36015
2007,5,,5,19,0,0,0,0,0,0,1,4,2,1,4,1,22,1,34022
2007,5,,2,19,0,0,0,0,0,0,1,1,2,1,4,1,58,2,34022
2007,5,,1,18,1.17,1.17,0,0,0,0,1,18,2,1,4,1,67,1,34003
2007,5,,1,11,1.13,1.13,0,0,0,0,1,18,2,1,2,2,41,1,33037
2007,6,,1,11,0,0,0,0,0,0,1,1,2,1,4,1,23,2,31033
2007,6,,4,7,0,0,0,0,0,0,1,10,2,1,4,1,44,1,34013
2007,6,,6,5,0,0,0,0,0,0,1,2,2,2,4,2,55,1,34022
2007,6,,4,12,1.22,1.22,0,0,0,0,2,1,2,1,3,1,18,2,35013
2007,6,,5,9,1.15,1.15,0,0,0,0,1,1,2,1,4,2,38,2,35005
2007,6,,6,19,1.14,1.14,0,0,0,0,2,1,2,1,4,2,2,1,37010
2007,6,,7,14,1.14,1.14,0,0,0,0,2,1,2,1,2,1,45,2,37010
2007,6,,3,18,0,0,0,0,0,0,1,4,2,1,,1,52,2,36015
2007,6,,7,19,1.26,1.26,0,0,0,0,2,10,2,1,4,1,72,2,36008
2007,6,,5,12,0,0,0,0,0,0,1,1,2,1,3,1,54,1,41002
2007,6,,6,13,1.14,1.14,0,0,0,0,1,15,2,1,4,1,18,1,38014
2007,6,,1,11,0,0,0,0,0,0,1,1,2,1,4,1,55,2,44001
2007,6,,1,19,0,0,0,0,0,0,1,2,2,1,4,1,45,1,43018
2007,6,,6,11,1.18,1.18,0,0,0,0,2,16,2,1,3,1,21,1,44021
2007,6,,5,9,0,0,0,0,0,0,1,4,2,1,4,1,53,1,44021
2007,6,,4,12,0,0,0,0,0,0,1,1,2,1,3,1,37,,44021
2007,6,,4,18,0,0,0,0,0,0,1,1,2,1,4,1,41,1,44073
2007,6,,3,15,1.18,1.18,0,0,0,0,1,18,2,1,3,1,13,1,44021
2007,6,,1,8,0,0,0,0,0,0,1,1,2,1,4,1,35,1,44048
2007,6,,2,11,1.1,1.1,0,0,0,0,1,18,2,1,4,1,78,2,46020
2007,6,,6,10,0,0,0,0,0,0,1,1,2,1,3,1,45,2,46025
2007,6,,6,3,1.12,1.12,0,0,0,0,1,1,2,3,7,2,20,1,51017
2007,6,,5,14,0,0,0,0,0,0,1,6,2,1,4,2,44,1,53053
2007,6,,2,8,0,0,0,0,0,0,1,1,2,1,4,2,30,2,53044
2007,6,,1,18,1.23,1.23,0,0,0,0,1,16,2,1,3,1,19,1,54007
2007,6,,1,14,1.16,1.16,0,0,0,0,1,1,2,1,4,1,38,1,55022
2007,6,,5,17,0,0,0,0,0,0,1,1,2,1,3,2,43,2,61043
2007,6,,5,18,1,1,0,0,0,0,1,1,1,1,7,2,22,1,62009
2007,6,,5,18,0,0,0,0,0,0,1,1,2,1,7,1,23,1,62079
2007,6,,1,17,1.16,1.16,0,0,0,0,2,1,2,1,4,1,7,2,62063
2007,6,,1,19,1.14,1.14,0,0,0,0,2,1,2,1,4,1,25,2,62096
2007,6,,5,18,1.16,1.16,0,0,0,0,1,16,2,1,3,1,16,1,62063
2007,6,,4,1,0,0,0,0,0,0,1,4,2,3,4,1,,,62063
2007,6,,7,12,1.15,1.15,0,0,0,0,1,13,2,1,4,1,41,1,63020
2007,6,,4,14,1.15,1.15,0,0,0,0,1,15,2,1,2,1,22,1,63079
2007,6,,4,8,0,0,0,0,0,0,1,1,2,1,4,2,45,1,71011
2007,6,,6,12,1.11,1.11,0,0,0,0,1,22,2,1,5,1,62,1,71022
2007,6,,6,13,1.11,1.11,0,0,0,0,2,1,2,1,4,2,23,2,71022
2007,6,,4,8,1.13,1.13,0,0,0,0,1,16,2,1,4,2,20,2,71053
2007,6,,2,19,1.12,1.12,0,0,0,0,2,1,2,1,4,2,13,2,71037
2007,6,,6,4,1.12,1.12,0,0,0,0,2,1,2,3,3,1,28,2,81004
2007,6,,6,0,1,0,0,0,1,1,1,1,2,4,7,2,19,1,81001
2007,6,,4,20,1.12,1.12,0,0,0,0,1,1,2,1,4,2,70,1,85026
2007,6,,6,3,1.05,1.05,0,0,0,0,1,15,2,4,8,2,41,1,84050
2007,6,,2,17,0,0,0,0,0,0,1,22,2,1,5,1,15,2,92094
2007,6,,4,17,0,0,0,0,0,0,1,1,2,1,4,2,83,1,92094
2007,6,,6,23,0,0,0,0,0,0,1,12,1,1,7,2,31,1,41082
2007,6,,2,15,1.04,0,1.04,0,0,0,1,1,2,1,3,2,22,1,72039
2007,6,,3,17,1.07,1.07,0,0,0,0,2,1,2,1,3,2,43,2,63089
2007,6,,5,12,1.06,1.06,0,0,0,0,1,2,2,1,4,1,36,1,92142
2007,6,,5,8,1.1,1.1,0,0,0,0,1,1,2,1,2,1,38,2,23016
2007,6,,7,10,1.14,0,1.14,0,0,0,1,1,2,1,7,1,20,1,23062
2007,6,,4,8,1.24,1.24,0,0,0,0,2,1,2,2,3,1,11,2,23088
2007,6,,4,19,0,0,0,0,0,0,1,1,2,1,3,1,23,2,24016
2007,6,,6,2,1.1,1.1,0,0,0,0,1,1,2,3,7,2,29,1,24009
2007,6,,5,17,0,0,0,0,0,0,1,1,2,1,4,1,43,2,24062
2007,6,,1,19,1.02,1.02,0,0,0,0,1,1,2,1,3,1,28,1,24038
2007,6,,6,22,1.09,1.09,0,0,0,0,1,24,2,1,4,2,55,2,24094
2007,6,,3,17,1.09,1.09,0,0,0,0,2,1,2,1,3,2,23,2,24094
2007,6,,5,13,1.18,1.18,0,0,0,0,1,1,2,1,4,2,20,2,25112
2007,6,,6,1,1.09,1.09,0,0,0,0,2,1,2,4,7,2,22,1,25048
2007,6,,6,17,0,0,0,0,0,0,1,1,2,1,3,2,49,1,25107
2007,6,,5,3,1.16,1.16,0,0,0,0,1,7,2,3,7,2,33,1,13003
2007,6,,1,17,1.09,1.09,0,0,0,0,2,1,2,1,2,1,12,2,12025
2007,6,,5,15,1.12,1.12,0,0,0,0,1,1,2,1,2,2,32,1,12030
2007,6,,4,9,1.23,1.23,0,0,0,0,1,1,2,1,3,2,41,1,13019
2007,6,,4,9,1.16,1.16,0,0,0,0,1,16,2,1,4,2,18,1,13025
2007,6,,7,10,1.23,1.23,0,0,0,0,2,2,2,1,4,2,4,1,13040
2007,6,,3,19,1.32,1.32,0,0,0,0,1,1,2,1,3,2,25,2,13036
2007,6,,5,23,0,0,0,0,0,0,1,1,2,3,3,1,32,1,21004
2007,6,,6,19,0,0,0,0,0,0,1,2,2,2,3,1,31,1,21004
2007,6,,5,18,0,0,0,0,0,0,1,1,2,1,4,1,73,1,21001
2007,6,,3,5,1.55,1.55,0,0,0,0,1,1,2,3,4,1,25,1,21004
2007,6,,3,17,1.55,1.55,0,0,0,0,2,2,2,1,4,1,23,2,21004
2007,6,,2,17,1.55,1.55,0,0,0,0,1,1,2,1,4,1,23,2,21004
2007,6,,2,15,1.19,1.19,0,0,0,0,1,1,2,1,3,1,48,2,21001
2007,6,,2,17,0,0,0,0,0,0,1,2,2,1,5,1,35,1,21005
2007,6,,7,15,1.55,1.55,0,0,0,0,2,1,2,1,4,1,17,1,21004
2007,6,,5,19,0,0,0,0,0,0,1,1,2,1,5,1,41,1,21006
2007,6,,7,13,1.23,1.23,0,0,0,0,1,22,2,1,5,1,8,1,21011
2007,6,,3,12,0,0,0,0,0,0,1,1,2,1,4,1,77,2,21013
2007,6,,2,17,1.55,1.55,0,0,0,0,1,18,2,1,4,1,52,1,21009
2007,6,,3,0,0,0,0,0,0,0,1,15,2,2,4,1,32,1,31005
2007,6,,7,12,0,0,0,0,0,0,1,1,2,1,,2,54,1,31005
2007,6,,6,21,0,0,0,0,0,0,1,1,2,1,4,1,52,1,31005
2007,6,,1,13,1.28,1.28,0,0,0,0,1,2,2,1,3,1,34,2,11008
2007,6,,4,16,1.15,1.15,0,0,0,0,1,18,2,1,4,1,10,2,11005
2007,6,,7,13,0,0,0,0,0,0,1,1,1,1,3,2,56,1,11024
2007,6,,2,19,1.19,1.19,0,0,0,0,2,1,2,1,3,1,0,1,11013
2007,6,,7,20,0,0,0,0,0,0,1,1,2,1,2,1,32,1,11013
2007,6,,3,8,1.15,1.15,0,0,0,0,1,15,2,1,4,1,25,2,11038
2007,6,,4,22,0,0,0,0,0,0,1,1,2,1,3,1,32,2,12021
2007,6,,1,16,0,0,0,0,0,0,1,1,1,1,3,2,42,2,11001
2007,6,,6,15,1.27,1.27,0,0,0,0,1,4,2,1,3,2,43,1,11002
2007,6,,1,9,0,0,0,0,0,0,1,10,2,1,4,2,42,2,11002
2007,6,,2,20,0,0,0,0,0,0,1,1,2,1,4,1,49,2,11002
2007,6,,1,17,1.1,1.1,0,0,0,0,2,1,2,1,4,2,91,1,25121
2007,7,,1,13,0,0,0,0,0,0,1,2,2,1,4,1,33,1,11002
2007,7,,1,8,0,0,0,0,0,0,1,1,2,1,8,2,32,2,11002
2007,7,,2,19,0,0,0,0,0,0,1,1,2,1,2,2,62,1,11053
2007,7,,7,22,1.19,1.19,0,0,0,0,1,16,2,1,3,1,22,1,11021
2007,7,,5,14,1.28,1.28,0,0,0,0,1,18,2,1,3,1,18,2,11008
2007,7,,3,7,0,0,0,0,0,0,1,1,2,1,4,1,54,1,11005
2007,7,,6,0,0,0,0,0,0,0,1,24,2,3,4,1,,,11002
2007,7,,1,22,1.27,1.27,0,0,0,0,2,2,2,2,4,1,15,1,11002
2007,7,,2,14,1.09,1.09,0,0,0,0,1,22,2,1,5,1,68,2,31004
2007,7,,4,17,1.16,1.16,0,0,0,0,1,18,2,1,,1,33,1,21018
2007,7,,4,19,1.55,1.55,0,0,0,0,1,16,2,1,3,1,28,1,21009
2007,7,,6,15,0,0,0,0,0,0,1,1,2,1,2,1,31,1,21011
2007,7,,5,18,1.19,1.19,0,0,0,0,1,22,2,1,5,1,5,2,21007
2007,7,,6,22,1.55,1.55,0,0,0,0,2,2,2,1,2,1,59,2,21004
2007,7,,1,13,1.2,1.2,0,0,0,0,1,1,2,1,8,2,52,2,13008
2007,7,,7,15,0,0,0,0,0,0,1,1,2,1,4,2,56,1,13014
2007,7,,2,13,0,0,0,0,0,0,1,4,2,1,5,2,40,1,13003
2007,7,,5,20,0,0,0,0,0,0,1,1,2,1,5,1,57,1,12025
2007,7,,1,16,1.18,1.18,0,0,0,0,2,1,2,1,4,1,5,2,25112
2007,7,,7,19,1.14,1.14,0,0,0,0,2,2,2,1,4,2,1,2,25072
2007,7,,6,16,1.12,1.12,0,0,0,0,1,1,2,1,2,2,69,2,25107
2007,7,,1,15,2,2,0,0,0,0,2,1,1,1,7,2,13,1,24055
2007,7,,3,8,1.09,1.09,0,0,0,0,1,1,2,1,3,2,34,1,24014
2007,7,,2,17,1,1,0,0,0,0,1,2,1,1,3,2,40,1,92142
2007,7,,7,1,1.06,1.06,0,0,0,0,1,16,2,3,5,1,16,1,92142
2007,7,,6,21,0,0,0,0,0,0,1,1,2,1,4,2,75,1,92142
2007,7,,5,17,1.08,1.08,0,0,0,0,1,1,2,1,2,2,23,2,71070
2007,7,,6,21,1.11,1.11,0,0,0,0,1,2,2,1,2,2,59,1,72040
2007,7,,2,23,1.08,1.08,0,0,0,0,1,1,2,3,4,1,36,1,71070
2007,7,,6,9,0,0,0,0,0,0,1,1,2,,,2,59,1,37020
2007,7,,5,19,1.16,1.16,0,0,0,0,1,1,2,1,2,1,84,2,52074
2007,7,,3,8,1.13,1.13,0,0,0,0,1,2,2,1,2,2,38,2,33039
2007,7,,4,19,1.05,1.05,0,0,0,0,2,14,2,1,7,2,19,1,93056
2007,7,,2,18,1.1,0,1.1,0,0,0,1,1,2,1,2,2,29,2,92094
2007,7,,2,8,1.05,1.05,0,0,0,0,1,1,2,1,4,2,28,2,91141
2007,7,,1,11,0,0,0,0,0,0,1,1,2,1,4,1,21,1,83012
2007,7,,3,17,0,0,0,0,0,0,1,1,2,1,4,1,19,1,73083
2007,7,,7,14,0,0,0,0,0,0,1,2,2,1,2,2,59,1,73083
2007,7,,3,12,0,0,0,0,0,0,1,18,2,1,3,1,66,1,72004
2007,7,,3,9,0,0,0,0,0,0,1,4,2,1,7,2,49,1,72029
2007,7,,5,16,1.11,1.11,0,0,0,0,1,1,2,1,3,2,45,2,71066
2007,7,,4,14,0,0,0,0,0,0,1,4,2,1,4,1,51,1,71053
2007,7,,6,4,2,2,0,0,0,0,2,1,1,4,2,2,,,71020
2007,7,,1,18,1.12,1.12,0,0,0,0,1,14,2,1,4,1,31,1,71016
2007,7,,2,16,1.12,1.12,0,0,0,0,1,18,2,1,,2,20,2,71016
2007,7,,7,17,1.16,1.16,0,0,0,0,2,1,2,1,3,2,49,2,64034
2007,7,,2,19,0,0,0,0,0,0,1,1,2,1,2,1,50,1,63001
2007,7,,2,13,1.16,1.16,0,0,0,0,2,10,2,1,8,1,87,2,62063
2007,7,,5,21,0,0,0,0,0,0,1,1,2,1,2,1,,,62063
2007,7,,5,7,1.16,1.16,0,0,0,0,1,1,2,1,2,1,30,1,62063
2007,7,,4,14,1.16,1.16,0,0,0,0,1,1,2,1,7,2,39,2,62063
2007,7,,1,19,0,0,0,0,0,0,1,1,1,1,3,2,63,2,62051
2007,7,,2,15,1.11,1.11,0,0,0,0,1,22,2,1,5,1,22,2,56011
2007,7,,3,15,1.08,1.08,0,0,0,0,1,1,2,1,4,1,80,2,52021
2007,7,,7,21,1,0,0,0,1,1,1,14,1,1,7,2,42,1,52021
2007,7,,7,21,1.07,1.07,0,0,0,0,1,1,2,1,4,1,22,2,51014
2007,7,,1,14,0,0,0,0,0,0,1,1,2,1,4,1,,,52011
2007,7,,5,11,1.09,1.09,0,0,0,0,2,1,2,1,4,2,49,2,44064
2007,7,,2,9,0,0,0,0,0,0,1,6,2,1,2,2,20,1,44045
2007,7,,6,4,1.18,1.18,0,0,0,0,1,1,2,3,3,2,22,2,44021
2007,7,,4,13,1,1,0,0,0,0,1,1,1,1,4,2,74,1,44021
2007,7,,4,11,1.18,1.18,0,0,0,0,2,2,2,1,3,1,4,2,44021
2007,7,,4,18,1.09,1.09,0,0,0,0,1,18,2,1,4,2,31,1,41018
2007,7,,3,19,1.09,1.09,0,0,0,0,1,13,2,1,8,1,27,1,41018
2007,7,,5,18,1.11,1.11,0,0,0,0,1,1,2,1,3,2,23,2,38025
2007,7,,5,19,1.26,1.26,0,0,0,0,1,1,2,1,4,1,39,1,36015
2007,7,,3,16,1.1,0,1.1,0,0,0,1,14,2,1,4,1,57,1,35011
2007,7,,5,19,1.16,1.16,0,0,0,0,1,18,2,1,4,1,66,2,34022
2007,7,,5,20,1.18,1.18,0,0,0,0,1,1,2,1,2,2,24,1,34013
2007,7,,7,10,0,0,0,0,0,0,1,4,2,1,4,1,37,1,34009
2007,7,,3,14,1.15,1.15,0,0,0,0,1,1,2,1,7,2,40,1,31012
2007,7,,3,19,0,0,0,0,0,0,1,2,2,1,3,2,56,1,31006
2007,7,,1,10,0,0,0,0,0,0,1,1,1,1,7,2,23,1,31012
2007,8,,6,23,0,0,0,0,0,0,1,15,2,3,4,1,,,31043
2007,8,,3,22,0,0,0,0,0,0,1,22,2,1,5,2,24,1,31033
2007,8,,5,12,0,0,0,0,0,0,1,18,2,1,4,1,75,1,34013
2007,8,,6,18,1.13,1.13,0,0,0,0,1,18,2,1,3,2,66,2,33037
2007,8,,4,20,1.16,1.16,0,0,0,0,1,18,2,1,4,2,17,2,34022
2007,8,,6,13,0,0,0,0,0,0,1,1,2,1,4,1,66,2,34022
2007,8,,5,12,0,0,0,0,0,0,1,1,2,1,7,1,49,2,34022
2007,8,,7,13,1.15,0,1.15,0,0,0,1,1,2,1,4,2,76,1,35006
2007,8,,7,9,1.15,1.15,0,0,0,0,1,18,2,1,3,2,41,1,34041
2007,8,,6,9,1.17,1.17,0,0,0,0,1,15,2,1,3,1,16,2,34042
2007,8,,3,17,1.26,1.26,0,0,0,0,2,1,2,1,4,1,8,2,36008
2007,8,,5,18,0,0,0,0,0,0,1,1,2,1,4,1,42,2,36008
2007,8,,5,16,0,0,0,0,0,0,1,1,2,1,4,1,38,2,38014
2007,8,,6,10,0,0,0,0,0,0,1,1,2,1,4,2,77,1,41063
2007,8,,5,18,0,0,0,0,0,0,1,7,2,1,2,2,23,1,43010
2007,8,,5,19,1.15,1.15,0,0,0,0,1,1,2,1,4,2,37,2,43010
2007,8,,4,18,0,0,0,0,0,0,1,18,2,1,5,1,28,1,44021
2007,8,,7,21,0,0,0,0,0,0,1,1,2,1,4,1,18,1,44021
2007,8,,1,9,0,0,0,0,0,0,1,4,2,1,2,1,45,1,44021