year,month,monthDay,weekDay,hour,numVictims,numSlightlyInjured,numSeverelyInjured,numMortallyInjured,numDiedWithin24Hours,numDiedWithin30Days,victimType,roadUserType,roadType,lightConditions,collisionType,areaType,age,sex,municipality
2007,8,,1,16,1,1,0,0,0,0,1,2,1,1,3,2,55,2,44021
2007,8,,3,7,1.3,1.3,0,0,0,0,1,1,2,2,7,1,17,1,46003
2007,8,,4,20,1.22,1.22,0,0,0,0,1,1,2,1,2,2,36,2,46021
2007,8,,4,16,0,0,0,0,0,0,1,2,2,1,5,1,45,1,53053
2007,8,,6,16,1.11,1.11,0,0,0,0,1,1,2,1,4,1,54,2,53053
2007,8,,4,19,1.21,1.21,0,0,0,0,1,18,2,1,4,1,11,1,62022
2007,8,,4,12,0,0,0,0,0,0,1,1,2,1,4,1,27,2,61031
2007,8,,2,9,0,0,0,0,0,0,1,6,1,1,3,2,,,61028
2007,8,,5,21,1.16,1.16,0,0,0,0,2,1,2,3,2,1,21,2,62063
2007,8,,4,14,1.15,1.15,0,0,0,0,2,1,2,1,8,2,16,2,63045
2007,8,,3,19,0,0,0,0,0,0,1,1,2,1,3,2,25,2,63076
2007,8,,7,11,1.12,1.12,0,0,0,0,1,14,2,1,4,2,46,2,63072
2007,8,,5,22,1.16,0,1.16,0,0,0,1,22,2,3,5,1,80,1,64034
2007,8,,4,4,1.11,1.11,0,0,0,0,2,1,2,3,7,2,20,2,71022
2007,8,,3,20,0,0,0,0,0,0,1,1,2,1,4,1,31,2,73006
2007,8,,2,19,1.13,1.13,0,0,0,0,1,18,2,1,4,2,37,1,72025
2007,8,,2,14,1.22,1.22,0,0,0,0,1,1,2,1,7,2,21,2,73042
2007,8,,6,14,1.15,1.15,0,0,0,0,1,15,2,1,,1,24,1,73107
2007,8,,7,16,0,0,0,0,0,0,1,1,2,1,4,1,23,1,73107
2007,8,,2,12,1.09,1.09,0,0,0,0,2,2,2,1,7,2,31,1,82009
2007,8,,4,14,1.09,1.09,0,0,0,0,1,2,2,1,4,2,40,2,82003
2007,8,,4,12,1.08,1.08,0,0,0,0,1,16,2,1,6,2,16,1,92045
2007,8,,3,20,1.12,1.12,0,0,0,0,1,4,2,1,3,1,29,1,93022
2007,8,,3,12,0,0,0,0,0,0,1,1,2,1,4,1,36,1,93014
2007,8,,2,20,1.16,1.16,0,0,0,0,1,4,2,1,3,1,39,1,35029
2007,8,,3,13,1.19,1.19,0,0,0,0,1,1,2,1,3,1,35,2,56087
2007,8,,2,19,1.04,1.04,0,0,0,0,1,18,2,1,2,1,16,1,56085
2007,8,,6,22,1.05,1.05,0,0,0,0,1,15,2,2,7,2,19,1,91142
2007,8,,2,23,0,0,0,0,0,0,1,1,2,3,2,1,32,1,71070
2007,8,,6,11,1.07,1.07,0,0,0,0,1,1,2,1,3,1,38,1,92137
2007,8,,6,13,0,0,0,0,0,0,1,1,2,1,3,1,62,2,24020
2007,8,,3,20,0,0,0,0,0,0,1,1,2,1,3,1,34,1,24020
2007,8,,6,4,1.1,1.1,0,0,0,0,2,1,2,3,7,1,18,1,23102
2007,8,,3,8,0,0,0,0,0,0,1,1,2,1,4,2,25,2,24008
2007,8,,1,20,1.13,1.13,0,0,0,0,1,15,2,1,7,1,42,1,23100
2007,8,,5,14,0,0,0,0,0,0,1,1,2,1,4,2,33,1,24107
2007,8,,1,17,1.12,1.12,0,0,0,0,1,14,2,1,7,2,55,1,24135
2007,8,,3,10,0,0,0,0,0,0,1,1,2,1,4,2,58,2,24134
2007,8,,2,18,1.12,1.12,0,0,0,0,1,14,2,1,3,2,28,1,25068
2007,8,,4,19,1.18,1.18,0,0,0,0,1,1,2,1,4,1,27,1,25112
2007,8,,3,22,1.16,1.16,0,0,0,0,1,1,2,3,2,2,41,1,13003
2007,8,,6,12,1.32,1.32,0,0,0,0,2,1,2,1,7,2,14,2,13001
2007,8,,3,14,1.09,1.09,0,0,0,0,2,1,2,1,2,2,10,1,12025
2007,8,,7,16,1.09,1.09,0,0,0,0,1,14,2,1,3,1,40,1,12025
2007,8,,7,18,1.23,1.23,0,0,0,0,1,18,2,1,3,2,59,2,13017
2007,8,,5,16,1.26,1.26,0,0,0,0,1,1,2,1,4,2,20,2,13014
2007,8,,3,13,0,0,0,0,0,0,1,2,2,1,5,2,47,2,13025
2007,8,,6,20,1,0,1,0,0,0,1,1,1,1,7,2,22,1,13029
2007,8,,5,8,0,0,0,0,0,0,1,11,2,1,4,1,29,1,21004
2007,8,,1,9,1.55,1.55,0,0,0,0,2,1,2,1,4,1,3,1,21004
2007,8,,1,20,1.52,1.52,0,0,0,0,1,22,2,1,5,1,23,2,21016
2007,8,,5,10,0,0,0,0,0,0,1,2,2,1,3,2,55,1,31005
2007,8,,4,21,1.27,1.27,0,0,0,0,1,22,2,2,5,1,7,1,11002
2007,8,,5,12,1.12,1.12,0,0,0,0,1,7,2,1,2,2,27,1,11054
2007,8,,2,13,1.18,1.18,0,0,0,0,2,1,2,1,3,2,31,2,11039
2007,8,,3,17,1.14,0,1.14,0,0,0,1,1,2,1,2,1,33,1,12009
2007,8,,3,22,1.27,1.27,0,0,0,0,1,1,2,3,3,2,27,1,11002
2007,8,,3,15,1.27,1.27,0,0,0,0,1,1,2,1,7,1,30,2,11002
2007,8,,5,23,1.27,1.27,0,0,0,0,1,1,2,3,2,1,23,1,11002
2007,8,,5,14,0,0,0,0,0,0,1,24,2,1,5,1,28,1,11002
2007,9,,5,4,1,0,0,0,1,1,1,1,2,3,7,2,38,1,25124
2007,9,,2,9,1.12,1.12,0,0,0,0,1,1,2,1,2,2,35,1,25124
2007,9,,3,14,1.27,1.27,0,0,0,0,1,22,2,1,5,1,48,2,11002
2007,9,,7,15,0,0,0,0,0,0,1,1,2,1,4,1,66,1,11002
2007,9,,1,11,0,0,0,0,0,0,1,1,2,1,4,1,29,2,11002
2007,9,,5,11,0,0,0,0,0,0,1,1,2,1,2,1,25,1,11002
2007,9,,3,16,0,0,0,0,0,0,1,1,2,1,2,1,29,1,11002
2007,9,,3,3,1.27,1.27,0,0,0,0,2,2,2,3,7,2,28,2,11002
2007,9,,7,21,1.09,1.09,0,0,0,0,1,1,2,,3,1,35,1,12025
2007,9,,4,18,1.19,1.19,0,0,0,0,1,1,2,1,7,2,49,2,11013
2007,9,,3,13,1.28,1.28,0,0,0,0,1,16,2,1,3,2,17,1,11023
2007,9,,2,18,1.18,1.18,0,0,0,0,1,16,2,1,4,1,16,1,31005
2007,9,,4,16,0,0,0,0,0,0,1,1,2,1,4,1,38,1,21013
2007,9,,6,15,0,0,0,0,0,0,1,1,2,1,1,1,,,21007
2007,9,,1,17,0,0,0,0,0,0,1,2,2,1,,1,,,21004
2007,9,,4,9,0,0,0,0,0,0,1,1,2,1,3,1,23,2,21001
2007,9,,7,5,1,1,0,0,0,0,1,1,1,4,7,2,28,1,13021
2007,9,,7,23,1,0,1,0,0,0,1,1,1,3,3,2,38,1,12030
2007,9,,6,23,1.09,0,1.09,0,0,0,2,1,2,4,3,1,18,2,24107
2007,9,,6,7,1,1,0,0,0,0,2,1,1,3,2,2,45,2,25014
2007,9,,2,8,0,0,0,0,0,0,1,2,2,1,4,2,72,1,24109
2007,9,,1,16,1.1,1.1,0,0,0,0,1,1,2,1,4,2,26,1,24001
2007,9,,5,18,1.14,1.14,0,0,0,0,2,2,2,1,4,2,15,1,23062
2007,9,,1,22,1.14,1.14,0,0,0,0,1,1,2,3,7,2,23,1,23062
2007,9,,3,21,1.22,0,1.22,0,0,0,2,1,2,3,2,1,21,2,23027
2007,9,,7,14,1,1,0,0,0,0,1,14,1,1,3,2,46,1,23016
2007,9,,2,23,0,0,0,0,0,0,1,1,2,3,4,2,73,2,23033
2007,9,,7,14,0,0,0,0,0,0,1,1,1,1,3,2,27,1,23016
2007,9,,3,18,1.06,1.06,0,0,0,0,2,1,2,1,7,1,24,1,92142
2007,9,,6,12,0,0,0,0,0,0,1,2,1,1,3,2,45,1,23003
2007,9,,1,4,0,0,0,0,0,0,1,1,1,4,3,2,26,1,63089
2007,9,,3,13,0,0,0,0,0,0,1,1,2,1,4,2,29,1,71070
2007,9,,4,12,0,0,0,0,0,0,1,1,2,1,5,1,23,2,55050
2007,9,,7,1,1.16,1.16,0,0,0,0,2,1,2,4,2,2,14,1,35029
2007,9,,4,18,1.08,1.08,0,0,0,0,1,2,2,1,8,2,49,2,92101
2007,9,,6,11,0,0,0,0,0,0,1,6,2,1,2,2,54,1,93014
2007,9,,4,4,1,0,0,0,1,1,1,7,1,4,7,2,45,1,92094
2007,9,,6,5,1.05,1.05,0,0,0,0,2,1,2,3,6,2,20,1,91005
2007,9,,7,5,1.05,1.05,0,0,0,0,2,1,2,3,4,1,19,1,84009
2007,9,,6,15,0,0,0,0,0,0,1,1,2,1,4,1,46,2,81001
2007,9,,6,0,1.22,1.22,0,0,0,0,2,1,2,3,3,2,39,2,73042
2007,9,,7,17,1.15,1.15,0,0,0,0,1,1,2,1,7,2,22,2,73107
2007,9,,3,8,0,0,0,0,0,0,1,10,2,1,3,2,61,1,73022
2007,9,,4,9,1.09,1.09,0,0,0,0,2,1,2,1,4,2,7,2,73001
2007,9,,2,23,1.12,1.12,0,0,0,0,1,1,2,3,2,2,26,1,71016
2007,9,,3,13,1.11,1.11,0,0,0,0,1,1,2,1,4,2,35,2,71022
2007,9,,4,18,0,0,0,0,0,0,1,1,2,1,4,1,53,2,63079
2007,9,,2,16,1.15,1.15,0,0,0,0,1,15,2,1,8,1,36,1,63079
2007,9,,5,8,1.03,1.03,0,0,0,0,1,1,2,1,3,2,31,2,63067
2007,9,,6,10,1.15,1.15,0,0,0,0,2,1,2,1,4,2,35,1,63020
2007,9,,2,17,0,0,0,0,0,0,1,6,1,1,3,2,21,1,62051
2007,9,,2,16,1,1,0,0,0,0,1,1,1,1,4,2,24,2,62003
2007,9,,3,20,1.08,1.08,0,0,0,0,2,1,2,2,4,1,9,1,61031
2007,9,,7,19,1.09,0,1.09,0,0,0,1,14,2,1,4,2,29,1,61019
2007,9,,6,16,0,0,0,0,0,0,1,1,2,1,4,1,72,2,56011
2007,9,,1,7,1.23,0,1.23,0,0,0,1,18,2,2,4,1,20,2,54007
2007,9,,7,21,0,0,0,0,0,0,1,1,2,2,4,1,25,2,55022
2007,9,,1,10,1,1,0,0,0,0,1,17,2,1,3,2,45,1,52018
2007,9,,2,9,1.28,1.28,0,0,0,0,1,1,2,1,4,1,46,2,52011
2007,9,,2,17,0,0,0,0,0,0,1,1,1,1,3,2,52,1,52011
2007,9,,6,14,0,0,0,0,0,0,1,2,2,1,4,1,34,2,52012
2007,9,,6,0,1.08,1.08,0,0,0,0,1,1,2,3,7,2,24,1,51004
2007,9,,6,19,0,0,0,0,0,0,1,7,1,1,7,2,,,46003
2007,9,,4,21,1.1,1.1,0,0,0,0,1,18,2,1,3,1,16,1,46013
2007,9,,1,9,0,0,0,0,0,0,1,7,1,1,3,2,53,1,44040
2007,9,,2,20,1.14,1.14,0,0,0,0,1,1,2,4,7,2,18,1,44052
2007,9,,5,17,1,1,0,0,0,0,1,1,1,1,3,2,24,2,44048
2007,9,,4,19,1.18,1.18,0,0,0,0,2,1,2,1,4,1,53,2,44021
2007,9,,2,15,1.18,1.18,0,0,0,0,2,1,2,1,3,2,66,2,44021
2007,9,,6,15,1.18,1.18,0,0,0,0,1,1,2,1,3,1,57,1,44021
2007,9,,1,18,0,0,0,0,0,0,1,1,2,1,3,1,34,1,44021
2007,9,,5,9,1.1,1.1,0,0,0,0,1,18,2,1,4,2,58,1,44019
2007,9,,7,15,1.15,0,1.15,0,0,0,1,22,2,1,5,1,82,2,43010
2007,9,,7,17,1.19,1.19,0,0,0,0,2,2,2,1,3,1,28,2,42003
2007,9,,6,0,1.13,1.13,0,0,0,0,2,1,2,3,7,2,17,1,36012
2007,9,,6,18,1.22,1.22,0,0,0,0,1,18,2,1,4,1,12,2,35013
2007,9,,3,12,1.26,1.26,0,0,0,0,1,1,2,1,3,1,38,2,36015
2007,9,,3,17,0,0,0,0,0,0,1,1,2,1,2,1,39,2,35013
2007,9,,1,22,1,1,0,0,0,0,1,1,1,3,1,2,60,1,34040
2007,9,,1,15,1.13,1.13,0,0,0,0,2,4,2,1,4,2,58,2,33011
2007,9,,7,13,1.1,0,1.1,0,0,0,2,1,2,1,2,2,77,2,32010
2007,10,,4,16,0,0,0,0,0,0,1,1,2,1,3,1,41,2,31022
2007,10,,1,1,1.13,1.13,0,0,0,0,1,1,2,3,3,1,28,1,33011
2007,10,,3,15,1.13,0,1.13,0,0,0,1,1,2,1,2,2,31,1,33029
2007,10,,4,13,0,0,0,0,0,0,1,4,2,1,3,2,36,1,34022
2007,10,,2,9,1.22,1.22,0,0,0,0,1,18,2,1,4,1,13,2,35013
2007,10,,1,17,0,0,0,0,0,0,1,1,2,1,4,2,33,1,37015
2007,10,,2,21,0,0,0,0,0,0,1,1,2,3,4,1,62,2,41002
2007,10,,7,21,1.15,1.15,0,0,0,0,1,4,2,3,3,1,62,1,41048
2007,10,,3,13,1.12,1.12,0,0,0,0,1,1,2,1,4,2,39,1,41034
2007,10,,7,13,0,0,0,0,0,0,1,16,2,1,4,1,,,41018
2007,10,,6,16,1.17,1.17,0,0,0,0,1,1,2,1,3,1,50,2,42025
2007,10,,3,9,1.19,1.19,0,0,0,0,1,1,2,1,1,2,34,2,42028
2007,10,,6,12,0,0,0,0,0,0,1,1,2,1,4,1,48,2,43018
2007,10,,7,18,0,0,0,0,0,0,1,1,2,1,3,1,52,2,44019
2007,10,,6,12,1.18,1.18,0,0,0,0,1,18,2,1,3,1,25,2,44021
2007,10,,2,15,1.18,0,1.18,0,0,0,1,18,2,1,4,1,21,2,44021
2007,10,,1,15,0,0,0,0,0,0,1,1,2,1,4,1,55,2,44021
2007,10,,2,19,1.09,1.09,0,0,0,0,2,1,2,3,3,2,22,2,44064
2007,10,,5,20,1.14,1.14,0,0,0,0,1,2,2,2,3,2,33,2,44052
2007,10,,5,21,1.18,1.18,0,0,0,0,2,1,2,3,4,2,10,2,44021
2007,10,,6,17,1.11,1.11,0,0,0,0,2,1,2,1,2,1,28,2,45035
2007,10,,6,19,0,0,0,0,0,0,1,2,2,3,3,1,32,1,46024
2007,10,,6,12,1.1,1.1,0,0,0,0,1,1,2,1,3,2,71,1,46025
2007,10,,3,13,1.28,1.28,0,0,0,0,2,1,2,1,4,1,56,2,52011
2007,10,,5,13,1.1,1.1,0,0,0,0,1,14,2,1,3,1,52,1,53028
2007,10,,6,14,0,0,0,0,0,0,1,1,2,1,4,1,54,1,53053
2007,10,,3,22,1,1,0,0,0,0,1,1,1,3,7,2,24,1,52021
2007,10,,2,10,1,0,0,0,1,1,2,2,1,1,1,2,47,2,57081
2007,10,,7,11,1.16,1.16,0,0,0,0,2,1,2,1,4,2,33,2,55040
2007,10,,6,8,1.03,1.03,0,0,0,0,1,18,2,2,3,2,14,2,57027
2007,10,,5,22,1.21,1.21,0,0,0,0,1,1,2,3,2,1,56,1,62009
2007,10,,4,22,1.09,1.09,0,0,0,0,1,2,2,4,6,2,20,1,61041
2007,10,,3,15,0,0,0,0,0,0,1,2,2,1,2,1,24,1,62063
2007,10,,1,20,0,0,0,0,0,0,1,1,2,3,2,1,23,1,62063
2007,10,,7,18,1.03,0,1.03,0,0,0,1,14,2,2,2,1,19,1,63067
2007,10,,4,16,0,0,0,0,0,0,1,1,2,1,5,1,21,1,63020
2007,10,,1,23,0,0,0,0,0,0,1,1,2,3,2,2,25,2,71004
2007,10,,1,17,0,0,0,0,0,0,1,1,2,1,2,2,31,1,71016
2007,10,,4,11,1.13,1.13,0,0,0,0,1,1,2,1,4,2,32,1,71053
2007,10,,2,7,1,0,1,0,0,0,1,1,2,2,2,2,79,1,72030
2007,10,,2,21,1.12,0,1.12,0,0,0,1,1,2,3,2,2,41,2,81004
2007,10,,5,10,1.09,1.09,0,0,0,0,1,2,2,1,4,1,39,1,73083
2007,10,,5,11,1.48,1.48,0,0,0,0,1,1,2,1,2,1,40,1,83034
2007,10,,6,21,0,0,0,0,0,0,1,2,2,3,3,1,25,2,92035
2007,10,,7,16,1.05,1.05,0,0,0,0,1,1,2,1,7,2,54,1,93056
2007,10,,5,0,1,1,0,0,0,0,1,1,2,3,2,2,19,1,92114
2007,10,,3,18,0,0,0,0,0,0,1,2,2,1,4,2,31,2,84077
2007,10,,4,20,1.1,1.1,0,0,0,0,1,14,2,3,4,2,43,1,71069
2007,10,,7,14,1.06,1.06,0,0,0,0,1,1,2,1,4,1,75,1,92142
2007,10,,3,18,0,0,0,0,0,0,1,4,2,1,3,1,43,1,23002
2007,10,,1,15,0,0,0,0,0,0,1,1,2,1,5,1,38,1,23027
2007,10,,4,8,0,0,0,0,0,0,1,1,2,2,4,2,45,1,23027
2007,10,,2,16,0,0,0,0,0,0,1,1,2,1,4,1,63,1,23094
2007,10,,7,17,0,0,0,0,0,0,1,1,2,1,1,1,36,1,23094
2007,10,,1,18,1.14,1.14,0,0,0,0,2,1,2,1,2,2,40,2,23062
2007,10,,6,16,1.22,1.22,0,0,0,0,1,15,2,1,4,1,41,2,24062
2007,10,,1,16,1.09,0,1.09,0,0,0,1,14,2,1,8,1,25,1,24107
2007,10,,4,16,1.13,1.13,0,0,0,0,1,,2,1,6,1,47,1,25050
2007,10,,6,16,1.12,1.12,0,0,0,0,2,2,2,1,4,1,61,2,25107
2007,10,,1,22,1.44,1.44,0,0,0,0,1,1,2,3,2,1,26,1,25044
2007,10,,3,12,0,0,0,0,0,0,1,1,2,1,3,2,50,1,13003
2007,10,,5,20,1.12,1.12,0,0,0,0,1,1,2,3,4,2,29,1,12034
2007,10,,5,14,1.09,1.09,0,0,0,0,2,1,2,1,4,2,6,2,12025
2007,10,,1,11,0,0,0,0,0,0,1,1,2,1,4,1,22,2,12025
2007,10,,2,10,1.16,1.16,0,0,0,0,2,1,2,1,3,2,47,2,13011
2007,10,,5,23,0,0,0,0,0,0,1,1,2,3,4,1,18,2,21001
2007,10,,1,19,1.55,1.55,0,0,0,0,1,2,2,3,4,1,,1,21004
2007,10,,4,8,1.19,1.19,0,0,0,0,2,1,2,1,4,1,46,2,21013
2007,10,,1,10,0,0,0,0,0,0,1,1,2,1,4,1,39,1,21010
2007,10,,3,15,0,0,0,0,0,0,1,2,2,1,4,1,65,2,21016
2007,10,,1,20,1.32,1.32,0,0,0,0,1,18,2,3,3,1,31,1,21015
2007,10,,3,16,0,0,0,0,0,0,1,1,2,1,4,2,84,1,31005
2007,10,,2,9,1,0,1,0,0,0,1,4,1,1,3,2,47,1,31005
2007,10,,5,10,1.18,1.18,0,0,0,0,1,18,2,1,4,1,19,2,31005
2007,10,,1,16,1,0,1,0,0,0,2,,1,1,4,2,,,11002
2007,10,,7,16,1.27,1.27,0,0,0,0,1,22,2,1,5,2,12,2,11002
2007,10,,2,8,1.19,1.19,0,0,0,0,1,18,2,2,4,1,13,1,11013
2007,10,,5,11,0,0,0,0,0,0,1,1,2,1,3,1,36,1,11002
2007,10,,4,16,2.54,2.54,0,0,0,0,2,4,2,1,3,1,30,1,11002
2007,10,,4,9,0,0,0,0,0,0,1,6,2,1,4,1,40,1,11002
2007,11,,5,18,0,0,0,0,0,0,1,1,2,3,5,2,45,2,11002
2007,11,,5,20,1,1,0,0,0,0,1,2,1,4,4,2,44,2,11002
2007,11,,2,19,1.27,1.27,0,0,0,0,2,1,2,3,4,1,24,2,11002
2007,11,,3,17,1.27,1.27,0,0,0,0,2,10,2,2,4,1,25,2,11002
2007,11,,2,20,1.17,1.17,0,0,0,0,2,1,2,3,4,1,42,2,12014
2007,11,,7,15,0,0,0,0,0,0,1,1,2,1,4,2,78,2,11055
2007,11,,6,15,1.19,1.19,0,0,0,0,2,1,2,1,4,2,49,2,11013
2007,11,,7,2,1.28,1.28,0,0,0,0,2,1,2,3,7,1,19,1,11023
2007,11,,6,16,0,0,0,0,0,0,1,1,2,1,4,1,20,2,11002
2007,11,,3,13,1.15,1.15,0,0,0,0,1,22,2,1,5,1,53,2,11005
2007,11,,2,10,1.18,1.18,0,0,0,0,1,1,2,1,3,2,55,1,31005
2007,11,,2,14,0,0,0,0,0,0,1,1,2,1,3,1,55,2,21019
2007,11,,6,22,0,0,0,0,0,0,1,1,2,3,2,1,23,1,21012
2007,11,,6,15,1.19,1.19,0,0,0,0,1,22,2,1,5,1,75,2,21001
2007,11,,2,9,0,0,0,0,0,0,1,10,2,1,2,2,55,2,13023
2007,11,,2,13,0,0,0,0,0,0,1,2,2,1,4,1,51,1,13040
2007,11,,2,9,0,0,0,0,0,0,1,2,2,1,,1,55,1,13011
2007,11,,6,19,0,0,0,0,0,0,1,1,2,3,4,1,21,1,12025
2007,11,,4,12,1.18,1.18,0,0,0,0,1,,2,1,4,1,28,1,25112
2007,11,,5,10,1,1,0,0,0,0,1,1,2,1,6,2,29,1,25031
2007,11,,4,18,1.09,1.09,0,0,0,0,1,1,2,3,3,1,38,2,24094
2007,11,,2,19,0,0,0,0,0,0,1,1,2,2,4,1,60,2,24062
2007,11,,5,4,1,1,0,0,0,0,1,1,1,3,3,2,35,2,24001
2007,11,,7,18,0,0,0,0,0,0,1,1,2,3,2,1,56,1,23094
2007,11,,7,11,0,0,0,0,0,0,1,1,2,1,5,1,25,1,23077
2007,11,,1,15,0,0,0,0,0,0,1,4,2,1,3,2,45,1,23016
2007,11,,1,21,1.11,0,1.11,0,0,0,1,4,2,4,7,2,19,1,72040
2007,11,,4,7,1.16,1.16,0,0,0,0,2,1,2,2,8,2,4,1,55035
2007,11,,2,20,1.1,1.1,0,0,0,0,1,2,2,3,4,2,24,2,92094
2007,11,,6,16,1.04,1.04,0,0,0,0,1,2,2,1,4,2,24,2,91059
2007,11,,7,14,1.15,1.15,0,0,0,0,1,1,2,1,4,2,20,1,73107
2007,11,,2,19,1.12,1.12,0,0,0,0,1,1,2,3,3,1,26,2,71016
2007,11,,1,8,1.12,1.12,0,0,0,0,1,1,2,2,3,1,36,2,71016
2007,11,,6,6,0,0,0,0,0,0,1,1,2,3,2,2,34,1,64074
2007,11,,5,4,1,1,0,0,0,0,2,1,2,3,7,1,22,2,62096
2007,11,,2,19,1.16,1.16,0,0,0,0,1,22,2,,5,1,39,2,62063
2007,11,,2,18,1.16,1.16,0,0,0,0,1,22,2,1,5,1,36,1,62063
2007,11,,4,16,0,0,0,0,0,0,1,1,2,1,3,2,55,2,61063
2007,11,,7,5,0,0,0,0,0,0,1,1,2,3,7,2,20,1,57081
2007,11,,6,19,1.16,1.16,0,0,0,0,2,2,2,3,3,1,52,2,55022
2007,11,,6,12,1.23,1.23,0,0,0,0,1,1,2,1,3,2,62,1,54007
2007,11,,1,18,1.1,1.1,0,0,0,0,1,16,2,3,2,1,25,1,53065
2007,11,,3,13,0,0,0,0,0,0,1,2,2,1,3,1,36,1,53053
2007,11,,7,1,1.19,1.19,0,0,0,0,1,1,2,3,7,1,26,1,52063
2007,11,,5,14,1.28,1.28,0,0,0,0,1,14,2,1,4,1,30,1,52011
2007,11,,7,5,1,0,1,0,0,0,2,1,1,3,6,2,15,2,52015
2007,11,,1,9,0,0,0,0,0,0,1,1,2,2,3,1,45,2,46021
2007,11,,2,8,0,0,0,0,0,0,1,1,2,3,4,2,37,2,44052
2007,11,,4,17,0,0,0,0,0,0,1,1,2,2,5,2,23,2,44021
2007,11,,2,17,1.18,1.18,0,0,0,0,1,14,2,1,3,2,25,1,43014
2007,11,,4,20,1.14,1.14,0,0,0,0,2,1,2,3,4,1,23,2,38014
2007,11,,1,8,1.13,1.13,0,0,0,0,1,2,2,2,4,2,51,2,37015
2007,11,,4,13,0,0,0,0,0,0,1,2,2,1,2,1,,,35013
2007,11,,3,20,1.26,1.26,0,0,0,0,1,1,2,3,4,1,64,2,36015
2007,11,,7,12,0,0,0,0,0,0,1,1,2,1,4,1,52,1,35013
2007,11,,6,18,1.17,1.17,0,0,0,0,1,2,2,3,3,1,38,2,34040
2007,11,,2,18,1,0,1,0,0,0,1,1,1,3,1,2,32,2,34022
2007,11,,4,14,1.15,1.15,0,0,0,0,1,1,2,1,2,2,22,2,34027
2007,11,,3,9,1,1,0,0,0,0,1,14,1,1,8,2,22,1,31012
2007,12,,6,19,0,0,0,0,0,0,1,1,2,3,4,1,21,1,31033
2007,12,,6,17,1.16,1.16,0,0,0,0,1,22,2,3,5,1,86,2,34022
2007,12,,6,6,1.1,1.1,0,0,0,0,2,1,2,3,7,2,26,2,32010
2007,12,,1,17,0,0,0,0,0,0,1,2,2,1,4,2,36,1,34022
2007,12,,3,19,0,0,0,0,0,0,1,2,2,3,2,2,29,1,34027
2007,12,,5,14,1.15,1.15,0,0,0,0,1,18,2,1,4,2,34,1,41048
2007,12,,7,19,1.14,1.14,0,0,0,0,1,1,2,3,4,1,21,2,42006
2007,12,,1,21,0,0,0,0,0,0,1,1,2,3,4,2,25,1,44001
2007,12,,1,21,0,0,0,0,0,0,1,1,2,3,3,1,30,1,44021
2007,12,,6,21,1.18,1.18,0,0,0,0,1,22,2,3,5,1,28,2,44021
2007,12,,2,1,0,0,0,0,0,0,1,4,2,3,4,1,41,2,44021
2007,12,,6,16,1.13,1.13,0,0,0,0,1,18,2,1,4,1,74,2,44036
2007,12,,4,9,0,0,0,0,0,0,1,1,2,1,4,1,36,2,46021
2007,12,,5,16,1.22,1.22,0,0,0,0,1,18,2,1,4,1,27,1,46021
2007,12,,3,8,0,0,0,0,0,0,1,1,2,2,,1,25,2,46021
2007,12,,4,10,1.28,1.28,0,0,0,0,1,1,2,1,3,1,55,2,52011
2007,12,,1,12,0,0,0,0,0,0,1,4,2,1,4,1,55,1,52015
2007,12,,4,20,1.23,1.23,0,0,0,0,1,1,2,3,7,2,42,1,54007
2007,12,,2,16,1.11,1.11,0,0,0,0,1,1,2,1,4,1,38,1,56011
2007,12,,6,3,1.08,1.08,0,0,0,0,1,4,2,3,3,1,25,1,61031
2007,12,,4,18,0,0,0,0,0,0,1,1,2,3,,1,41,1,62009
2007,12,,7,21,0,0,0,0,0,0,1,1,2,3,4,1,29,1,62063
2007,12,,7,17,0,0,0,0,0,0,1,1,2,2,5,1,50,2,62063
2007,12,,6,18,1.13,1.13,0,0,0,0,2,1,1,2,3,2,7,2,62108
2007,12,,6,18,1.13,1.13,0,0,0,0,2,1,1,2,3,2,5,2,62108
2007,12,,7,21,1.15,1.15,0,0,0,0,1,22,2,3,3,1,30,1,63079
2007,12,,1,16,0,0,0,0,0,0,1,1,2,1,4,1,25,1,63079
2007,12,,3,19,1.12,1.12,0,0,0,0,1,1,2,4,3,2,38,2,63076
2007,12,,7,20,1.07,1.07,0,0,0,0,2,1,2,3,2,1,1,2,63035
2007,12,,6,9,1,0,1,0,0,0,1,1,2,2,8,2,22,1,64074
2007,12,,6,11,1.12,1.12,0,0,0,0,1,1,2,1,7,2,48,1,71016
2007,12,,5,14,0,0,0,0,0,0,1,1,2,1,1,2,34,2,71022
2007,12,,7,15,1.21,1.21,0,0,0,0,2,2,2,1,7,2,39,2,72020
2007,12,,4,12,0,0,0,0,0,0,1,4,2,1,3,2,41,1,72020
2007,12,,6,17,1.13,1.13,0,0,0,0,1,1,2,1,1,2,49,1,72029
2007,12,,5,15,1.22,1.22,0,0,0,0,1,16,2,1,4,1,17,1,73042