year,month,monthDay,weekDay,hour,numVictims,numSlightlyInjured,numSeverelyInjured,numMortallyInjured,numDiedWithin24Hours,numDiedWithin30Days,victimType,roadUserType,roadType,lightConditions,collisionType,areaType,age,sex,municipality
2007,12,,6,20,1,1,0,0,0,0,1,15,2,3,3,1,35,1,81001
2007,12,,6,5,1.31,1.31,0,0,0,0,1,1,2,4,7,2,23,1,85045
2007,12,,5,21,0,0,0,0,0,0,1,1,2,3,3,1,46,1,92035
2007,12,,1,22,1.1,1.1,0,0,0,0,2,2,2,3,2,1,16,1,92094
2007,12,,7,22,1.12,1.12,0,0,0,0,1,2,2,3,4,1,27,1,93088
2007,12,,4,10,0,0,0,0,0,0,1,2,1,1,3,2,27,2,23025
2007,12,,1,12,1.1,1.1,0,0,0,0,1,2,2,1,4,2,52,1,23016
2007,12,,7,20,0,0,0,0,0,0,1,2,2,3,4,2,37,1,24062
2007,12,,4,10,1.44,1.44,0,0,0,0,2,1,2,1,7,2,55,2,25044
2007,12,,3,0,0,0,0,0,0,0,1,1,2,3,3,2,74,1,12035
2007,12,,6,12,0,0,0,0,0,0,1,1,2,1,3,1,,,12025
2007,12,,2,13,1.23,1.23,0,0,0,0,1,1,2,1,3,2,23,2,13017
2007,12,,7,18,0,0,0,0,0,0,1,4,2,3,4,2,42,1,13040
2007,12,,3,6,1.19,1.19,0,0,0,0,1,1,2,3,7,1,47,1,21001
2007,12,,6,18,0,0,0,0,0,0,1,2,2,3,,1,56,1,21011
2007,12,,3,15,1.23,1.23,0,0,0,0,1,18,2,1,,1,11,1,21010
2007,12,,5,20,0,0,0,0,0,0,1,2,2,3,3,2,29,1,31005
2007,12,,1,14,1.18,1.18,0,0,0,0,1,4,2,1,7,1,56,1,31005
2007,12,,4,17,0,0,0,0,0,0,1,1,2,3,3,1,35,1,31005
2007,12,,1,1,1.27,1.27,0,0,0,0,2,1,2,3,2,1,16,2,11002
2007,12,,4,19,1.19,1.19,0,0,0,0,1,2,2,3,3,2,48,1,11024
2007,12,,6,14,1.18,1.18,0,0,0,0,2,1,2,1,4,2,7,1,11009
2007,12,,4,19,1.19,1.19,0,0,0,0,1,1,2,3,7,2,33,1,11013
2007,12,,5,17,1.22,1.22,0,0,0,0,1,1,2,1,3,2,69,1,12021
2007,12,,2,18,0,0,0,0,0,0,1,7,2,2,4,2,34,1,11002
2007,12,,3,11,0,0,0,0,0,0,1,1,2,1,4,1,40,1,11002
2007,12,,6,13,0,0,0,0,0,0,1,1,2,1,5,1,51,1,25120
2008,1,,6,3,1.24,1.24,0,0,0,0,2,1,2,3,4,1,38,2,11002
2008,1,,1,8,1.24,1.24,0,0,0,0,1,18,2,2,3,1,44,1,11002
2008,1,,2,18,0,0,0,0,0,0,1,1,2,1,5,1,23,1,12025
2008,1,,6,15,1,0,1,0,0,0,2,2,1,1,7,2,,,11054
2008,1,,3,21,1.31,1.31,0,0,0,0,1,14,2,3,4,1,46,1,11037
2008,1,,1,18,1,0,1,0,0,0,1,2,2,1,4,2,75,1,11002
2008,1,,1,17,1.24,0,1.24,0,0,0,1,22,2,1,5,1,13,2,11002
2008,1,,5,15,0,0,0,0,0,0,1,1,2,1,5,1,53,1,21018
2008,1,,2,18,1.33,1.33,0,0,0,0,1,1,2,2,3,1,36,1,21009
2008,1,,7,6,0,0,0,0,0,0,1,1,2,3,5,1,20,2,21004
2008,1,,1,14,1.33,1.33,0,0,0,0,2,10,2,1,8,1,75,1,21004
2008,1,,1,17,0,0,0,0,0,0,1,1,2,1,5,1,57,1,21001
2008,1,,5,19,0,0,0,0,0,0,1,11,2,1,5,1,27,1,21004
2008,1,,5,10,1.19,1.19,0,0,0,0,1,1,2,1,4,1,75,1,21001
2008,1,,1,10,1.19,1.19,0,0,0,0,1,24,2,1,4,1,21,1,21001
2008,1,,3,12,1.23,1.23,0,0,0,0,2,1,2,1,4,1,64,1,13046
2008,1,,7,13,0,0,0,0,0,0,1,16,2,1,,1,62,1,13023
2008,1,,2,17,1,1,0,0,0,0,2,2,2,1,4,1,19,1,13025
2008,1,,6,12,1.12,0,1.12,0,0,0,1,1,2,1,7,1,25,1,13016
2008,1,,4,19,1,1,0,0,0,0,1,1,1,3,7,2,34,2,13008
2008,1,,2,13,1.3,1.3,0,0,0,0,2,1,2,1,3,1,18,2,12025
2008,1,,2,14,0,0,0,0,0,0,1,1,2,1,4,1,53,1,12025
2008,1,,4,19,1.15,1.15,0,0,0,0,1,15,2,3,4,1,39,1,25105
2008,1,,1,18,1.12,1.12,0,0,0,0,1,14,2,3,3,1,45,1,24048
2008,1,,3,18,1.12,1.12,0,0,0,0,1,1,2,3,3,1,55,2,24033
2008,1,,7,2,1.11,1.11,0,0,0,0,2,2,2,3,7,2,25,2,24038
2008,1,,3,8,1.09,1.09,0,0,0,0,1,15,2,3,2,1,31,1,24059
2008,1,,6,11,1.12,1.12,0,0,0,0,1,22,2,1,5,2,23,2,24014
2008,1,,1,10,0,0,0,0,0,0,1,4,2,1,4,2,30,1,23104
2008,1,,1,15,1.21,1.21,0,0,0,0,1,18,2,1,4,1,24,1,23027
2008,1,,7,21,1.09,1.09,0,0,0,0,2,2,2,3,3,1,35,1,92142
2008,1,,4,5,1,1,0,0,0,0,1,1,2,4,6,2,19,1,85046
2008,1,,6,21,1.13,1.13,0,0,0,0,1,1,2,3,4,1,43,1,53083
2008,1,,6,0,0,0,0,0,0,0,1,1,1,3,3,2,41,1,41082
2008,1,,5,14,0,0,0,0,0,0,1,1,2,1,4,2,33,1,92101
2008,1,,2,17,0,0,0,0,0,0,1,2,2,3,4,1,65,1,92094
2008,1,,5,12,1,1,0,0,0,0,2,1,2,1,3,2,3,1,92006
2008,1,,4,11,0,0,0,0,0,0,1,1,2,1,2,2,35,1,91034
2008,1,,1,13,1.19,0,1.19,0,0,0,1,18,2,1,3,2,16,2,72020
2008,1,,2,13,1.09,1.09,0,0,0,0,1,18,2,1,4,2,44,1,71057
2008,1,,4,18,1.17,1.17,0,0,0,0,1,18,2,3,4,1,37,2,71022
2008,1,,4,18,0,0,0,0,0,0,1,1,2,3,4,1,36,2,71022
2008,1,,4,22,1.17,1.17,0,0,0,0,1,1,2,3,4,1,23,2,71011
2008,1,,7,22,1.1,1.1,0,0,0,0,1,1,2,3,2,1,21,1,63023
2008,1,,4,7,0,0,0,0,0,0,1,7,1,3,4,2,40,1,63035
2008,1,,5,12,1.16,1.16,0,0,0,0,1,16,2,1,,1,54,1,63058
2008,1,,6,3,0,0,0,0,0,0,1,1,2,4,5,2,20,1,63035
2008,1,,2,17,0,0,0,0,0,0,1,1,2,1,4,1,50,1,62063
2008,1,,5,21,1.17,1.17,0,0,0,0,2,1,2,3,4,1,36,2,62051
2008,1,,3,11,1.18,1.18,0,0,0,0,1,1,2,1,3,1,40,2,62063
2008,1,,4,14,1.18,1.18,0,0,0,0,1,16,2,1,4,1,38,1,62063
2008,1,,1,17,1.12,1.12,0,0,0,0,1,15,2,1,4,1,44,2,61031
2008,1,,6,17,1.12,1.12,0,0,0,0,1,15,2,1,6,1,29,2,61031
2008,1,,6,13,1.22,1.22,0,0,0,0,2,2,2,1,3,1,40,2,56011
2008,1,,6,1,0,0,0,0,0,0,1,8,2,3,3,1,43,1,56001
2008,1,,1,19,2,1,1,0,0,0,1,1,2,3,4,2,,1,55022
2008,1,,3,20,0,0,0,0,0,0,1,1,2,3,4,1,26,2,55022
2008,1,,7,4,1.25,1.25,0,0,0,0,2,1,2,3,7,1,22,1,55022
2008,1,,3,19,0,0,0,0,0,0,1,1,2,3,5,2,47,2,53053
2008,1,,5,20,1.21,1.21,0,0,0,0,1,22,2,3,5,1,16,1,52011
2008,1,,7,13,0,0,0,0,0,0,1,1,2,1,3,2,52,1,46025
2008,1,,3,9,0,0,0,0,0,0,1,1,2,2,4,1,60,2,45041
2008,1,,1,19,0,0,0,0,0,0,1,1,2,3,2,1,24,1,44064
2008,1,,6,20,0,0,0,0,0,0,1,2,2,3,3,2,48,1,44043
2008,1,,2,17,0,0,0,0,0,0,1,1,2,1,3,1,71,1,44021
2008,1,,2,16,0,0,0,0,0,0,1,1,2,1,4,1,62,2,44019
2008,1,,1,19,0,0,0,0,0,0,1,1,2,3,2,2,47,1,42028
2008,1,,2,1,1,0,0,0,1,1,2,1,1,4,6,2,20,2,42028
2008,1,,1,19,1.12,1.12,0,0,0,0,1,1,2,3,4,2,40,1,42025
2008,1,,7,19,1.16,1.16,0,0,0,0,1,9,2,3,3,2,35,1,41081
2008,1,,3,16,1.17,1.17,0,0,0,0,1,1,2,1,3,2,53,2,38025
2008,1,,4,17,0,0,0,0,0,0,1,1,2,1,2,1,71,1,36019
2008,1,,3,14,0,0,0,0,0,0,1,2,2,1,4,1,38,1,36008
2008,1,,4,22,1.15,1.15,0,0,0,0,1,18,2,3,4,1,35,1,34042
2008,1,,4,17,0,0,0,0,0,0,1,1,2,1,4,2,33,2,35006
2008,1,,3,11,0,0,0,0,0,0,1,4,2,1,4,1,42,1,34022
2008,1,,1,23,0,0,0,0,0,0,1,7,1,3,3,2,48,1,34022
2008,1,,4,13,0,0,0,0,0,0,1,1,2,1,,1,29,2,33011
2008,1,,3,13,1.14,1.14,0,0,0,0,1,18,2,1,4,1,52,2,31033
2008,2,,3,21,1.2,1.2,0,0,0,0,1,1,2,3,3,1,29,1,31022
2008,2,,2,19,0,0,0,0,0,0,1,1,2,3,3,1,51,2,34013
2008,2,,2,14,1.18,1.18,0,0,0,0,1,18,2,1,2,1,17,2,34022
2008,2,,7,15,1,1,0,0,0,0,1,1,1,1,7,2,42,2,34022
2008,2,,7,5,1.18,1.18,0,0,0,0,1,1,2,3,7,2,20,,34022
2008,2,,5,13,1.26,1.26,0,0,0,0,1,15,2,1,2,1,56,1,35013
2008,2,,6,21,1.15,1.15,0,0,0,0,1,1,2,3,3,1,19,2,34042
2008,2,,5,0,1.25,1.25,0,0,0,0,1,18,2,3,4,1,23,1,36015
2008,2,,1,19,0,0,0,0,0,0,1,1,2,1,4,1,24,1,36015
2008,2,,3,14,0,0,0,0,0,0,1,1,2,1,2,1,51,1,41002
2008,2,,2,6,1,1,0,0,0,0,2,10,2,3,2,1,40,1,41034
2008,2,,4,9,1.19,1.19,0,0,0,0,1,1,2,1,2,1,58,1,41024
2008,2,,3,9,0,0,0,0,0,0,1,7,1,1,4,2,48,1,42010
2008,2,,3,16,0,0,0,0,0,0,1,1,2,1,4,1,24,2,42008
2008,2,,1,4,1.1,1.1,0,0,0,0,1,1,2,3,4,1,25,2,42008
2008,2,,6,16,0,0,0,0,0,0,1,1,2,1,3,1,25,1,42006
2008,2,,1,14,0,0,0,0,0,0,1,1,2,1,3,2,49,2,44001
2008,2,,5,9,0,0,0,0,0,0,1,1,2,1,3,2,28,1,44021
2008,2,,5,15,1.22,1.22,0,0,0,0,1,1,2,1,7,1,40,2,44019
2008,2,,4,13,0,0,0,0,0,0,1,4,2,1,3,1,23,2,44021
2008,2,,1,13,1.19,1.19,0,0,0,0,1,22,2,1,5,1,21,2,44021
2008,2,,2,21,1.19,1.19,0,0,0,0,1,16,2,3,4,1,17,1,44021
2008,2,,7,18,0,0,0,0,0,0,1,2,2,1,4,1,79,2,44021
2008,2,,2,18,0,0,0,0,0,0,1,1,2,1,4,1,78,2,44021
2008,2,,4,11,1.16,1.16,0,0,0,0,1,22,2,1,5,1,13,1,45041
2008,2,,3,16,0,0,0,0,0,0,1,1,1,1,1,2,38,2,52011
2008,2,,5,16,1.2,1.2,0,0,0,0,1,18,2,1,2,1,83,1,53014
2008,2,,2,23,1.09,1.09,0,0,0,0,2,1,2,3,7,1,35,1,52025
2008,2,,6,13,1.25,1.25,0,0,0,0,1,16,2,1,2,1,20,1,54007
2008,2,,5,20,1.25,1.25,0,0,0,0,1,1,2,3,7,1,46,1,55022
2008,2,,1,16,1.14,1.14,0,0,0,0,1,22,2,1,3,1,62,2,56022
2008,2,,3,16,0,0,0,0,0,0,1,7,1,1,3,2,54,1,62108
2008,2,,1,22,1.13,1.13,0,0,0,0,2,1,2,3,3,1,47,2,62093
2008,2,,1,18,1.13,1.13,0,0,0,0,1,1,2,1,4,1,45,2,62093
2008,2,,3,11,0,0,0,0,0,0,1,6,2,1,2,2,50,1,62100
2008,2,,5,23,0,0,0,0,0,0,1,1,2,3,7,2,21,1,62063
2008,2,,3,17,0,0,0,0,0,0,1,2,2,1,3,1,46,1,63079
2008,2,,5,14,1.13,1.13,0,0,0,0,1,22,2,1,5,2,43,1,64029
2008,2,,3,15,1.34,1.34,0,0,0,0,2,1,2,1,2,1,15,1,64065
2008,2,,5,7,0,0,0,0,0,0,1,1,2,3,4,2,30,1,71004
2008,2,,6,10,0,0,0,0,0,0,1,1,2,1,2,1,59,1,71022
2008,2,,6,15,1.11,1.11,0,0,0,0,2,10,2,1,3,2,40,1,71016
2008,2,,5,20,1.17,1.17,0,0,0,0,1,13,2,3,4,2,34,1,71022
2008,2,,4,22,1.17,1.17,0,0,0,0,1,1,2,3,7,2,50,1,71066
2008,2,,7,2,0,0,0,0,0,0,1,1,2,3,2,1,,,81004
2008,2,,6,14,1.08,0,1.08,0,0,0,1,9,2,1,4,2,23,1,82036
2008,2,,6,17,1.1,1.1,0,0,0,0,2,15,2,1,8,2,14,2,92045
2008,2,,2,14,1.03,1.03,0,0,0,0,2,4,2,1,7,1,50,1,93022
2008,2,,2,14,1.24,1.24,0,0,0,0,2,4,2,1,4,2,87,2,92094
2008,2,,4,17,1.2,1.2,0,0,0,0,2,1,2,1,3,1,19,2,53082
2008,2,,2,8,1,0,1,0,0,0,1,1,2,1,1,2,50,2,85046
2008,2,,3,7,1,1,0,0,0,0,1,1,1,3,3,2,26,1,85046
2008,2,,2,3,1.11,1.11,0,0,0,0,1,1,2,3,8,2,47,1,71070
2008,2,,6,18,0,0,0,0,0,0,1,2,2,1,5,1,23,1,92142
2008,2,,6,18,1.13,1.13,0,0,0,0,1,15,2,1,4,1,23,1,92137
2008,2,,1,18,1.1,0,1.1,0,0,0,1,14,2,2,4,2,37,1,23094
2008,2,,6,17,1,0,0,1,0,1,1,24,2,1,7,1,73,1,23088
2008,2,,6,13,0,0,0,0,0,0,1,1,2,1,4,1,68,1,25091
2008,2,,4,20,0,0,0,0,0,0,1,2,2,4,5,1,25,1,25112
2008,2,,1,9,0,0,0,0,0,0,1,1,2,1,2,2,46,1,25044
2008,2,,6,14,0,0,0,0,0,0,1,1,2,1,3,1,39,2,12025
2008,2,,4,18,1.17,1.17,0,0,0,0,1,1,2,1,4,2,40,2,13008
2008,2,,4,8,0,0,0,0,0,0,1,1,2,1,3,1,,,13044
2008,2,,5,19,0,0,0,0,0,0,1,1,2,3,4,1,76,1,21001
2008,2,,2,17,0,0,0,0,0,0,1,1,2,1,4,1,57,1,21004
2008,2,,7,10,1.33,1.33,0,0,0,0,2,1,2,1,3,1,39,2,21004
2008,2,,2,13,1.33,1.33,0,0,0,0,2,11,2,1,8,1,14,,21004
2008,2,,3,21,0,0,0,0,0,0,1,1,2,3,5,1,32,2,21011
2008,2,,5,15,1.46,1.46,0,0,0,0,2,16,2,1,4,1,42,2,21015
2008,2,,5,16,0,0,0,0,0,0,1,1,2,1,5,1,74,2,21015
2008,2,,3,13,0,0,0,0,0,0,1,1,2,1,4,1,,,31005
2008,2,,3,9,1.22,1.22,0,0,0,0,2,16,2,1,3,1,11,1,31005
2008,2,,3,14,0,0,0,0,0,0,1,1,2,1,5,1,36,2,11050
2008,2,,2,8,1.21,0,1.21,0,0,0,1,22,2,2,5,2,19,1,12021
2008,2,,1,15,1.24,0,1.24,0,0,0,1,18,2,1,2,1,69,2,11002
2008,2,,2,23,1.24,1.24,0,0,0,0,1,1,2,3,2,2,47,2,11002
2008,2,,1,11,0,0,0,0,0,0,1,6,2,1,4,1,41,1,11002
2008,2,,2,15,0,0,0,0,0,0,1,1,2,1,4,1,22,1,25123
2008,2,,4,4,1.15,1.15,0,0,0,0,1,1,2,3,7,1,34,1,25123
2008,3,,7,23,0,0,0,0,0,0,1,2,2,4,2,2,70,1,11002
2008,3,,2,22,0,0,0,0,0,0,1,1,1,3,1,2,32,1,11002
2008,3,,1,22,1.25,1.25,0,0,0,0,1,18,2,3,4,1,34,1,11044
2008,3,,1,2,1.25,1.25,0,0,0,0,1,1,2,3,6,1,45,1,11029
2008,3,,4,15,1.29,1.29,0,0,0,0,2,1,2,1,2,2,8,1,11022
2008,3,,5,15,1.22,1.22,0,0,0,0,1,4,2,1,3,2,55,1,31005
2008,3,,4,10,0,0,0,0,0,0,1,2,2,1,3,1,58,1,21016
2008,3,,6,19,0,0,0,0,0,0,1,1,2,,2,1,76,2,21019
2008,3,,1,18,0,0,0,0,0,0,1,4,2,1,2,1,49,1,21013
2008,3,,3,9,1.33,1.33,0,0,0,0,1,13,2,1,3,1,57,1,21009
2008,3,,1,0,0,0,0,0,0,0,1,11,2,3,4,1,28,1,21009
2008,3,,5,12,0,0,0,0,0,0,1,1,2,1,3,1,42,1,21012
2008,3,,6,13,0,0,0,0,0,0,1,1,2,1,3,1,40,1,21012
2008,3,,3,14,1.19,1.19,0,0,0,0,1,1,2,1,4,1,35,2,21001
2008,3,,5,12,1.17,1.17,0,0,0,0,2,4,2,1,4,1,19,1,13006
2008,3,,4,14,1.17,1.17,0,0,0,0,1,1,2,1,4,2,33,1,13008
2008,3,,1,17,1,1,0,0,0,0,1,1,1,1,1,2,,,12040
2008,3,,2,11,0,0,0,0,0,0,1,1,2,1,3,2,29,2,12035
2008,3,,2,18,1.08,0,1.08,0,0,0,2,1,2,1,4,2,18,1,25031
2008,3,,6,16,1.15,1.15,0,0,0,0,1,1,2,1,3,1,50,2,25015
2008,3,,5,19,1.13,1.13,0,0,0,0,1,22,2,1,5,1,48,2,24001
2008,3,,1,1,1.13,1.13,0,0,0,0,1,1,2,3,7,1,36,1,24001
2008,3,,4,19,0,0,0,0,0,0,1,7,1,1,3,2,,1,23050
2008,3,,3,17,0,0,0,0,0,0,1,22,2,1,5,2,46,1,72038
2008,3,,5,8,1.14,1.14,0,0,0,0,1,1,2,1,4,2,19,1,72038
2008,3,,5,22,1.11,1.11,0,0,0,0,1,1,2,3,3,2,38,2,71070
2008,3,,5,23,1.2,1.2,0,0,0,0,1,1,2,3,4,1,29,1,53082
2008,3,,7,23,1.12,0,1.12,0,0,0,1,22,2,3,5,1,56,1,56087
2008,3,,1,17,1.17,0,1.17,0,0,0,1,2,2,1,7,2,38,1,32030
2008,3,,5,13,0,0,0,0,0,0,1,1,2,1,2,1,56,1,92003
2008,3,,6,15,1.1,1.1,0,0,0,0,1,14,2,1,,2,44,1,83034
2008,3,,1,16,0,0,0,0,0,0,1,1,2,1,3,1,49,2,73066
2008,3,,6,16,1.14,1.14,0,0,0,0,1,1,2,1,4,1,24,2,71034
2008,3,,5,9,0,0,0,0,0,0,1,1,2,1,2,2,27,2,71016
2008,3,,7,3,0,0,0,0,0,0,1,1,2,3,2,2,32,1,71016
2008,3,,1,14,1.52,1.52,0,0,0,0,2,2,2,1,7,1,18,2,61010
2008,3,,2,9,1.52,1.52,0,0,0,0,1,,2,1,4,1,55,1,61028
2008,3,,7,23,0,0,0,0,0,0,1,1,2,3,3,1,32,2,62003
2008,3,,1,20,1.14,1.14,0,0,0,0,2,1,2,2,6,2,86,2,55010
2008,3,,5,22,0,0,0,0,0,0,1,1,2,3,5,1,71,2,54007
2008,3,,6,2,1.2,1.2,0,0,0,0,2,2,2,3,4,1,23,1,53070
2008,3,,2,5,1.25,1.25,0,0,0,0,1,4,2,3,4,1,47,1,55022
2008,3,,3,10,1.15,1.15,0,0,0,0,1,1,2,1,4,1,73,1,53053
2008,3,,7,18,1.21,1.21,0,0,0,0,2,1,2,1,4,1,1,1,52011
2008,3,,3,10,0,0,0,0,0,0,1,4,2,1,2,2,34,1,46014
2008,3,,5,15,1.16,1.16,0,0,0,0,1,18,2,1,4,1,31,1,45060
2008,3,,2,18,1.08,0,1.08,0,0,0,1,1,2,1,2,2,74,2,45059
2008,3,,5,10,0,0,0,0,0,0,1,6,2,1,2,2,35,1,44072
2008,3,,2,9,1.13,1.13,0,0,0,0,2,1,2,1,2,2,9,2,44048
2008,3,,4,15,1,1,0,0,0,0,1,1,1,1,3,2,36,2,44021
2008,3,,6,15,1.19,1.19,0,0,0,0,1,1,2,1,4,2,37,1,44021
2008,3,,7,2,1.1,1.1,0,0,0,0,1,18,2,3,8,1,15,1,42023
2008,3,,6,6,1.11,1.11,0,0,0,0,1,1,2,3,7,1,22,1,41048
2008,3,,4,15,0,0,0,0,0,0,1,1,2,1,4,1,55,2,41002
2008,3,,1,15,0,0,0,0,0,0,1,1,2,1,4,1,,,36015
2008,3,,2,11,0,0,0,0,0,0,1,2,2,1,,1,60,2,35013
2008,3,,5,22,1.23,1.23,0,0,0,0,1,1,2,3,3,1,44,1,34041
2008,3,,1,7,1.14,1.14,0,0,0,0,1,1,2,3,4,2,24,2,35005
2008,3,,3,21,0,0,0,0,0,0,1,1,2,3,3,1,35,1,35013
2008,3,,5,10,0,0,0,0,0,0,1,1,2,1,4,1,35,1,34040
2008,3,,3,22,0,0,0,0,0,0,1,4,2,3,4,1,33,1,34022
2008,3,,7,19,1.12,0,1.12,0,0,0,1,1,2,1,7,2,42,1,33021
2008,3,,4,14,0,0,0,0,0,0,1,10,2,1,4,1,49,2,34009
2008,3,,2,12,0,0,0,0,0,0,1,9,2,1,4,1,19,1,33021
2008,3,,1,10,1.16,1.16,0,0,0,0,1,1,2,1,3,2,35,1,31043
2008,4,,5,18,1.14,1.14,0,0,0,0,1,1,2,1,4,2,42,1,31033
2008,4,,3,17,1.2,1.2,0,0,0,0,1,1,2,1,4,2,73,1,31040
2008,4,,5,12,1.2,1.2,0,0,0,0,1,1,2,1,4,1,32,1,31040
2008,4,,7,2,0,0,0,0,0,0,1,6,2,3,3,2,37,1,34040
2008,4,,1,9,1.23,1.23,0,0,0,0,1,16,2,1,4,1,18,2,34041
2008,4,,3,11,0,0,0,0,0,0,1,1,2,1,4,2,23,1,36012
2008,4,,1,17,1.25,1.25,0,0,0,0,1,18,2,1,4,1,13,2,36015
2008,4,,5,0,1.25,1.25,0,0,0,0,1,16,2,3,2,1,18,1,36008
2008,4,,6,12,1.1,1.1,0,0,0,0,1,18,2,1,4,1,22,1,38014
2008,4,,7,15,1.11,0,1.11,0,0,0,1,14,2,1,2,1,43,1,41048
2008,4,,6,18,1,1,0,0,0,0,1,2,1,1,3,2,44,2,41002
2008,4,,5,14,0,0,0,0,0,0,1,2,2,1,3,1,58,1,41034
2008,4,,1,13,1.19,1.19,0,0,0,0,1,18,2,1,2,1,56,2,41011
2008,4,,5,16,0,0,0,0,0,0,1,18,2,1,4,1,11,1,41024
2008,4,,2,11,1.1,1.1,0,0,0,0,1,4,2,1,4,2,51,2,42023
2008,4,,2,18,1.12,1.12,0,0,0,0,1,18,2,1,8,1,40,2,42025
2008,4,,4,8,1.12,1.12,0,0,0,0,1,1,2,1,3,1,47,2,42025
2008,4,,2,18,0,0,0,0,0,0,1,1,2,1,4,2,24,2,43007
2008,4,,4,11,0,0,0,0,0,0,1,1,2,1,4,1,40,1,44021
2008,4,,2,14,1.19,1.19,0,0,0,0,1,14,2,1,3,1,34,1,44021
2008,4,,3,16,1.19,1.19,0,0,0,0,2,10,2,1,4,1,65,2,44021
2008,4,,7,15,1.19,1.19,0,0,0,0,1,16,2,1,3,1,16,1,44021
2008,4,,6,18,0,0,0,0,0,0,1,2,2,1,4,2,61,1,45057
2008,4,,7,19,1.16,0,1.16,0,0,0,2,1,2,1,2,2,10,2,45017
2008,4,,6,12,0,0,0,0,0,0,1,1,2,1,2,2,49,1,45059
2008,4,,5,2,1.2,1.2,0,0,0,0,1,1,2,3,8,1,48,1,51004
2008,4,,3,17,0,0,0,0,0,0,1,2,2,1,5,1,72,1,52011
2008,4,,6,3,1.21,1.21,0,0,0,0,2,1,2,3,4,1,21,2,52011
2008,4,,3,13,1.12,1.12,0,0,0,0,1,22,2,1,5,1,9,2,52010
2008,4,,2,13,1.21,1.21,0,0,0,0,1,15,2,1,8,1,36,2,52011
2008,4,,1,8,1,1,0,0,0,0,1,1,1,1,3,2,47,2,52043
2008,4,,1,17,1.12,0,1.12,0,0,0,1,14,2,1,4,1,36,1,52043
2008,4,,1,17,1.12,1.12,0,0,0,0,1,18,2,1,2,1,10,1,52063
2008,4,,1,21,1,1,0,0,0,0,1,1,1,1,7,2,37,1,52055
2008,4,,7,18,0,0,0,0,0,0,1,1,2,1,3,1,30,1,56078
2008,4,,4,17,1.09,1.09,0,0,0,0,2,1,2,1,2,2,77,2,57064
2008,4,,1,19,1.09,1.09,0,0,0,0,2,2,2,1,4,1,11,2,57064
2008,4,,2,13,1.14,1.14,0,0,0,0,1,1,2,1,4,1,53,1,57062
2008,4,,3,16,1.1,1.1,0,0,0,0,2,14,2,1,6,1,52,1,62026
2008,4,,6,11,0,0,0,0,0,0,1,1,2,1,3,1,54,1,62063
2008,4,,4,20,0,0,0,0,0,0,1,1,2,1,2,1,25,1,62063
2008,4,,7,10,0,0,0,0,0,0,1,6,1,1,4,2,38,1,62118
2008,4,,2,18,0,0,0,0,0,0,1,1,2,1,5,1,44,2,63079
2008,4,,2,18,1.16,1.16,0,0,0,0,1,22,2,1,5,1,4,2,63079
2008,4,,6,17,1.09,1.09,0,0,0,0,1,1,2,1,3,2,30,1,71004
2008,4,,2,22,1,1,0,0,0,0,1,1,1,3,4,2,23,2,71016
2008,4,,2,19,1.11,1.11,0,0,0,0,1,18,2,2,4,2,56,1,71016
2008,4,,5,16,1.17,1.17,0,0,0,0,1,1,2,1,4,2,48,1,71066
2008,4,,4,11,1.17,1.17,0,0,0,0,1,14,2,1,4,2,43,1,71066
2008,4,,1,9,0,0,0,0,0,0,1,1,2,1,3,2,18,1,72030
2008,4,,3,9,1.19,1.19,0,0,0,0,2,1,2,1,1,2,8,1,72020
2008,4,,1,20,1.14,1.14,0,0,0,0,1,1,2,1,4,2,49,1,73066
2008,4,,5,20,0,0,0,0,0,0,1,1,2,1,4,1,42,2,73083
2008,4,,7,20,1,1,0,0,0,0,2,1,1,1,3,2,49,2,82005
2008,4,,5,21,1.14,0,1.14,0,0,0,1,2,2,2,4,2,39,2,72038
2008,4,,1,4,1,1,0,0,0,0,1,4,1,4,8,2,19,1,83055
2008,4,,3,17,1.1,1.1,0,0,0,0,1,1,2,1,4,2,32,2,23094
2008,4,,7,19,1.18,1.18,0,0,0,0,1,16,2,1,6,1,16,2,23088
2008,4,,4,17,1.12,1.12,0,0,0,0,1,14,2,1,4,1,39,1,23077
2008,4,,6,15,1.19,1.19,0,0,0,0,1,1,2,1,8,2,34,2,23105
2008,4,,7,2,1.22,1.22,0,0,0,0,1,1,2,3,2,2,22,2,24086
2008,4,,2,9,0,0,0,0,0,0,1,2,2,1,4,1,35,2,25014
2008,4,,1,8,1.16,0,1.16,0,0,0,1,18,2,2,3,1,51,2,24062
2008,4,,3,19,1.26,1.26,0,0,0,0,1,1,2,1,3,2,35,1,21002
2008,4,,2,17,0,0,0,0,0,0,1,4,2,1,3,1,35,1,21004
2008,4,,3,18,0,0,0,0,0,0,1,7,1,1,3,2,51,1,31005
2008,4,,6,14,0,0,0,0,0,0,1,22,2,1,5,1,40,1,31005
2008,4,,4,9,1.24,1.24,0,0,0,0,1,15,2,1,3,1,20,2,11002
2008,4,,2,15,0,0,0,0,0,0,1,1,2,1,4,1,70,1,11023