year,month,monthDay,weekDay,hour,numVictims,numSlightlyInjured,numSeverelyInjured,numMortallyInjured,numDiedWithin24Hours,numDiedWithin30Days,victimType,roadUserType,roadType,lightConditions,collisionType,areaType,age,sex,municipality
2008,4,,2,14,1.19,0,1.19,0,0,0,3,,2,1,8,1,75,2,11055
2008,4,,1,16,1.19,1.19,0,0,0,0,2,1,2,1,4,1,29,2,11055
2008,4,,3,16,0,0,0,0,0,0,1,4,2,1,4,2,51,1,11039
2008,4,,2,15,0,0,0,0,0,0,1,1,2,1,7,1,48,2,12014
2008,4,,1,12,1.24,1.24,0,0,0,0,1,22,2,1,5,1,24,1,11002
2008,4,,4,14,1.24,1.24,0,0,0,0,1,15,2,1,3,1,38,2,11002
2008,4,,3,20,1.24,1.24,0,0,0,0,1,18,2,1,4,1,58,1,11002
2008,4,,5,18,0,0,0,0,0,0,1,1,2,1,4,1,40,2,11002
2008,4,,4,15,0,0,0,0,0,0,1,6,2,1,2,2,42,1,11002
2008,5,,1,10,0,0,0,0,0,0,1,2,2,1,5,1,50,1,25121
2008,5,,4,0,0,0,0,0,0,0,1,1,2,3,2,1,66,1,11002
2008,5,,5,21,1.24,0,1.24,0,0,0,2,1,2,1,4,1,40,2,11002
2008,5,,3,19,0,0,0,0,0,0,1,4,1,1,3,2,36,1,11002
2008,5,,1,18,1.13,1.13,0,0,0,0,2,1,2,1,2,2,18,2,12014
2008,5,,6,15,1.31,1.31,0,0,0,0,1,1,2,1,4,1,46,2,11037
2008,5,,2,8,0,0,0,0,0,0,1,1,2,1,4,1,31,1,11035
2008,5,,2,9,1.19,0,1.19,0,0,0,1,16,2,1,4,2,35,1,11009
2008,5,,3,21,1.24,1.24,0,0,0,0,1,18,2,1,4,1,17,1,11002
2008,5,,6,12,1.24,1.24,0,0,0,0,1,16,2,1,4,1,21,1,11002
2008,5,,2,17,1.24,1.24,0,0,0,0,1,15,2,1,4,1,16,2,11002
2008,5,,5,19,1.22,1.22,0,0,0,0,1,18,2,1,4,1,15,2,31005
2008,5,,1,10,1.22,1.22,0,0,0,0,1,3,2,1,3,1,68,1,31005
2008,5,,5,22,1.22,1.22,0,0,0,0,1,18,2,2,4,1,26,1,31005
2008,5,,2,8,1.22,1.22,0,0,0,0,1,1,2,1,4,1,29,2,31005
2008,5,,1,19,1.46,1.46,0,0,0,0,1,2,2,1,2,1,65,1,21015
2008,5,,7,9,1.46,1.46,0,0,0,0,2,1,2,1,3,1,34,1,21015
2008,5,,7,13,1.46,1.46,0,0,0,0,1,22,2,1,5,1,20,2,21014
2008,5,,2,11,1.33,1.33,0,0,0,0,2,1,2,1,3,1,53,2,21004
2008,5,,1,13,0,0,0,0,0,0,1,1,2,1,4,1,20,1,21001
2008,5,,6,13,1,1,0,0,0,0,1,2,2,1,7,2,57,1,21002
2008,5,,1,16,1,1,0,0,0,0,1,7,1,1,3,2,59,1,13019
2008,5,,4,8,1.23,1.23,0,0,0,0,1,22,2,1,5,2,44,2,13046
2008,5,,1,13,0,0,0,0,0,0,1,2,2,1,3,1,38,1,13017
2008,5,,1,9,1.17,1.17,0,0,0,0,1,21,2,1,5,2,53,2,13008
2008,5,,4,19,1.17,1.17,0,0,0,0,1,1,2,1,2,1,48,2,13008
2008,5,,4,19,0,0,0,0,0,0,1,1,2,1,4,2,45,1,13008
2008,5,,6,3,1,1,0,0,0,0,1,1,2,4,4,2,55,1,25044
2008,5,,4,10,0,0,0,0,0,0,1,7,1,1,3,2,,1,25118
2008,5,,6,3,0,0,0,0,0,0,1,1,2,4,4,2,33,1,25044
2008,5,,1,22,1.22,1.22,0,0,0,0,1,18,2,2,3,2,24,2,24045
2008,5,,2,12,0,0,0,0,0,0,1,1,2,1,4,2,77,1,23099
2008,5,,6,1,1,0,1,0,0,0,1,1,1,4,7,2,36,1,24009
2008,5,,2,9,0,0,0,0,0,0,1,1,2,1,2,2,23,1,23064
2008,5,,4,20,0,0,0,0,0,0,1,18,2,1,5,1,12,1,23044
2008,5,,4,21,1,0,1,0,0,0,1,1,1,1,7,2,44,1,23003
2008,5,,2,21,0,0,0,0,0,0,1,7,1,1,4,2,63,1,92094
2008,5,,1,19,1.25,0,1.25,0,0,0,1,22,2,1,5,1,12,2,93014
2008,5,,7,19,1,0,1,0,0,0,1,1,1,1,7,2,24,2,92094
2008,5,,6,1,1,0,1,0,0,0,2,1,2,3,7,2,20,2,81015
2008,5,,7,19,1.13,1.13,0,0,0,0,2,1,2,1,2,2,28,2,71053
2008,5,,3,16,0,0,0,0,0,0,1,10,2,1,5,1,44,1,71022
2008,5,,7,14,1.11,1.11,0,0,0,0,1,15,2,1,3,1,18,1,71016
2008,5,,5,9,1.11,1.11,0,0,0,0,2,1,2,1,4,2,10,2,71016
2008,5,,6,0,1.13,1.13,0,0,0,0,2,1,2,4,2,2,31,2,64029
2008,5,,5,18,1.16,1.16,0,0,0,0,1,,2,1,6,1,42,2,63079
2008,5,,4,11,1.15,0,1.15,0,0,0,1,18,2,1,7,2,32,1,63075
2008,5,,5,13,1.16,1.16,0,0,0,0,1,1,2,1,4,1,67,1,62099
2008,5,,5,17,1.15,1.15,0,0,0,0,1,15,2,1,3,1,18,1,62079
2008,5,,5,15,1.18,1.18,0,0,0,0,2,1,2,1,4,1,28,2,62063
2008,5,,6,3,1.18,1.18,0,0,0,0,2,1,2,3,7,1,23,1,62063
2008,5,,5,18,1.16,0,1.16,0,0,0,1,16,2,1,4,1,43,1,57081
2008,5,,4,16,0,0,0,0,0,0,1,1,2,1,5,1,77,2,56078
2008,5,,7,10,1,0,1,0,0,0,1,1,1,1,7,2,22,1,53070
2008,5,,5,19,0,0,0,0,0,0,1,4,2,1,2,1,32,1,52011
2008,5,,3,17,0,0,0,0,0,0,1,1,2,1,4,1,59,1,52012
2008,5,,3,17,1.21,1.21,0,0,0,0,1,1,2,1,4,1,61,2,52012
2008,5,,5,18,1.2,1.2,0,0,0,0,1,16,2,1,3,1,60,2,46025
2008,5,,4,20,1.08,1.08,0,0,0,0,1,1,2,1,4,2,55,2,45059
2008,5,,2,15,1.15,1.15,0,0,0,0,1,18,2,1,5,1,35,1,44034
2008,5,,7,13,0,0,0,0,0,0,1,2,2,1,2,2,28,1,44049
2008,5,,5,1,1,1,0,0,0,0,1,7,1,3,7,2,42,1,44021
2008,5,,4,9,0,0,0,0,0,0,1,4,2,1,4,1,42,1,44021
2008,5,,5,18,1.19,1.19,0,0,0,0,1,1,2,1,3,2,44,2,44021
2008,5,,3,15,0,0,0,0,0,0,1,2,2,1,3,2,31,1,44021
2008,5,,5,18,0,0,0,0,0,0,1,1,2,1,4,1,39,1,44011
2008,5,,4,19,0,0,0,0,0,0,1,18,2,1,3,2,32,1,44019
2008,5,,5,14,0,0,0,0,0,0,1,1,2,1,4,2,45,1,44001
2008,5,,5,8,0,0,0,0,0,0,1,4,2,1,2,2,31,2,44001
2008,5,,7,16,0,0,0,0,0,0,1,1,2,1,5,1,35,2,43018
2008,5,,5,8,1,0,0,0,1,1,2,1,1,1,7,2,30,2,42028
2008,5,,1,21,0,0,0,0,0,0,1,1,2,1,4,1,27,1,43005
2008,5,,3,15,1.1,1.1,0,0,0,0,1,1,2,1,2,2,54,2,42023
2008,5,,2,16,0,0,0,0,0,0,1,1,2,1,4,2,19,1,42011
2008,5,,3,15,0,0,0,0,0,0,1,7,2,1,4,1,32,1,42006
2008,5,,1,18,1.1,1.1,0,0,0,0,1,18,2,1,8,1,22,2,42008
2008,5,,3,13,1.21,1.21,0,0,0,0,1,18,2,1,3,1,15,2,42006
2008,5,,5,8,0,0,0,0,0,0,1,6,2,1,4,2,24,1,41034
2008,5,,1,8,1.2,1.2,0,0,0,0,1,18,2,1,4,2,13,2,37015
2008,5,,5,21,1.25,1.25,0,0,0,0,1,2,2,1,4,2,21,1,36006
2008,5,,5,17,0,0,0,0,0,0,1,2,2,1,3,1,26,2,34042
2008,5,,1,16,1.14,1.14,0,0,0,0,1,18,2,1,2,2,44,2,35005
2008,5,,2,9,0,0,0,0,0,0,1,1,2,1,3,1,33,2,35002
2008,5,,6,4,1.15,0,1.15,0,0,0,1,14,2,3,6,2,29,1,34002
2008,5,,7,2,1.12,0,1.12,0,0,0,1,2,2,3,7,2,24,2,33037
2008,5,,5,19,1.16,1.16,0,0,0,0,1,4,2,1,7,2,39,1,31043
2008,5,,7,16,1.16,1.16,0,0,0,0,1,22,2,1,5,1,64,2,31043
2008,6,,2,13,0,0,0,0,0,0,1,7,2,1,3,2,25,1,31006
2008,6,,7,19,1.2,1.2,0,0,0,0,1,2,2,1,3,2,37,2,31022
2008,6,,5,20,0,0,0,0,0,0,1,2,2,1,4,1,38,2,33037
2008,6,,7,2,1.15,1.15,0,0,0,0,2,1,2,3,5,1,18,1,34040
2008,6,,1,20,0,0,0,0,0,0,1,1,1,1,3,2,50,1,34040
2008,6,,6,11,1.23,1.23,0,0,0,0,1,18,2,1,3,1,49,1,34041
2008,6,,2,8,1.25,1.25,0,0,0,0,1,18,2,1,2,2,64,1,36008
2008,6,,2,8,1.25,0,1.25,0,0,0,1,18,2,1,2,2,29,1,36008
2008,6,,6,20,1.25,1.25,0,0,0,0,2,1,2,1,2,1,26,2,36008
2008,6,,5,9,0,0,0,0,0,0,1,1,2,1,5,1,65,2,41002
2008,6,,7,15,0,0,0,0,0,0,1,1,2,1,4,1,70,2,38025
2008,6,,6,20,1.13,1.13,0,0,0,0,1,1,2,1,2,2,72,1,41018
2008,6,,4,19,1.12,1.12,0,0,0,0,1,1,2,1,3,1,21,2,42025
2008,6,,7,13,1,1,0,0,0,0,1,14,1,1,3,2,58,1,42010
2008,6,,1,19,0,0,0,0,0,0,1,1,1,1,3,2,36,1,42025
2008,6,,6,6,1.19,1.19,0,0,0,0,1,2,2,3,4,2,31,1,44021
2008,6,,5,18,0,0,0,0,0,0,1,4,1,1,1,2,35,1,44021
2008,6,,2,13,1,0,0,0,1,1,1,1,2,1,4,2,62,2,44021
2008,6,,5,18,0,0,0,0,0,0,1,1,2,1,3,1,24,1,44072
2008,6,,5,17,1.16,1.16,0,0,0,0,1,1,2,1,2,1,41,1,45035
2008,6,,3,19,1.16,1.16,0,0,0,0,1,2,2,1,2,1,33,1,45060
2008,6,,7,17,0,0,0,0,0,0,1,18,2,1,5,1,13,1,52011
2008,6,,5,13,1.15,1.15,0,0,0,0,1,14,2,1,6,1,46,1,53053
2008,6,,5,11,1.12,1.12,0,0,0,0,1,1,2,1,4,1,27,2,52043
2008,6,,6,4,1.12,1.12,0,0,0,0,2,1,2,3,7,2,26,2,61031
2008,6,,7,16,1.1,0,1.1,0,0,0,1,14,2,1,8,2,35,1,61041
2008,6,,2,9,0,0,0,0,0,0,1,1,2,1,3,1,26,2,62051
2008,6,,2,19,0,0,0,0,0,0,1,1,2,1,4,2,52,1,62100
2008,6,,6,10,1.16,1.16,0,0,0,0,1,2,2,1,7,1,70,2,62099
2008,6,,5,13,1.15,1.15,0,0,0,0,1,15,2,1,4,1,21,1,62079
2008,6,,5,3,1,0,0,0,1,1,1,1,1,3,7,2,37,1,63079
2008,6,,4,21,1.09,1.09,0,0,0,0,1,18,2,1,4,2,10,1,71004
2008,6,,4,16,1.17,0,1.17,0,0,0,1,1,2,1,4,1,77,1,71022
2008,6,,5,12,0,0,0,0,0,0,1,1,2,1,4,2,36,1,71016
2008,6,,5,16,0,0,0,0,0,0,1,2,2,1,4,1,32,1,71053
2008,6,,2,17,0,0,0,0,0,0,1,16,2,1,5,2,,,72018
2008,6,,7,13,0,0,0,0,0,0,1,1,2,1,4,1,21,1,84043
2008,6,,7,12,0,0,0,0,0,0,1,1,2,1,3,1,70,1,91141
2008,6,,3,20,0,0,0,0,0,0,1,1,2,1,3,2,35,1,92048
2008,6,,6,14,1,0,1,0,0,0,2,1,1,1,8,2,8,1,23045
2008,6,,4,12,0,0,0,0,0,0,1,1,1,1,7,2,39,1,23094
2008,6,,1,10,0,0,0,0,0,0,1,1,1,1,1,2,,,24135
2008,6,,2,22,1.14,0,1.14,0,0,0,1,14,2,2,7,2,38,1,25119
2008,6,,2,16,1.3,1.3,0,0,0,0,1,18,2,1,4,1,68,2,12025
2008,6,,6,12,0,0,0,0,0,0,1,18,2,1,2,1,45,1,12025
2008,6,,6,19,1.13,1.13,0,0,0,0,2,1,2,1,3,2,24,1,12030
2008,6,,7,15,0,0,0,0,0,0,1,2,2,1,4,2,23,1,13013
2008,6,,1,12,1.17,1.17,0,0,0,0,2,1,2,1,7,2,17,1,13008
2008,6,,5,17,1.17,0,1.17,0,0,0,1,2,2,1,2,2,76,1,13008
2008,6,,4,16,1.19,1.19,0,0,0,0,1,22,2,1,5,1,33,1,21001
2008,6,,5,14,0,0,0,0,0,0,1,1,2,1,4,1,22,1,21001
2008,6,,5,14,1.33,1.33,0,0,0,0,1,22,2,1,5,1,55,1,21004
2008,6,,2,22,1.33,1.33,0,0,0,0,1,1,2,3,2,1,30,1,21009
2008,6,,2,16,1.26,1.26,0,0,0,0,1,13,2,1,8,1,19,1,21016
2008,6,,5,10,1.22,0,1.22,0,0,0,1,21,2,1,5,1,67,1,31005
2008,6,,3,19,1.22,1.22,0,0,0,0,1,18,2,1,4,1,62,1,31005
2008,6,,4,19,1.25,1.25,0,0,0,0,2,1,2,1,4,2,63,2,11004
2008,6,,6,20,0,0,0,0,0,0,1,1,1,1,4,2,33,1,11035
2008,6,,5,23,1.25,1.25,0,0,0,0,1,22,2,3,5,1,23,2,11029
2008,6,,4,17,0,0,0,0,0,0,1,2,2,1,2,1,58,1,11013
2008,6,,3,9,0,0,0,0,0,0,1,2,2,1,5,1,48,2,11035
2008,6,,7,9,1.3,1.3,0,0,0,0,1,1,2,1,4,1,25,1,12025
2008,6,,4,19,1.21,1.21,0,0,0,0,2,1,2,1,2,2,22,2,12021
2008,6,,6,5,1.24,1.24,0,0,0,0,1,1,2,3,7,1,26,1,11002
2008,6,,2,17,1.24,1.24,0,0,0,0,1,18,2,1,4,2,32,1,11002
2008,6,,6,15,0,0,0,0,0,0,1,2,2,1,2,1,47,1,11001
2008,6,,7,17,1.24,1.24,0,0,0,0,1,18,2,1,2,1,39,2,11002
2008,6,,4,16,1.24,1.24,0,0,0,0,1,15,2,1,4,1,46,1,11002
2008,6,,4,10,0,0,0,0,0,0,1,1,2,1,4,1,37,2,25121
2008,7,,3,16,1.24,1.24,0,0,0,0,1,18,2,1,4,1,51,1,11002
2008,7,,3,12,1.19,1.19,0,0,0,0,1,22,2,1,5,1,84,1,11055
2008,7,,4,9,0,0,0,0,0,0,1,1,2,1,4,1,33,1,11021
2008,7,,7,12,0,0,0,0,0,0,1,14,2,1,3,1,33,1,11029
2008,7,,3,17,0,0,0,0,0,0,1,1,1,1,3,2,,,11002
2008,7,,3,13,0,0,0,0,0,0,1,1,1,1,1,2,,,11002
2008,7,,7,1,1.22,1.22,0,0,0,0,1,1,2,3,4,1,25,1,31005
2008,7,,1,15,1.22,1.22,0,0,0,0,2,1,2,1,4,2,71,2,31005
2008,7,,2,9,1.22,1.22,0,0,0,0,1,1,2,1,4,2,40,2,31005
2008,7,,3,14,1.2,1.2,0,0,0,0,1,14,2,1,4,1,30,1,31003
2008,7,,6,19,0,0,0,0,0,0,1,1,2,1,5,1,51,2,21019
2008,7,,2,18,1.33,1.33,0,0,0,0,2,10,2,1,2,1,51,2,21009
2008,7,,2,18,0,0,0,0,0,0,1,10,2,1,2,1,28,1,21009
2008,7,,2,15,0,0,0,0,0,0,1,1,2,1,3,1,35,2,21012
2008,7,,4,0,1.19,1.19,0,0,0,0,1,13,2,3,4,1,28,1,21007
2008,7,,2,18,1.33,1.33,0,0,0,0,1,22,2,1,7,1,39,1,21004
2008,7,,1,23,0,0,0,0,0,0,1,1,2,,4,1,21,1,21004
2008,7,,6,0,1.26,1.26,0,0,0,0,1,22,2,3,5,1,24,1,21002
2008,7,,6,1,0,0,0,0,0,0,1,1,2,3,4,1,32,1,21004
2008,7,,2,11,0,0,0,0,0,0,1,4,2,1,4,1,46,2,12025
2008,7,,1,15,1.12,1.12,0,0,0,0,2,2,2,1,8,2,85,,25023
2008,7,,5,18,1,1,0,0,0,0,1,1,1,1,3,2,50,2,23105
2008,7,,1,16,1.08,1.08,0,0,0,0,1,16,2,1,8,2,16,1,23024
2008,7,,2,17,0,0,0,0,0,0,1,7,1,1,3,2,52,1,83055
2008,7,,1,9,0,0,0,0,0,0,1,1,2,1,3,2,53,1,71070
2008,7,,3,22,1.09,1.09,0,0,0,0,1,22,2,3,5,1,52,2,56086
2008,7,,2,18,1,0,0,0,1,1,1,22,2,1,5,2,88,2,35029
2008,7,,5,18,1.24,1.24,0,0,0,0,2,1,2,1,2,1,28,2,92094
2008,7,,2,18,0,0,0,0,0,0,1,1,2,1,4,1,53,1,73022
2008,7,,2,22,0,0,0,0,0,0,1,1,2,3,,1,41,2,72018
2008,7,,6,10,1.14,1.14,0,0,0,0,1,1,2,1,7,2,24,1,72030
2008,7,,4,11,1.11,1.11,0,0,0,0,1,1,2,1,4,2,23,2,71016
2008,7,,5,17,0,0,0,0,0,0,1,1,2,1,4,1,38,1,71022
2008,7,,3,11,1.11,1.11,0,0,0,0,1,18,2,1,4,2,58,1,71016
2008,7,,3,14,0,0,0,0,0,0,1,1,2,1,2,1,26,2,63040
2008,7,,1,18,0,0,0,0,0,0,1,1,2,1,3,1,53,1,62108
2008,7,,4,22,1.18,1.18,0,0,0,0,1,1,2,3,2,1,18,1,62063
2008,7,,1,19,1.17,1.17,0,0,0,0,2,15,2,1,7,1,15,2,62051
2008,7,,3,22,0,0,0,0,0,0,1,1,2,3,2,1,71,1,62038
2008,7,,2,20,1.25,1.25,0,0,0,0,2,1,2,1,4,2,19,2,54007
2008,7,,5,20,0,0,0,0,0,0,1,1,2,1,4,2,59,1,53070
2008,7,,5,16,0,0,0,0,0,0,1,1,2,1,5,1,31,2,53053
2008,7,,5,0,1.21,1.21,0,0,0,0,1,1,2,3,3,2,45,2,52011
2008,7,,4,1,1.16,1.16,0,0,0,0,1,1,2,3,3,1,50,2,45035
2008,7,,1,13,0,0,0,0,0,0,1,1,2,1,4,2,28,1,46014
2008,7,,1,19,1.16,1.16,0,0,0,0,1,15,2,1,4,1,18,1,45041
2008,7,,1,0,2,0,2,0,0,0,2,2,1,3,3,2,,,44040
2008,7,,1,18,0,0,0,0,0,0,1,1,1,1,7,2,25,1,44040
2008,7,,2,20,0,0,0,0,0,0,1,1,2,1,4,2,54,1,44021
2008,7,,4,20,0,0,0,0,0,0,1,1,2,1,4,1,31,1,44019
2008,7,,7,13,0,0,0,0,0,0,1,2,2,1,5,2,53,2,43014
2008,7,,4,16,1.1,1.1,0,0,0,0,1,18,2,1,3,1,66,1,42023
2008,7,,7,17,1.1,1.1,0,0,0,0,1,18,2,1,4,1,15,2,42008
2008,7,,7,20,0,0,0,0,0,0,1,4,2,1,4,2,63,1,41018
2008,7,,1,10,0,0,0,0,0,0,1,1,2,1,3,2,32,2,41002
2008,7,,2,7,0,0,0,0,0,0,1,16,2,1,5,1,44,1,37018
2008,7,,6,16,1.2,1.2,0,0,0,0,2,1,2,1,4,1,74,2,37015
2008,7,,4,4,1.26,1.26,0,0,0,0,1,16,2,3,4,1,16,1,35013
2008,7,,4,12,0,0,0,0,0,0,1,4,2,1,1,1,27,1,35013
2008,7,,4,12,1.18,1.18,0,0,0,0,1,18,2,1,,1,20,2,34022
2008,7,,5,13,1.09,1.09,0,0,0,0,1,1,2,1,4,1,22,2,32010
2008,8,,6,13,1.16,1.16,0,0,0,0,1,1,2,1,3,2,26,1,31043
2008,8,,1,15,1.16,1.16,0,0,0,0,1,18,2,1,4,2,73,1,31043
2008,8,,6,1,1.14,1.14,0,0,0,0,1,1,2,3,7,1,27,1,31033
2008,8,,6,4,1.09,1.09,0,0,0,0,1,1,2,3,7,1,22,1,32006
2008,8,,1,18,0,0,0,0,0,0,1,1,2,1,3,1,42,2,34013
2008,8,,7,20,1.12,1.12,0,0,0,0,1,1,2,1,3,2,20,2,33011
2008,8,,7,15,1.15,1.15,0,0,0,0,1,14,2,1,4,1,46,1,34040
2008,8,,1,18,1.14,1.14,0,0,0,0,1,6,2,1,4,2,74,1,35006
2008,8,,5,16,0,0,0,0,0,0,1,1,2,1,4,2,19,1,34041
2008,8,,5,14,1,0,0,0,1,1,2,4,2,1,4,2,38,2,37010
2008,8,,6,23,1.14,1.14,0,0,0,0,1,14,2,3,7,1,41,1,35014
2008,8,,5,20,1.15,1.15,0,0,0,0,1,18,2,1,3,1,55,1,43018
2008,8,,3,7,0,0,0,0,0,0,1,6,1,1,2,2,34,1,43007
2008,8,,2,13,0,0,0,0,0,0,1,1,2,1,4,1,53,1,44021
2008,8,,4,21,1.19,1.19,0,0,0,0,1,1,2,2,2,2,20,2,44021
2008,8,,6,15,1.13,1.13,0,0,0,0,1,18,2,1,7,1,7,1,44064
2008,8,,2,15,1.19,0,1.19,0,0,0,1,16,2,1,4,1,16,1,44021
2008,8,,2,14,1.16,1.16,0,0,0,0,1,1,2,1,7,2,37,2,45061
2008,8,,1,21,0,0,0,0,0,0,1,1,2,1,4,1,48,1,46021
2008,8,,3,18,1,1,0,0,0,0,1,1,1,1,3,2,22,1,46025
2008,8,,1,18,1.21,1.21,0,0,0,0,2,1,2,1,3,1,11,1,52012
2008,8,,5,1,0,0,0,0,0,0,1,1,2,3,3,1,21,2,55040
2008,8,,1,19,0,0,0,0,0,0,1,1,2,1,4,1,33,1,55022
2008,8,,6,2,1.16,1.16,0,0,0,0,1,1,2,3,7,2,41,1,57081
2008,8,,6,18,0,0,0,0,0,0,1,1,2,1,5,1,22,1,56005
2008,8,,4,22,1.18,0,1.18,0,0,0,1,14,2,3,4,1,35,1,62063
2008,8,,5,20,1,1,0,0,0,0,2,1,1,1,7,2,,,62063
2008,8,,6,20,1.15,1.15,0,0,0,0,2,1,2,1,4,2,11,2,63080
2008,8,,4,12,0,0,0,0,0,0,1,9,2,1,2,2,43,1,71053
2008,8,,4,17,1.19,1.19,0,0,0,0,1,4,2,1,3,2,30,1,72020
2008,8,,1,21,0,0,0,0,0,0,1,1,2,2,4,2,27,1,73098
2008,8,,6,2,1.1,1.1,0,0,0,0,1,2,2,3,7,2,32,1,83040
2008,8,,6,23,1.08,1.08,0,0,0,0,1,1,2,4,4,1,30,2,84043
2008,8,,6,17,1.12,1.12,0,0,0,0,1,,2,1,2,1,31,1,33039
2008,8,,5,17,1.2,0,1.2,0,0,0,1,14,2,1,7,2,40,1,85047
2008,8,,5,14,1.08,1.08,0,0,0,0,1,1,2,1,2,1,69,1,72040
2008,8,,4,14,0,0,0,0,0,0,1,1,2,1,4,2,77,1,71070
2008,8,,3,16,1,0,0,0,1,1,1,1,1,1,7,2,22,1,23016
2008,8,,6,6,1.19,1.19,0,0,0,0,1,1,2,2,8,2,34,1,23044
2008,8,,6,15,0,0,0,0,0,0,1,2,2,1,3,2,36,1,24007
2008,8,,5,19,1.16,1.16,0,0,0,0,1,18,2,2,4,1,42,1,24062
2008,8,,7,22,1.11,1.11,0,0,0,0,1,1,2,3,4,2,32,1,24038
2008,8,,2,15,0,0,0,0,0,0,1,1,2,1,4,1,68,2,24033
2008,8,,7,13,1,1,0,0,0,0,1,1,2,1,7,2,43,2,24104
2008,8,,5,18,1.15,1.15,0,0,0,0,1,1,2,1,3,1,48,2,25105
2008,8,,6,0,0,0,0,0,0,0,1,1,2,3,4,2,26,1,13001
2008,8,,7,13,0,0,0,0,0,0,1,17,2,1,3,2,62,2,13001
2008,8,,3,14,0,0,0,0,0,0,1,18,2,1,8,1,,,13017
2008,8,,3,17,1.29,1.29,0,0,0,0,1,1,2,1,3,2,33,2,13035
2008,8,,2,11,0,0,0,0,0,0,1,1,2,1,3,2,58,1,13025
2008,8,,2,4,1.17,1.17,0,0,0,0,1,2,2,3,7,2,34,1,13021
2008,8,,2,17,1.12,1.12,0,0,0,0,1,18,2,1,5,2,46,1,13049
2008,8,,5,12,1.26,1.26,0,0,0,0,1,,2,1,4,1,18,1,21002
2008,8,,5,19,1.23,1.23,0,0,0,0,1,18,2,1,4,1,34,1,21005
2008,8,,6,15,0,0,0,0,0,0,1,1,2,1,3,1,42,1,21004
2008,8,,3,13,1.21,1.21,0,0,0,0,1,1,2,1,8,1,60,2,21010
2008,8,,6,4,0,0,0,0,0,0,1,1,2,3,3,1,33,1,21012
2008,8,,3,18,0,0,0,0,0,0,1,1,2,1,4,1,22,2,21016
2008,8,,2,12,1.46,1.46,0,0,0,0,1,22,2,1,5,1,46,2,21015
2008,8,,7,18,1.26,1.26,0,0,0,0,1,1,2,1,4,1,31,1,21016
2008,8,,5,10,1.22,1.22,0,0,0,0,1,13,2,1,4,2,58,1,31005
2008,8,,1,17,0,0,0,0,0,0,1,1,2,1,4,1,52,2,31005
2008,8,,2,20,3,0,3,0,0,0,2,1,1,1,4,2,,,11002
2008,8,,1,15,1,1,0,0,0,0,2,4,1,1,3,2,,,11002
2008,8,,6,3,0,0,0,0,0,0,1,,2,3,5,1,,,11002
2008,8,,1,11,0,0,0,0,0,0,1,2,2,1,5,1,61,2,11008
2008,8,,6,1,1.19,1.19,0,0,0,0,1,15,2,3,3,1,18,2,11039
2008,8,,1,18,1.25,1.25,0,0,0,0,2,1,2,1,4,2,18,2,11050
2008,8,,5,8,1.13,1.13,0,0,0,0,1,18,2,1,4,1,42,2,12007
2008,8,,5,1,0,0,0,0,0,0,1,1,1,3,7,2,25,1,11002
2008,8,,2,13,0,0,0,0,0,0,1,1,2,1,4,1,69,2,11002
2008,8,,7,21,0,0,0,0,0,0,1,1,2,1,4,1,46,1,11002
2008,8,,1,12,0,0,0,0,0,0,1,1,2,1,4,1,47,1,11002
2008,9,,2,17,1.24,1.24,0,0,0,0,2,1,2,1,2,1,49,1,11002
2008,9,,4,1,0,0,0,0,0,0,1,1,2,4,3,1,36,1,11002
2008,9,,4,20,0,0,0,0,0,0,1,1,2,1,4,1,23,1,11002
2008,9,,2,19,0,0,0,0,0,0,1,1,2,1,4,1,29,1,11002
2008,9,,4,17,1.13,0,1.13,0,0,0,1,18,2,1,8,2,33,1,12007
2008,9,,5,9,1.25,1.25,0,0,0,0,1,2,2,1,3,2,25,2,11052
2008,9,,6,16,1.22,1.22,0,0,0,0,1,22,2,1,5,1,28,1,31005
2008,9,,6,9,1.22,1.22,0,0,0,0,1,16,2,1,4,1,20,2,31005
2008,9,,2,18,1.22,1.22,0,0,0,0,2,1,2,1,2,1,41,2,31005
2008,9,,6,14,0,0,0,0,0,0,1,1,2,1,4,1,54,1,31004
2008,9,,6,19,1.46,0,1.46,0,0,0,1,22,2,1,5,1,49,1,21015
2008,9,,3,7,0,0,0,0,0,0,1,1,2,2,4,1,52,1,21012
2008,9,,3,13,1.21,1.21,0,0,0,0,1,1,2,1,4,1,40,1,21012
2008,9,,2,13,1.33,1.33,0,0,0,0,1,13,2,1,,1,19,1,21004
2008,9,,1,17,1.33,1.33,0,0,0,0,1,22,2,1,5,1,82,2,21004
2008,9,,5,20,1.33,1.33,0,0,0,0,2,10,2,2,,1,46,1,21004
2008,9,,6,14,1.19,1.19,0,0,0,0,1,22,2,1,5,1,15,1,21001
2008,9,,3,19,1.19,1.19,0,0,0,0,2,1,2,1,4,1,27,2,21001
2008,9,,1,14,1.29,1.29,0,0,0,0,1,18,2,1,6,1,13,2,25112
2008,9,,2,20,1.29,1.29,0,0,0,0,2,2,2,4,2,1,12,1,25112