year,month,monthDay,weekDay,hour,numVictims,numSlightlyInjured,numSeverelyInjured,numMortallyInjured,numDiedWithin24Hours,numDiedWithin30Days,victimType,roadUserType,roadType,lightConditions,collisionType,areaType,age,sex,municipality
2008,9,,6,18,1,0,0,0,1,1,2,2,2,1,7,2,53,2,25048
2008,9,,7,8,1.12,1.12,0,0,0,0,1,1,2,1,7,1,24,2,25107
2008,9,,1,16,1,1,0,0,0,0,1,2,1,1,3,2,53,2,24062
2008,9,,2,14,0,0,0,0,0,0,1,7,2,1,3,1,,,24094
2008,9,,2,19,1,1,0,0,0,0,1,1,1,2,3,2,43,2,24104
2008,9,,1,0,1.16,1.16,0,0,0,0,1,4,2,3,3,1,39,1,24062
2008,9,,6,22,1.12,1.12,0,0,0,0,1,1,2,3,3,1,53,1,23102
2008,9,,4,9,0,0,0,0,0,0,1,1,2,1,4,1,36,1,23098
2008,9,,7,9,1,1,0,0,0,0,1,1,1,1,,2,42,1,23105
2008,9,,5,13,1.19,1.19,0,0,0,0,1,1,2,1,4,1,32,2,23086
2008,9,,1,18,0,0,0,0,0,0,1,10,2,1,4,1,41,1,93014
2008,9,,7,17,0,0,0,0,0,0,1,2,2,1,2,2,59,2,92094
2008,9,,4,18,1.1,1.1,0,0,0,0,2,1,2,1,3,2,3,1,92101
2008,9,,1,23,1.11,0,1.11,0,0,0,1,16,2,3,4,1,18,1,91034
2008,9,,5,14,0,0,0,0,0,0,1,2,2,1,4,2,34,1,84035
2008,9,,5,17,0,0,0,0,0,0,1,1,2,1,5,1,20,1,81001
2008,9,,5,15,0,0,0,0,0,0,1,1,2,1,4,2,24,1,71057
2008,9,,3,14,1.17,1.17,0,0,0,0,1,1,2,1,2,2,24,2,71022
2008,9,,2,18,1.11,1.11,0,0,0,0,1,16,2,1,4,2,16,1,71016
2008,9,,5,9,0,0,0,0,0,0,1,4,2,1,3,1,53,1,64074
2008,9,,6,2,1.02,1.02,0,0,0,0,1,1,2,4,7,2,25,1,63013
2008,9,,4,16,1.16,1.16,0,0,0,0,2,19,2,1,2,2,36,1,63076
2008,9,,2,14,0,0,0,0,0,0,1,4,2,1,4,2,42,1,63038
2008,9,,3,19,0,0,0,0,0,0,1,2,2,1,2,1,27,1,62093
2008,9,,7,2,0,0,0,0,0,0,1,1,2,3,,1,31,2,62051
2008,9,,1,18,0,0,0,0,0,0,1,1,2,1,3,2,41,2,61019
2008,9,,4,10,1.15,1.15,0,0,0,0,1,16,2,1,3,2,53,1,62011
2008,9,,5,8,0,0,0,0,0,0,1,1,2,1,4,1,32,2,55022
2008,9,,4,19,0,0,0,0,0,0,1,1,2,1,4,1,35,1,53053
2008,9,,1,22,1.15,1.15,0,0,0,0,1,15,2,3,4,1,48,2,53053
2008,9,,6,3,1,0,0,0,1,1,1,1,1,3,7,2,24,1,52015
2008,9,,1,21,0,0,0,0,0,0,1,1,2,1,2,1,31,1,52015
2008,9,,6,17,1.13,1.13,0,0,0,0,1,1,2,1,4,1,80,1,46020
2008,9,,4,9,0,0,0,0,0,0,1,1,2,1,2,1,46,1,46024
2008,9,,3,13,0,0,0,0,0,0,1,2,2,1,3,1,37,2,46021
2008,9,,2,14,1,1,0,0,0,0,1,1,1,1,7,2,28,1,46003
2008,9,,2,20,1.14,1.14,0,0,0,0,1,18,2,1,4,1,17,2,44072
2008,9,,2,8,0,0,0,0,0,0,1,1,2,1,3,2,21,2,44036
2008,9,,6,17,0,0,0,0,0,0,1,1,2,1,3,2,66,1,44048
2008,9,,2,15,1.19,1.19,0,0,0,0,1,24,2,1,3,1,20,1,44021
2008,9,,3,16,1.19,1.19,0,0,0,0,2,1,2,1,3,1,37,2,44021
2008,9,,5,18,0,0,0,0,0,0,1,1,2,1,3,2,39,1,43007
2008,9,,5,16,1.21,1.21,0,0,0,0,1,18,2,1,4,1,79,1,42006
2008,9,,2,11,1.21,1.21,0,0,0,0,1,1,2,1,3,2,44,1,42006
2008,9,,2,21,1.12,1.12,0,0,0,0,1,1,2,3,4,2,21,2,42010
2008,9,,6,19,1.13,1.13,0,0,0,0,1,14,2,1,4,2,40,1,41018
2008,9,,2,8,0,0,0,0,0,0,1,4,1,1,3,2,23,1,41034
2008,9,,6,7,1.16,1.16,0,0,0,0,1,1,2,2,7,1,30,1,41027
2008,9,,7,13,0,0,0,0,0,0,1,2,2,1,3,2,27,1,37018
2008,9,,2,15,0,0,0,0,0,0,1,6,1,1,3,2,45,1,38014
2008,9,,7,17,1.25,1.25,0,0,0,0,1,1,2,1,4,2,59,2,36006
2008,9,,3,14,0,0,0,0,0,0,1,4,2,1,2,2,47,1,36015
2008,9,,2,17,1.15,1.15,0,0,0,0,1,15,2,1,4,1,35,1,34042
2008,9,,2,12,1,1,0,0,0,0,1,18,2,1,4,1,61,1,35013
2008,9,,1,3,1,0,0,0,1,1,2,14,2,4,7,2,23,2,35011
2008,9,,6,21,1.23,1.23,0,0,0,0,1,16,2,3,4,1,18,1,34041
2008,9,,6,8,1.23,0,1.23,0,0,0,1,1,2,1,8,2,19,1,34027
2008,9,,3,9,0,0,0,0,0,0,1,1,1,1,7,2,36,1,34022
2008,9,,4,9,0,0,0,0,0,0,1,1,2,1,4,2,50,1,33011
2008,9,,7,15,1.12,1.12,0,0,0,0,1,1,2,1,2,2,37,2,33011
2008,9,,5,19,0,0,0,0,0,0,1,1,2,1,3,2,35,2,31022
2008,10,,5,11,1.2,1.2,0,0,0,0,1,18,2,1,2,1,23,1,31022
2008,10,,5,19,0,0,0,0,0,0,1,1,2,1,2,1,,,34013
2008,10,,2,14,0,0,0,0,0,0,1,1,2,1,4,2,57,2,34009
2008,10,,7,14,1,0,1,0,0,0,2,4,1,1,7,2,,,34022
2008,10,,1,17,1.18,0,1.18,0,0,0,1,18,2,1,3,1,18,2,34022
2008,10,,2,1,1,1,0,0,0,0,1,1,1,3,3,2,32,1,34040
2008,10,,1,11,0,0,0,0,0,0,1,1,2,1,4,1,65,2,34041
2008,10,,3,18,1.13,0,1.13,0,0,0,1,1,2,1,7,2,63,2,37007
2008,10,,7,3,1.25,1.25,0,0,0,0,1,1,2,3,2,1,41,2,36015
2008,10,,5,11,1.17,1.17,0,0,0,0,2,1,2,1,4,2,38,2,38025
2008,10,,1,8,1.09,1.09,0,0,0,0,1,4,2,1,4,1,29,1,41002
2008,10,,3,1,1,0,0,0,1,1,1,1,2,4,2,2,20,1,42006
2008,10,,1,17,1.1,1.1,0,0,0,0,1,18,2,1,2,2,54,1,42023
2008,10,,4,16,0,0,0,0,0,0,1,6,2,1,4,1,22,1,42011
2008,10,,5,22,0,0,0,0,0,0,1,1,2,3,4,2,24,1,42008
2008,10,,3,16,0,0,0,0,0,0,1,2,2,1,4,1,48,2,42003
2008,10,,6,3,1.18,1.18,0,0,0,0,1,14,2,3,7,2,33,1,42028
2008,10,,5,22,1.18,1.18,0,0,0,0,1,1,2,3,2,2,24,2,42028
2008,10,,2,16,1.19,1.19,0,0,0,0,1,14,2,1,3,1,26,1,44021
2008,10,,5,16,1.19,1.19,0,0,0,0,1,14,2,1,4,2,25,1,44021
2008,10,,4,22,1.19,1.19,0,0,0,0,1,18,2,3,4,1,21,2,44021
2008,10,,4,15,1.19,0,1.19,0,0,0,1,22,2,1,5,1,67,1,44021
2008,10,,4,22,1,1,0,0,0,0,1,4,1,3,4,2,26,1,44034
2008,10,,4,17,0,0,0,0,0,0,1,16,2,1,5,1,16,1,44021
2008,10,,5,17,1.26,1.26,0,0,0,0,1,1,2,1,,1,29,1,46021
2008,10,,1,16,1.26,1.26,0,0,0,0,1,18,2,1,4,1,9,2,46021
2008,10,,2,17,0,0,0,0,0,0,1,1,2,1,3,1,29,1,52011
2008,10,,3,13,0,0,0,0,0,0,1,1,2,1,4,1,23,1,52011
2008,10,,7,4,1,1,0,0,0,0,1,1,1,4,3,2,48,1,53053
2008,10,,6,10,0,0,0,0,0,0,1,1,2,1,4,2,47,2,53053
2008,10,,4,17,1.13,1.13,0,0,0,0,1,1,2,1,3,2,20,1,53039
2008,10,,2,21,1.14,1.14,0,0,0,0,2,1,2,3,3,1,12,1,55010
2008,10,,4,19,1.09,1.09,0,0,0,0,2,1,2,1,2,2,27,2,55023
2008,10,,7,1,1.22,1.22,0,0,0,0,2,1,2,4,8,1,43,1,56011
2008,10,,4,9,1.14,1.14,0,0,0,0,1,1,2,1,3,1,25,,56044
2008,10,,6,16,0,0,0,0,0,0,1,1,2,1,4,1,35,1,57027
2008,10,,4,20,1.22,1.22,0,0,0,0,1,1,2,3,2,2,27,2,56001
2008,10,,5,17,1.18,1.18,0,0,0,0,1,1,2,1,2,1,60,1,62063
2008,10,,5,23,1.17,1.17,0,0,0,0,1,1,2,3,3,1,53,2,62051
2008,10,,4,9,0,0,0,0,0,0,1,1,1,1,3,2,,1,62063
2008,10,,6,18,1.18,1.18,0,0,0,0,1,14,2,1,3,1,,1,62063
2008,10,,7,13,1,1,0,0,0,0,1,1,1,1,7,2,34,1,64047
2008,10,,4,14,0,0,0,0,0,0,1,1,2,1,5,2,39,1,71016
2008,10,,3,18,1.11,1.11,0,0,0,0,1,15,2,1,4,2,27,1,71016
2008,10,,2,14,0,0,0,0,0,0,1,1,2,1,4,1,68,1,71057
2008,10,,6,23,0,0,0,0,0,0,1,4,2,3,2,1,42,1,73107
2008,10,,4,19,0,0,0,0,0,0,1,1,2,1,3,2,39,1,91059
2008,10,,7,18,1.04,1.04,0,0,0,0,1,1,2,1,8,2,27,1,92003
2008,10,,1,8,1.04,1.04,0,0,0,0,1,1,2,2,7,1,19,2,92054
2008,10,,7,19,1.2,1.2,0,0,0,0,1,22,2,1,5,1,56,2,37020
2008,10,,7,17,1.08,1.08,0,0,0,0,2,1,2,1,3,2,82,2,72040
2008,10,,4,13,0,0,0,0,0,0,1,1,2,1,2,2,29,1,72039
2008,10,,2,22,0,0,0,0,0,0,1,1,2,3,5,1,43,1,54010
2008,10,,7,3,1.09,1.09,0,0,0,0,1,2,2,3,3,2,38,1,92142
2008,10,,7,3,0,0,0,0,0,0,1,2,2,3,3,2,20,1,92142
2008,10,,1,8,0,0,0,0,0,0,1,6,2,1,7,2,47,1,92137
2008,10,,3,18,1.12,1.12,0,0,0,0,1,1,2,3,3,1,48,2,23052
2008,10,,1,8,1.18,1.18,0,0,0,0,1,18,2,1,2,1,32,2,23088
2008,10,,1,18,1.15,1.15,0,0,0,0,1,18,2,1,2,1,34,1,24020
2008,10,,5,20,1.24,0,1.24,0,0,0,2,1,2,3,3,2,29,1,24011
2008,10,,6,21,1.19,1.19,0,0,0,0,1,1,2,2,3,2,56,1,23097
2008,10,,7,11,1,1,0,0,0,0,1,1,1,1,7,2,34,2,24001
2008,10,,5,5,1.17,1.17,0,0,0,0,1,1,2,3,7,1,40,1,24094
2008,10,,4,16,1.08,1.08,0,0,0,0,1,1,1,1,7,2,47,2,25072
2008,10,,5,19,1.19,1.19,0,0,0,0,1,2,2,1,3,2,54,2,12026
2008,10,,2,18,1.13,1.13,0,0,0,0,1,18,2,1,4,2,50,1,12030
2008,10,,2,17,0,0,0,0,0,0,1,1,2,1,4,2,52,2,13017
2008,10,,4,9,0,0,0,0,0,0,1,1,2,1,4,2,49,1,13008
2008,10,,3,10,1.26,1.26,0,0,0,0,1,22,2,1,5,1,48,1,13011
2008,10,,5,23,1.23,1.23,0,0,0,0,2,1,2,3,2,2,13,2,13040
2008,10,,4,19,1.19,1.19,0,0,0,0,2,1,2,1,3,1,22,2,21001
2008,10,,3,9,0,0,0,0,0,0,1,1,2,1,2,1,74,1,21010
2008,10,,6,16,0,0,0,0,0,0,1,1,2,1,5,1,40,1,21013
2008,10,,3,9,0,0,0,0,0,0,1,1,2,1,4,1,31,2,21009
2008,10,,7,18,0,0,0,0,0,0,1,1,2,3,2,1,21,1,21017
2008,10,,3,16,0,0,0,0,0,0,1,1,2,1,3,1,70,2,31004
2008,10,,6,15,0,0,0,0,0,0,1,1,2,1,3,2,,,31005
2008,10,,6,10,1.22,1.22,0,0,0,0,1,16,2,1,4,2,16,2,31005
2008,10,,6,11,1.22,1.22,0,0,0,0,1,16,2,1,4,1,34,1,31005
2008,10,,2,8,0,0,0,0,0,0,1,1,2,1,4,1,35,2,11008
2008,10,,5,8,0,0,0,0,0,0,1,1,2,3,4,1,24,2,11005
2008,10,,1,19,1.25,1.25,0,0,0,0,1,16,2,2,4,1,12,2,11004
2008,10,,5,20,0,0,0,0,0,0,1,1,2,3,4,2,18,2,11024
2008,10,,7,12,1.26,1.26,0,0,0,0,1,1,2,1,4,2,61,2,11024
2008,10,,3,19,1,1,0,0,0,0,2,7,1,1,4,2,24,1,11053
2008,10,,4,14,1.25,1.25,0,0,0,0,1,18,2,1,4,1,12,2,11052
2008,10,,3,11,0,0,0,0,0,0,1,1,2,1,3,2,70,1,12014
2008,10,,4,17,0,0,0,0,0,0,1,1,2,1,3,2,34,1,11002
2008,10,,5,18,1.26,1.26,0,0,0,0,1,24,2,1,4,2,16,1,11001
2008,10,,6,11,0,0,0,0,0,0,1,4,2,1,2,1,28,1,11002
2008,10,,4,20,1.24,0,1.24,0,0,0,1,18,2,4,4,1,41,1,11002
2008,10,,4,18,0,0,0,0,0,0,1,18,2,1,5,1,36,1,11002
2008,11,,6,13,1.19,1.19,0,0,0,0,2,1,2,1,3,2,19,2,11039
2008,11,,7,18,0,0,0,0,0,0,1,1,2,2,3,2,67,1,11054
2008,11,,7,17,1,1,0,0,0,0,1,1,1,1,3,2,24,2,11052
2008,11,,6,14,0,0,0,0,0,0,1,4,1,1,3,2,43,2,11040
2008,11,,4,14,1.31,1.31,0,0,0,0,1,16,2,1,4,1,17,1,11030
2008,11,,3,15,0,0,0,0,0,0,1,1,2,1,3,1,19,2,11002
2008,11,,1,15,1.22,1.22,0,0,0,0,1,15,2,1,4,1,51,1,31005
2008,11,,6,21,0,0,0,0,0,0,1,4,2,3,1,1,28,1,31005
2008,11,,5,13,0,0,0,0,0,0,1,18,2,1,4,1,56,1,31005
2008,11,,6,14,1.22,1.22,0,0,0,0,1,1,2,1,4,1,23,1,31005
2008,11,,5,19,0,0,0,0,0,0,1,1,2,3,3,1,55,1,31004
2008,11,,7,3,2.46,2.46,0,0,0,0,2,2,2,3,4,1,17,2,21018
2008,11,,4,12,1.33,1.33,0,0,0,0,1,2,2,1,4,1,37,2,21004
2008,11,,6,8,1.33,1.33,0,0,0,0,1,1,2,3,,1,29,1,21004
2008,11,,5,12,1.12,0,1.12,0,0,0,2,1,2,1,7,2,71,1,13049
2008,11,,5,9,0,0,0,0,0,0,1,1,2,1,3,1,23,1,13035
2008,11,,1,19,0,0,0,0,0,0,1,1,2,2,3,1,24,1,13025
2008,11,,2,9,0,0,0,0,0,0,1,1,2,2,2,1,,2,13040
2008,11,,5,10,0,0,0,0,0,0,1,7,2,1,4,2,37,1,13017
2008,11,,4,13,1.17,1.17,0,0,0,0,1,1,2,1,4,2,35,1,13008
2008,11,,4,10,1.17,1.17,0,0,0,0,2,1,2,1,2,2,75,2,13003
2008,11,,7,13,0,0,0,0,0,0,1,2,2,1,3,2,37,1,12030
2008,11,,4,9,1.11,1.11,0,0,0,0,1,14,2,1,4,2,56,1,24038
2008,11,,1,9,1.16,1.16,0,0,0,0,1,1,2,1,4,1,21,1,24062
2008,11,,7,17,1.15,1.15,0,0,0,0,2,1,2,3,3,1,12,2,24020
2008,11,,6,15,0,0,0,0,0,0,1,1,2,1,4,2,35,2,24016
2008,11,,1,20,1,1,0,0,0,0,2,1,1,3,3,2,13,2,23098
2008,11,,7,9,1,1,0,0,0,0,1,1,1,1,8,2,22,1,24009
2008,11,,4,11,1.21,1.21,0,0,0,0,1,18,2,1,4,1,21,1,23045
2008,11,,5,18,1.12,1.12,0,0,0,0,1,16,2,3,4,2,27,2,23002
2008,11,,6,3,1.1,1.1,0,0,0,0,1,1,2,3,2,2,32,1,72041
2008,11,,3,11,0,0,0,0,0,0,1,12,2,1,4,1,43,1,92140
2008,11,,4,15,1.11,1.11,0,0,0,0,1,1,2,1,2,2,41,2,71070
2008,11,,2,21,1.1,1.1,0,0,0,0,2,1,2,3,4,2,55,1,92087
2008,11,,3,18,0,0,0,0,0,0,1,10,2,2,2,2,42,1,92045
2008,11,,7,1,1.11,1.11,0,0,0,0,2,2,2,4,7,2,35,2,84059
2008,11,,5,7,1.16,1.16,0,0,0,0,1,1,2,3,6,1,41,2,73083
2008,11,,1,9,1.19,0,1.19,0,0,0,1,1,2,1,7,2,26,2,72020
2008,11,,3,13,0,0,0,0,0,0,1,1,2,1,7,2,39,1,71066
2008,11,,3,13,1.09,0,1.09,0,0,0,1,18,2,1,5,2,53,1,71004
2008,11,,5,11,0,0,0,0,0,0,1,6,2,1,2,2,42,1,63080
2008,11,,6,16,1.18,1.18,0,0,0,0,1,22,2,1,5,1,51,2,62063
2008,11,,3,17,0,0,0,0,0,0,1,5,2,1,5,1,40,1,62063
2008,11,,2,5,1,1,0,0,0,0,1,1,1,4,3,2,29,1,57081
2008,11,,7,1,0,0,0,0,0,0,1,1,2,3,7,1,18,2,56078
2008,11,,6,15,0,0,0,0,0,0,1,1,2,1,3,1,33,1,56078
2008,11,,1,8,0,0,0,0,0,0,1,1,2,2,4,2,36,1,57062
2008,11,,2,20,1.12,1.12,0,0,0,0,2,2,2,3,7,1,18,1,52043
2008,11,,4,23,1.15,1.15,0,0,0,0,1,1,2,3,7,1,40,1,53053
2008,11,,5,22,0,0,0,0,0,0,1,1,2,3,2,1,30,2,52043
2008,11,,7,14,0,0,0,0,0,0,1,18,2,1,2,1,12,2,53039
2008,11,,4,11,0,0,0,0,0,0,1,,1,1,3,2,,,52015
2008,11,,6,20,1.21,1.21,0,0,0,0,2,1,2,3,3,1,40,1,52011
2008,11,,7,12,1.21,1.21,0,0,0,0,1,1,2,1,3,1,44,2,52011
2008,11,,3,18,1,1,0,0,0,0,1,14,1,2,3,2,32,2,51009
2008,11,,4,20,1.13,1.13,0,0,0,0,1,14,2,3,4,2,19,1,46020
2008,11,,3,21,0,0,0,0,0,0,1,1,2,3,4,1,25,2,46021
2008,11,,3,21,0,0,0,0,0,0,1,1,2,3,4,1,26,1,46021
2008,11,,3,15,1.26,1.26,0,0,0,0,1,18,2,1,2,1,49,2,46021
2008,11,,2,12,0,0,0,0,0,0,1,1,2,1,4,1,34,1,45041
2008,11,,5,8,1.08,1.08,0,0,0,0,1,18,2,2,4,2,12,1,45059
2008,11,,2,20,0,0,0,0,0,0,1,1,2,3,3,1,36,1,44021
2008,11,,3,18,0,0,0,0,0,0,1,1,2,3,4,1,20,1,44021
2008,11,,4,16,1.19,1.19,0,0,0,0,1,14,2,1,3,1,45,1,44021
2008,11,,2,12,1,1,0,0,0,0,1,1,1,1,3,2,35,2,44021
2008,11,,6,20,1.19,1.19,0,0,0,0,1,18,2,3,8,1,25,1,44021
2008,11,,1,19,0,0,0,0,0,0,1,1,2,3,4,1,49,1,43010
2008,11,,7,13,1.19,1.19,0,0,0,0,2,1,2,1,3,2,36,2,41011
2008,11,,6,13,0,0,0,0,0,0,1,1,2,1,3,2,38,1,37015
2008,11,,2,9,0,0,0,0,0,0,1,1,2,3,,2,60,1,38025
2008,11,,3,15,1.13,1.13,0,0,0,0,1,16,2,1,8,1,21,2,37010
2008,11,,5,17,0,0,0,0,0,0,1,1,2,1,5,1,26,2,36015
2008,11,,6,11,0,0,0,0,0,0,1,2,2,1,4,1,52,1,35013
2008,11,,4,9,0,0,0,0,0,0,1,2,2,1,4,2,30,2,34027
2008,11,,4,8,1.18,1.18,0,0,0,0,2,16,2,1,3,1,17,1,34025
2008,11,,5,18,1.12,1.12,0,0,0,0,1,1,2,3,4,2,50,2,33029
2008,11,,1,9,0,0,0,0,0,0,1,1,2,1,4,1,29,2,31033
2008,12,,5,12,0,0,0,0,0,0,1,6,2,1,3,2,61,1,33011
2008,12,,3,14,0,0,0,0,0,0,1,2,2,1,3,2,30,2,34022
2008,12,,7,21,1.18,1.18,0,0,0,0,1,22,2,3,5,1,10,1,34022
2008,12,,5,16,1.13,1.13,0,0,0,0,1,4,2,1,2,2,49,2,37010
2008,12,,5,16,0,0,0,0,0,0,1,2,2,1,4,1,38,1,41024
2008,12,,3,17,1.19,1.19,0,0,0,0,1,1,2,2,2,2,28,2,44001
2008,12,,7,18,0,0,0,0,0,0,1,1,1,3,4,2,45,1,43002
2008,12,,7,9,1.13,0,1.13,0,0,0,2,1,2,1,7,2,54,2,44011
2008,12,,6,15,0,0,0,0,0,0,1,1,2,1,3,1,55,1,44021
2008,12,,1,12,1.13,1.13,0,0,0,0,1,1,2,1,4,2,60,2,44048
2008,12,,1,19,0,0,0,0,0,0,1,1,1,3,3,2,40,1,44045
2008,12,,1,10,0,0,0,0,0,0,1,1,2,1,4,1,43,1,45035
2008,12,,1,17,1.26,1.26,0,0,0,0,1,1,2,1,3,1,70,1,46021
2008,12,,6,19,0,0,0,0,0,0,1,2,2,3,3,1,62,1,51012
2008,12,,2,22,1.2,1.2,0,0,0,0,1,13,2,3,4,1,31,1,46025
2008,12,,4,1,1.21,1.21,0,0,0,0,1,1,2,3,7,1,34,2,52012
2008,12,,5,0,1.15,1.15,0,0,0,0,1,1,2,3,4,1,24,1,52015
2008,12,,4,3,1,1,0,0,0,0,1,2,1,4,3,2,34,2,55022
2008,12,,7,9,1,1,0,0,0,0,2,1,1,1,7,2,,,57081
2008,12,,1,16,0,0,0,0,0,0,1,1,2,1,4,1,38,1,56022
2008,12,,7,23,1.22,0,1.22,0,0,0,2,1,2,3,2,1,23,1,56011
2008,12,,2,13,0,0,0,0,0,0,1,2,2,1,4,1,71,1,62015
2008,12,,3,10,0,0,0,0,0,0,1,1,2,1,4,1,38,2,62096
2008,12,,2,16,1.18,1.18,0,0,0,0,1,1,2,1,7,2,21,2,62063
2008,12,,5,10,1,1,0,0,0,0,2,3,1,1,7,2,41,1,64074
2008,12,,1,14,1.09,1.09,0,0,0,0,1,1,2,1,3,2,67,2,71004
2008,12,,6,18,1,1,0,0,0,0,2,1,1,3,7,2,21,2,64008
2008,12,,5,18,1.13,1.13,0,0,0,0,1,18,2,1,4,1,43,1,71045
2008,12,,3,20,0,0,0,0,0,0,1,4,2,3,3,2,58,1,71024
2008,12,,5,19,0,0,0,0,0,0,1,1,2,3,2,2,22,1,73001
2008,12,,6,19,1.17,1.17,0,0,0,0,1,15,2,3,3,1,16,2,72025
2008,12,,6,18,1.15,1.15,0,0,0,0,1,1,2,3,3,2,49,1,73042
2008,12,,7,14,1.16,1.16,0,0,0,0,1,1,2,1,3,2,61,2,73083
2008,12,,3,10,1,1,0,0,0,0,1,1,1,1,1,2,49,2,84068
2008,12,,4,15,1.1,1.1,0,0,0,0,1,1,2,1,3,1,43,1,92048
2008,12,,6,6,1.13,0,1.13,0,0,0,1,4,2,1,6,2,52,1,92114
2008,12,,4,12,1.24,1.24,0,0,0,0,1,1,2,1,5,1,19,2,92094
2008,12,,2,7,0,0,0,0,0,0,1,1,2,2,3,2,46,2,45065
2008,12,,2,7,1.08,1.08,0,0,0,0,1,1,2,2,3,2,58,2,45065
2008,12,,4,23,0,0,0,0,0,0,1,1,2,3,4,1,21,1,56085
2008,12,,3,8,1.11,1.11,0,0,0,0,1,18,2,2,4,1,41,2,71070
2008,12,,5,13,0,0,0,0,0,0,1,4,2,1,,2,,,23047
2008,12,,3,22,0,0,0,0,0,0,1,1,2,3,3,1,30,1,23016
2008,12,,4,19,1.1,1.1,0,0,0,0,1,14,2,3,2,2,52,1,23094
2008,12,,6,10,0,0,0,0,0,0,1,1,2,1,,1,80,2,23088
2008,12,,1,9,0,0,0,0,0,0,1,18,2,2,5,1,69,1,24001
2008,12,,1,4,1.08,1.08,0,0,0,0,1,1,2,3,6,1,35,1,23104
2008,12,,4,22,0,0,0,0,0,0,1,1,2,3,4,1,21,1,24062
2008,12,,3,16,0,0,0,0,0,0,1,7,1,1,1,2,30,1,25014
2008,12,,2,19,1.08,1.08,0,0,0,0,2,1,2,3,3,1,25,1,25072
2008,12,,7,9,1.08,1.08,0,0,0,0,1,18,2,2,3,2,59,1,25072
2008,12,,1,12,1.19,1.19,0,0,0,0,1,22,2,1,5,1,40,1,21013
2008,12,,6,16,1.12,0,1.12,0,0,0,1,22,2,1,5,1,88,1,31004
2008,12,,5,18,0,0,0,0,0,0,1,1,2,3,3,1,84,1,31004
2008,12,,1,19,0,0,0,0,0,0,1,1,2,3,4,1,33,2,11005
2008,12,,7,15,0,0,0,0,0,0,1,1,2,1,3,2,57,1,11024
2008,12,,5,9,1.19,1.19,0,0,0,0,2,1,2,1,3,2,69,2,11055
2008,12,,1,18,1.25,1.25,0,0,0,0,1,1,2,3,3,2,49,1,11052
2008,12,,4,7,1,1,0,0,0,0,1,1,1,3,3,2,23,1,11002
2008,12,,5,5,1.24,1.24,0,0,0,0,1,1,2,3,4,1,32,1,11002
2008,12,,3,19,1,0,0,0,1,1,1,14,2,3,8,1,46,1,11002
2008,12,,4,15,0,0,0,0,0,0,1,1,2,1,4,1,46,1,11002
2008,12,,7,14,0,0,0,0,0,0,1,4,2,1,4,1,47,1,11002
2009,1,,6,10,1.23,1.23,0,0,0,0,1,22,2,1,5,1,57,2,11002
2009,1,,7,5,0,0,0,0,0,0,1,1,2,3,3,1,54,1,11002
2009,1,,7,2,0,0,0,0,0,0,1,1,2,3,4,1,34,1,11002
2009,1,,5,10,1.23,1.23,0,0,0,0,1,18,2,1,4,1,25,1,11002
2009,1,,7,17,1.07,0,1.07,0,0,0,1,1,2,1,2,1,32,1,12014
2009,1,,6,11,1.18,1.18,0,0,0,0,1,2,2,1,7,2,23,1,11039
2009,1,,7,14,1.21,1.21,0,0,0,0,2,1,2,1,3,2,55,2,11024
2009,1,,2,18,1,1,0,0,0,0,1,1,1,3,7,2,42,1,11013
2009,1,,4,17,1.14,1.14,0,0,0,0,2,10,2,1,4,2,13,2,11023
2009,1,,1,17,1.23,1.23,0,0,0,0,2,1,2,3,4,1,16,1,11002
2009,1,,6,13,0,0,0,0,0,0,1,1,2,1,4,1,51,1,31005
2009,1,,3,12,0,0,0,0,0,0,1,1,2,1,4,2,30,2,31005
2009,1,,4,12,0,0,0,0,0,0,1,1,2,1,3,1,55,1,21018
2009,1,,6,15,0,0,0,0,0,0,1,1,2,1,3,1,19,1,21012
2009,1,,4,3,1.28,0,1.28,0,0,0,1,1,2,3,4,1,36,1,21008
2009,1,,1,14,1.17,1.17,0,0,0,0,2,1,2,1,3,1,16,2,21001
2009,1,,4,21,1.24,1.24,0,0,0,0,1,18,2,3,4,2,12,1,13040
2009,1,,2,18,0,0,0,0,0,0,1,1,2,4,3,1,38,2,12026
2009,1,,3,9,1.06,1.06,0,0,0,0,1,1,2,1,7,1,19,2,25107
2009,1,,2,12,1.14,1.14,0,0,0,0,1,1,2,1,2,2,35,2,24062
2009,1,,5,14,0,0,0,0,0,0,1,1,2,1,4,2,76,1,24055
2009,1,,3,8,1.29,1.29,0,0,0,0,1,1,2,1,8,2,29,2,24011
2009,1,,3,20,1,1,0,0,0,0,1,1,1,3,4,2,33,2,23047
2009,1,,7,18,0,0,0,0,0,0,1,1,2,1,2,2,62,1,92137