year,month,monthDay,weekDay,hour,numVictims,numSlightlyInjured,numSeverelyInjured,numMortallyInjured,numDiedWithin24Hours,numDiedWithin30Days,victimType,roadUserType,roadType,lightConditions,collisionType,areaType,age,sex,municipality
2009,1,,4,18,0,0,0,0,0,0,1,1,2,3,3,1,30,2,62119
2009,1,,1,18,1.13,1.13,0,0,0,0,2,1,2,2,3,1,15,2,33041
2009,1,,2,16,1.07,1.07,0,0,0,0,2,1,2,1,2,2,12,2,92101
2009,1,,6,1,1.03,1.03,0,0,0,0,2,1,2,3,4,1,26,1,92006
2009,1,,5,18,1.06,0,1.06,0,0,0,1,22,2,3,5,1,44,1,91030
2009,1,,5,12,1.09,1.09,0,0,0,0,1,3,2,1,4,1,37,1,82003
2009,1,,6,13,0,0,0,0,0,0,1,1,2,1,4,2,33,1,81015
2009,1,,4,9,0,0,0,0,0,0,1,1,2,1,5,1,39,2,73083
2009,1,,4,16,1.12,1.12,0,0,0,0,1,1,2,1,2,1,44,1,73107
2009,1,,1,8,0,0,0,0,0,0,1,1,2,3,4,2,45,1,71016
2009,1,,7,13,1.11,1.11,0,0,0,0,2,1,2,1,4,2,22,2,71002
2009,1,,2,16,1.11,1.11,0,0,0,0,1,1,2,1,2,2,74,1,71002
2009,1,,6,5,1.1,0,1.1,0,0,0,1,1,2,3,7,1,26,1,63079
2009,1,,4,17,1,0,0,0,1,1,2,1,2,1,7,2,10,1,63076
2009,1,,6,21,1.14,1.14,0,0,0,0,1,4,2,3,4,1,53,1,63073
2009,1,,2,16,1.16,1.16,0,0,0,0,1,22,2,1,5,1,6,2,62063
2009,1,,6,22,1.06,1.06,0,0,0,0,2,4,2,3,3,2,50,2,55039
2009,1,,5,16,0,0,0,0,0,0,1,1,2,1,5,1,51,1,52021
2009,1,,3,17,1.11,1.11,0,0,0,0,1,22,2,1,5,1,17,2,53014
2009,1,,6,9,1.13,1.13,0,0,0,0,1,1,2,1,4,1,32,1,52011
2009,1,,6,13,0,0,0,0,0,0,1,1,2,1,3,2,72,1,46020
2009,1,,7,13,0,0,0,0,0,0,1,1,2,1,5,1,76,1,46021
2009,1,,3,18,1.1,1.1,0,0,0,0,1,1,2,3,2,2,52,2,46020
2009,1,,5,0,0,0,0,0,0,0,1,10,2,3,4,1,34,1,44034
2009,1,,4,12,0,0,0,0,0,0,1,1,2,1,4,1,29,1,44034
2009,1,,1,18,0,0,0,0,0,0,1,1,2,3,3,1,,,44021
2009,1,,6,20,1.16,0,1.16,0,0,0,1,1,2,4,6,2,44,1,44021
2009,1,,6,19,1.11,1.11,0,0,0,0,1,1,2,2,2,2,73,2,44019
2009,1,,4,15,0,0,0,0,0,0,1,18,2,1,4,1,33,1,42011
2009,1,,5,13,0,0,0,0,0,0,1,1,2,1,2,2,19,2,41081
2009,1,,5,16,0,0,0,0,0,0,1,1,2,1,4,1,42,2,36008
2009,1,,7,12,1.13,1.13,0,0,0,0,2,1,2,1,4,2,3,2,36012
2009,1,,3,8,1.09,0,1.09,0,0,0,1,15,2,2,4,1,44,1,34023
2009,1,,6,17,1.11,1.11,0,0,0,0,1,1,2,1,7,2,22,2,31043
2009,1,,3,12,1.11,1.11,0,0,0,0,1,1,2,1,3,1,30,1,31043
2009,1,,2,13,0,0,0,0,0,0,1,1,2,1,4,1,54,2,31043
2009,2,,6,10,1.15,1.15,0,0,0,0,1,7,2,1,8,2,35,1,31022
2009,2,,5,21,1.09,1.09,0,0,0,0,1,4,2,3,3,1,47,1,34023
2009,2,,3,15,1.12,1.12,0,0,0,0,2,1,2,1,8,2,53,1,35014
2009,2,,2,9,1.11,1.11,0,0,0,0,2,2,2,1,2,1,28,1,41048
2009,2,,3,10,1.11,1.11,0,0,0,0,1,1,2,1,6,1,23,2,41034
2009,2,,6,4,1.16,1.16,0,0,0,0,1,18,2,3,2,1,23,1,44021
2009,2,,5,23,0,0,0,0,0,0,1,1,2,3,3,1,29,1,44020
2009,2,,4,20,1.16,1.16,0,0,0,0,1,14,2,3,3,1,40,1,44021
2009,2,,3,12,1.14,1.14,0,0,0,0,1,1,2,1,2,2,37,2,45017
2009,2,,5,8,1.14,1.14,0,0,0,0,1,18,2,2,4,1,79,1,45060
2009,2,,5,21,0,0,0,0,0,0,1,2,2,3,2,1,52,1,52011
2009,2,,7,0,0,0,0,0,0,0,1,1,2,3,4,1,34,1,54007
2009,2,,4,6,1.08,0,1.08,0,0,0,1,1,1,3,7,2,41,1,54007
2009,2,,3,19,0,0,0,0,0,0,1,1,2,3,5,1,79,1,53070
2009,2,,4,15,1.13,1.13,0,0,0,0,1,1,2,1,7,1,89,1,62011
2009,2,,7,6,1.13,1.13,0,0,0,0,2,1,2,3,7,1,31,2,62006
2009,2,,3,7,1,1,0,0,0,0,1,4,1,3,7,2,38,1,61028
2009,2,,4,21,1.12,1.12,0,0,0,0,1,1,2,3,7,1,61,2,62096
2009,2,,3,9,1.1,1.1,0,0,0,0,1,2,2,2,7,1,18,1,63020
2009,2,,5,23,1.12,1.12,0,0,0,0,2,4,2,3,2,2,20,2,71066
2009,2,,2,18,1.14,1.14,0,0,0,0,1,1,2,3,3,2,48,1,72030
2009,2,,5,18,1,1,0,0,0,0,2,1,2,1,4,1,2,1,81001
2009,2,,5,18,1,1,0,0,0,0,2,1,2,1,4,1,26,2,81001
2009,2,,1,9,1.03,1.03,0,0,0,0,1,22,2,1,5,1,5,1,92003
2009,2,,2,19,1,0,0,0,1,1,1,18,2,3,3,2,52,1,92035
2009,2,,3,12,0,0,0,0,0,0,1,6,2,1,4,2,38,1,45065
2009,2,,3,17,0,0,0,0,0,0,1,1,2,1,3,1,29,1,62121
2009,2,,4,20,1.19,1.19,0,0,0,0,1,18,2,3,3,2,35,1,45064
2009,2,,3,8,1.12,1.12,0,0,0,0,1,2,2,2,7,2,28,2,91142
2009,2,,1,12,1.04,1.04,0,0,0,0,1,22,2,1,5,1,1,1,23003
2009,2,,5,14,1.18,1.18,0,0,0,0,1,1,2,1,7,2,78,1,11057
2009,2,,2,19,1.08,1.08,0,0,0,0,1,,2,3,8,1,41,1,93090
2009,2,,4,19,0,0,0,0,0,0,1,1,2,3,4,1,41,2,23027
2009,2,,5,8,1.19,1.19,0,0,0,0,1,1,2,1,2,1,36,1,23025
2009,2,,5,15,1.12,1.12,0,0,0,0,1,1,2,1,2,2,29,2,24020
2009,2,,2,16,1.08,1.08,0,0,0,0,1,15,2,1,4,1,37,1,24038
2009,2,,4,19,1.09,1.09,0,0,0,0,1,1,2,3,4,1,27,2,24107
2009,2,,5,9,1.06,1.06,0,0,0,0,1,15,2,1,8,1,23,2,25068
2009,2,,1,10,1,1,0,0,0,0,1,1,1,1,7,2,39,,25072
2009,2,,4,6,1.13,1.13,0,0,0,0,1,1,2,3,4,1,32,1,13006
2009,2,,1,20,0,0,0,0,0,0,1,1,2,3,5,1,30,1,21004
2009,2,,2,7,1.15,1.15,0,0,0,0,1,1,2,2,3,1,38,2,21002
2009,2,,6,0,0,0,0,0,0,0,1,1,2,3,3,1,27,1,21007
2009,2,,5,14,0,0,0,0,0,0,1,1,2,1,5,1,47,2,21012
2009,2,,1,17,1.28,1.28,0,0,0,0,1,1,2,1,4,1,27,2,21012
2009,2,,1,19,0,0,0,0,0,0,1,1,2,3,3,1,23,1,31005
2009,2,,6,19,0,0,0,0,0,0,1,4,2,1,2,1,28,1,31003
2009,2,,3,13,0,0,0,0,0,0,1,1,2,1,3,1,43,2,21016
2009,2,,6,3,0,0,0,0,0,0,1,1,2,3,3,1,24,1,11040
2009,2,,5,20,1.13,1.13,0,0,0,0,1,15,2,4,4,1,26,1,12009
2009,2,,6,13,1,1,0,0,0,0,1,2,1,1,3,2,27,1,11002
2009,2,,1,14,0,0,0,0,0,0,1,2,2,1,4,1,33,1,11002
2009,2,,6,17,1.23,1.23,0,0,0,0,1,18,2,1,4,1,48,2,11002
2009,3,,6,20,0,0,0,0,0,0,1,2,2,2,3,1,64,1,11002
2009,3,,6,20,0,0,0,0,0,0,1,1,2,2,3,1,41,1,11002
2009,3,,5,19,1.23,1.23,0,0,0,0,1,22,2,2,5,1,50,2,11002
2009,3,,1,18,0,0,0,0,0,0,1,1,1,1,1,2,27,1,11002
2009,3,,3,21,0,0,0,0,0,0,1,1,2,3,1,1,33,1,11002
2009,3,,1,9,1.19,1.19,0,0,0,0,2,15,2,2,4,2,22,2,12021
2009,3,,2,9,1.13,1.13,0,0,0,0,1,24,2,1,4,2,18,2,12005
2009,3,,4,20,0,0,0,0,0,0,1,1,2,3,4,1,84,1,11039
2009,3,,3,20,1.21,1.21,0,0,0,0,1,1,2,3,3,1,41,1,11025
2009,3,,5,12,1.21,1.21,0,0,0,0,1,24,2,1,4,1,47,1,11013
2009,3,,1,11,1.24,1.24,0,0,0,0,1,1,2,1,3,1,20,1,11022
2009,3,,5,9,0,0,0,0,0,0,1,6,2,1,,1,,,11002
2009,3,,6,18,0,0,0,0,0,0,1,1,2,1,2,1,29,1,31005
2009,3,,7,12,1.18,1.18,0,0,0,0,2,1,2,1,3,1,76,2,31005
2009,3,,7,17,0,0,0,0,0,0,1,1,2,1,4,1,23,2,21009
2009,3,,1,2,1.28,1.28,0,0,0,0,2,1,2,3,7,1,29,1,21008
2009,3,,1,10,0,0,0,0,0,0,1,11,2,1,4,1,37,1,21009
2009,3,,5,10,0,0,0,0,0,0,1,1,2,1,2,1,21,1,21006
2009,3,,2,19,0,0,0,0,0,0,1,1,2,1,3,1,31,1,21004
2009,3,,7,21,1.55,1.55,0,0,0,0,1,22,2,3,5,1,28,2,21004
2009,3,,5,23,0,0,0,0,0,0,1,6,2,3,2,1,21,1,21003
2009,3,,6,3,1.24,1.24,0,0,0,0,1,1,2,3,7,1,20,1,13031
2009,3,,3,8,1.24,1.24,0,0,0,0,1,22,2,1,5,2,53,1,13040
2009,3,,5,12,1.13,1.13,0,0,0,0,1,1,2,1,3,1,31,2,13025
2009,3,,2,10,0,0,0,0,0,0,1,4,1,1,7,2,,1,13014
2009,3,,6,13,1.12,1.12,0,0,0,0,2,16,2,1,4,2,20,2,13008
2009,3,,5,7,0,0,0,0,0,0,1,4,2,2,4,2,48,2,24038
2009,3,,6,18,1.14,1.14,0,0,0,0,1,16,2,1,3,2,17,1,24062
2009,3,,1,18,1.14,1.14,0,0,0,0,1,15,2,1,2,1,30,1,24062
2009,3,,4,12,0,0,0,0,0,0,1,1,2,1,2,2,31,2,24043
2009,3,,3,9,0,0,0,0,0,0,1,1,2,1,4,2,31,2,23062
2009,3,,3,18,1.13,1.13,0,0,0,0,2,1,2,1,4,2,20,2,23094
2009,3,,4,5,1.12,1.12,0,0,0,0,1,16,2,3,4,2,45,1,71070
2009,3,,3,17,1.05,1.05,0,0,0,0,2,1,2,1,4,1,25,2,72039
2009,3,,1,14,1.11,1.11,0,0,0,0,1,2,2,1,4,2,35,2,37020
2009,3,,4,17,0,0,0,0,0,0,1,7,1,1,4,2,48,1,62119
2009,3,,5,17,0,0,0,0,0,0,1,1,2,1,4,1,27,1,57094
2009,3,,2,18,0,0,0,0,0,0,1,1,2,1,4,1,36,2,33040
2009,3,,1,20,0,0,0,0,0,0,1,1,2,2,4,1,50,2,73107
2009,3,,7,16,0,0,0,0,0,0,1,1,2,1,3,1,21,1,71057
2009,3,,3,12,0,0,0,0,0,0,1,1,2,1,3,2,49,1,71016
2009,3,,5,17,0,0,0,0,0,0,1,1,2,1,3,1,66,2,71004
2009,3,,1,13,0,0,0,0,0,0,1,1,2,1,3,1,70,1,63079
2009,3,,2,18,1.17,1.17,0,0,0,0,1,2,2,1,2,1,46,2,61068
2009,3,,4,17,0,0,0,0,0,0,1,1,2,1,3,1,61,2,61031
2009,3,,3,13,0,0,0,0,0,0,1,1,2,1,3,1,50,1,56005
2009,3,,6,19,1,0,0,1,0,1,1,20,2,1,5,1,68,2,57081
2009,3,,4,8,1.04,1.04,0,0,0,0,1,16,2,1,4,1,16,1,53020
2009,3,,4,18,0,0,0,0,0,0,1,4,2,1,4,1,64,1,53053
2009,3,,1,16,0,0,0,0,0,0,1,1,2,1,2,1,31,1,52011
2009,3,,6,11,0,0,0,0,0,0,1,2,2,1,5,1,46,1,52011
2009,3,,6,21,1.18,1.18,0,0,0,0,1,15,2,3,4,2,55,1,46025
2009,3,,3,23,1,0,0,0,1,1,2,1,2,4,7,2,39,2,51004
2009,3,,6,21,1,1,0,0,0,0,1,2,1,4,3,2,36,2,44021
2009,3,,5,14,0,0,0,0,0,0,1,1,2,1,3,1,21,1,44021
2009,3,,7,4,1.16,1.16,0,0,0,0,1,1,2,3,7,1,49,1,44021
2009,3,,4,20,0,0,0,0,0,0,1,18,2,3,3,1,19,2,44021
2009,3,,4,15,1.16,1.16,0,0,0,0,1,22,2,1,5,1,77,2,44021
2009,3,,5,11,0,0,0,0,0,0,1,1,2,1,4,1,67,1,44021
2009,3,,5,23,1.16,1.16,0,0,0,0,1,1,2,3,3,1,45,1,44021
2009,3,,5,23,1.16,1.16,0,0,0,0,1,1,2,4,4,2,27,1,44021
2009,3,,6,6,1.16,1.16,0,0,0,0,1,15,2,,8,1,26,1,44021
2009,3,,2,18,1.19,1.19,0,0,0,0,1,1,2,1,4,2,36,1,44011
2009,3,,7,20,1.11,1.11,0,0,0,0,1,18,2,1,2,1,15,1,42025
2009,3,,2,8,1.15,1.15,0,0,0,0,1,1,2,1,7,2,69,1,42008
2009,3,,4,19,1.23,1.23,0,0,0,0,1,4,2,2,7,1,21,1,42006
2009,3,,6,9,0,0,0,0,0,0,1,1,2,1,2,1,79,1,41011
2009,3,,3,15,1.17,1.17,0,0,0,0,1,1,2,1,7,1,21,1,38025
2009,3,,4,21,1.12,1.12,0,0,0,0,1,4,2,3,7,2,25,1,32003
2009,4,,5,15,1.12,1.12,0,0,0,0,1,1,2,1,7,2,30,1,31042
2009,4,,1,17,0,0,0,0,0,0,1,1,2,1,3,2,87,1,34013
2009,4,,1,18,0,0,0,0,0,0,1,4,2,1,2,2,36,1,33011
2009,4,,7,0,1.19,1.19,0,0,0,0,1,1,2,3,7,1,21,1,42004
2009,4,,3,11,0,0,0,0,0,0,1,1,2,1,4,1,24,2,42008
2009,4,,3,19,0,0,0,0,0,0,1,1,2,1,3,1,31,1,42003
2009,4,,5,5,0,0,0,0,0,0,1,6,1,4,3,2,54,1,42028
2009,4,,5,18,0,0,0,0,0,0,1,1,2,1,1,1,24,1,43018
2009,4,,2,11,1.15,0,1.15,0,0,0,1,1,2,1,7,2,51,1,43014
2009,4,,3,16,1.12,1.12,0,0,0,0,1,18,2,1,4,1,68,2,43010
2009,4,,2,7,0,0,0,0,0,0,1,4,2,3,5,1,28,1,44019
2009,4,,5,17,0,0,0,0,0,0,1,1,2,1,3,1,26,2,44013
2009,4,,1,18,1.16,1.16,0,0,0,0,2,1,2,1,3,1,25,2,44021
2009,4,,2,13,0,0,0,0,0,0,1,2,2,1,4,2,37,1,44021
2009,4,,2,17,1.21,1.21,0,0,0,0,1,18,2,1,3,1,38,2,46021
2009,4,,1,19,0,0,0,0,0,0,1,1,2,1,4,1,24,1,46021
2009,4,,2,15,1.03,1.03,0,0,0,0,2,2,2,1,2,1,21,1,51009
2009,4,,4,23,1.13,1.13,0,0,0,0,1,15,2,3,3,1,44,1,52011
2009,4,,1,21,1.11,1.11,0,0,0,0,1,22,2,2,5,1,32,1,53065
2009,4,,1,18,1.14,1.14,0,0,0,0,1,15,2,1,3,1,19,1,52043
2009,4,,2,19,1.14,1.14,0,0,0,0,2,1,2,1,4,1,42,2,52043
2009,4,,3,19,1.17,1.17,0,0,0,0,1,16,2,1,2,1,18,1,55040
2009,4,,3,17,1.06,1.06,0,0,0,0,1,1,2,1,2,2,65,1,55039
2009,4,,3,19,0,0,0,0,0,0,1,1,2,1,3,1,62,1,54007
2009,4,,4,11,0,0,0,0,0,0,1,1,2,1,1,1,40,1,57081
2009,4,,3,14,0,0,0,0,0,0,1,6,2,1,4,1,29,1,61031
2009,4,,3,13,1.16,1.16,0,0,0,0,1,22,2,1,5,1,14,2,62063
2009,4,,4,15,1.1,1.1,0,0,0,0,1,1,2,1,4,1,56,2,62099
2009,4,,2,21,1.16,1.16,0,0,0,0,1,4,2,2,4,1,77,1,62063
2009,4,,7,7,1.1,1.1,0,0,0,0,1,1,2,,6,2,29,1,63079
2009,4,,2,12,1.14,1.14,0,0,0,0,1,2,2,1,3,1,39,2,63049
2009,4,,7,18,1.14,1.14,0,0,0,0,1,1,2,1,5,2,29,1,63086
2009,4,,2,17,1.12,1.12,0,0,0,0,1,1,2,1,2,2,55,1,71022
2009,4,,6,22,1.11,0,1.11,0,0,0,2,4,2,3,7,2,26,1,71016
2009,4,,3,14,0,0,0,0,0,0,1,1,2,1,3,1,72,1,71053
2009,4,,7,19,1.09,0,1.09,0,0,0,1,2,2,1,7,2,60,1,84033
2009,4,,1,15,1.28,1.28,0,0,0,0,1,1,2,1,7,2,58,1,85011
2009,4,,3,22,1.07,0,1.07,0,0,0,1,15,2,3,4,2,17,1,92087
2009,4,,5,10,0,0,0,0,0,0,1,1,2,1,3,2,33,1,92035
2009,4,,3,19,1.13,1.13,0,0,0,0,1,18,2,1,4,1,54,1,33039
2009,4,,7,22,1.07,1.07,0,0,0,0,1,1,2,3,4,2,24,2,92101
2009,4,,3,18,1.11,1.11,0,0,0,0,1,15,2,1,2,1,39,2,41082
2009,4,,3,21,0,0,0,0,0,0,1,1,2,4,4,1,51,1,62121
2009,4,,3,21,1.18,1.18,0,0,0,0,2,2,2,2,7,2,61,2,11057
2009,4,,3,16,1.06,1.06,0,0,0,0,1,1,2,1,2,2,23,1,23062
2009,4,,6,7,1.08,1.08,0,0,0,0,1,1,2,1,7,2,37,1,24094
2009,4,,3,17,0,0,0,0,0,0,1,1,2,1,1,2,42,1,25119
2009,4,,7,7,0,0,0,0,0,0,1,7,1,1,3,2,36,1,25072
2009,4,,4,18,0,0,0,0,0,0,1,1,2,1,4,1,67,1,25105
2009,4,,5,22,1.2,1.2,0,0,0,0,1,1,2,3,2,2,23,2,13037
2009,4,,3,11,0,0,0,0,0,0,1,1,2,1,4,1,81,1,21001
2009,4,,3,8,1.17,1.17,0,0,0,0,1,22,2,1,5,1,37,1,21007
2009,4,,2,19,1.28,1.28,0,0,0,0,2,10,2,,8,1,0,1,21012
2009,4,,2,19,1.15,1.15,0,0,0,0,1,18,2,1,7,1,55,1,21017
2009,4,,4,2,0,0,0,0,0,0,1,1,2,3,3,1,59,1,31004
2009,4,,5,23,0,0,0,0,0,0,1,1,2,3,3,1,,,21016
2009,4,,5,22,0,0,0,0,0,0,1,1,2,3,6,1,81,1,21019
2009,4,,4,22,0,0,0,0,0,0,1,1,2,3,4,1,21,1,21015
2009,4,,4,16,1.18,1.18,0,0,0,0,1,1,2,1,4,1,85,2,31005
2009,4,,6,20,0,0,0,0,0,0,1,22,2,1,5,1,16,1,11002
2009,4,,1,18,1.23,1.23,0,0,0,0,1,22,2,1,5,2,13,2,11002
2009,4,,4,18,1.15,1.15,0,0,0,0,1,1,2,1,7,1,77,1,11040
2009,4,,3,23,0,0,0,0,0,0,1,1,2,3,4,1,26,1,11037
2009,4,,4,17,0,0,0,0,0,0,1,1,2,1,4,1,35,1,12007
2009,4,,2,19,1.15,1.15,0,0,0,0,1,14,2,1,3,2,42,1,12007
2009,4,,6,2,1.23,1.23,0,0,0,0,1,13,2,,4,1,27,1,11002
2009,4,,1,17,0,0,0,0,0,0,1,1,1,1,4,2,32,1,11002
2009,4,,7,22,1.21,1.21,0,0,0,0,1,,2,3,7,2,39,1,11001
2009,4,,5,5,1,1,0,0,0,0,1,1,1,3,7,2,23,1,11002
2009,4,,5,18,0,0,0,0,0,0,1,1,2,1,4,1,24,1,11002
2009,4,,3,17,0,0,0,0,0,0,1,4,2,1,4,2,55,1,11002
2009,4,,4,18,0,0,0,0,0,0,1,7,1,1,4,2,39,1,11002
2009,4,,4,9,1.19,1.19,0,0,0,0,1,4,2,1,4,2,42,1,25121
2009,5,,7,19,0,0,0,0,0,0,1,1,2,1,5,1,60,1,11002
2009,5,,1,22,0,0,0,0,0,0,1,10,2,2,2,1,51,1,11002
2009,5,,5,15,1.23,1.23,0,0,0,0,1,18,2,1,4,1,62,2,11002
2009,5,,7,8,0,0,0,0,0,0,1,1,1,1,3,2,39,1,11002
2009,5,,3,13,1.23,1.23,0,0,0,0,1,2,2,1,3,1,50,2,11002
2009,5,,5,9,0,0,0,0,0,0,1,2,2,1,4,1,36,2,11002
2009,5,,6,12,1.13,1.13,0,0,0,0,1,16,2,1,4,2,38,1,12005
2009,5,,1,21,1.26,1.26,0,0,0,0,1,1,2,1,7,2,18,2,11035
2009,5,,6,5,0,0,0,0,0,0,1,7,1,3,3,2,33,1,11035
2009,5,,7,20,0,0,0,0,0,0,1,4,2,1,2,1,25,2,11008
2009,5,,3,1,0,0,0,0,0,0,1,1,2,3,2,1,22,1,11002
2009,5,,4,1,1.23,1.23,0,0,0,0,1,1,2,3,3,1,21,1,11002
2009,5,,2,8,0,0,0,0,0,0,1,2,2,1,4,1,27,2,31005
2009,5,,6,15,1.17,1.17,0,0,0,0,1,13,2,1,2,1,36,1,21018
2009,5,,5,11,1.55,1.55,0,0,0,0,2,1,2,1,8,1,19,2,21004
2009,5,,5,10,2.2,2.2,0,0,0,0,1,18,2,1,3,1,58,1,13049
2009,5,,5,16,0,0,0,0,0,0,1,1,2,1,3,2,54,1,13025
2009,5,,5,19,0,0,0,0,0,0,1,1,2,1,3,1,34,2,13017
2009,5,,7,20,0,0,0,0,0,0,1,2,2,1,4,1,29,1,13003
2009,5,,4,14,1.17,1.17,0,0,0,0,1,2,2,1,2,2,27,1,12040
2009,5,,6,17,0,0,0,0,0,0,1,5,2,1,1,1,62,1,12025
2009,5,,7,6,1.12,1.12,0,0,0,0,1,4,2,2,7,1,36,1,24045
2009,5,,4,23,0,0,0,0,0,0,1,1,1,3,3,2,,,23105
2009,5,,6,15,1.13,1.13,0,0,0,0,1,22,2,1,5,1,57,2,23094
2009,5,,6,0,0,0,0,0,0,0,1,1,2,3,7,2,49,1,23064
2009,5,,4,8,1.11,1.11,0,0,0,0,1,1,2,1,3,2,31,2,23077
2009,5,,2,16,0,0,0,0,0,0,1,1,2,1,3,1,22,1,23045
2009,5,,7,21,1.03,1.03,0,0,0,0,1,22,2,1,5,1,43,1,92142
2009,5,,3,13,1.08,1.08,0,0,0,0,1,1,2,1,6,1,29,1,92140
2009,5,,3,9,1,1,0,0,0,0,1,1,2,1,3,2,34,2,92137
2009,5,,5,21,0,0,0,0,0,0,1,1,2,1,2,2,20,1,63087
2009,5,,2,9,1.05,1.05,0,0,0,0,1,1,2,1,4,2,38,2,72039
2009,5,,1,16,1.05,1.05,0,0,0,0,1,1,2,1,7,1,47,2,62120
2009,5,,1,16,1,1,0,0,0,0,1,4,2,1,3,2,44,1,93056
2009,5,,5,21,1.06,0,1.06,0,0,0,1,4,2,1,7,2,65,1,91054
2009,5,,2,13,1.12,1.12,0,0,0,0,1,18,2,1,4,1,38,2,73107
2009,5,,3,10,0,0,0,0,0,0,1,1,2,1,4,2,72,2,73009
2009,5,,5,17,0,0,0,0,0,0,1,1,2,1,3,1,22,1,72020
2009,5,,1,8,0,0,0,0,0,0,1,2,2,1,4,1,31,2,71034
2009,5,,2,11,0,0,0,0,0,0,1,1,2,1,3,2,43,1,71022
2009,5,,6,16,0,0,0,0,0,0,1,24,2,1,3,1,39,1,63020
2009,5,,6,13,1.13,1.13,0,0,0,0,2,1,2,1,3,1,19,1,62118
2009,5,,7,1,1.12,1.12,0,0,0,0,2,1,2,3,3,1,33,1,62096
2009,5,,7,4,1.16,1.16,0,0,0,0,1,1,2,3,6,1,22,2,62063
2009,5,,4,21,1.17,1.17,0,0,0,0,2,1,2,1,3,1,35,2,61072
2009,5,,6,11,0,0,0,0,0,0,1,2,1,1,3,2,77,1,62003
2009,5,,4,17,1.07,1.07,0,0,0,0,2,1,2,1,2,2,75,2,56005
2009,5,,6,13,1.03,1.03,0,0,0,0,1,1,2,1,3,1,36,2,57064
2009,5,,6,12,0,0,0,0,0,0,1,1,2,1,3,2,67,1,55039
2009,5,,3,9,0,0,0,0,0,0,1,1,2,1,3,1,30,1,54007
2009,5,,5,1,0,0,0,0,0,0,1,2,2,3,,1,27,1,55022
2009,5,,2,14,0,0,0,0,0,0,1,6,1,1,3,2,27,1,55010
2009,5,,4,22,0,0,0,0,0,0,1,1,1,3,4,2,38,2,53053
2009,5,,3,18,0,0,0,0,0,0,1,1,2,1,2,1,44,2,53053
2009,5,,1,13,0,0,0,0,0,0,1,1,2,1,4,2,61,1,52063
2009,5,,7,18,0,0,0,0,0,0,1,1,2,1,4,1,48,2,52015
2009,5,,7,2,0,0,0,0,0,0,1,1,2,3,3,1,48,1,52011
2009,5,,4,20,0,0,0,0,0,0,1,1,2,1,5,1,67,2,52011
2009,5,,2,21,0,0,0,0,0,0,1,1,2,1,4,1,77,2,51004
2009,5,,7,13,0,0,0,0,0,0,1,1,2,1,2,1,35,1,46025
2009,5,,7,13,1.1,0,1.1,0,0,0,1,14,2,1,8,2,46,1,46020
2009,5,,7,15,0,0,0,0,0,0,1,1,2,1,2,2,57,1,46013
2009,5,,6,0,1.16,1.16,0,0,0,0,2,1,2,3,3,1,34,2,44021
2009,5,,5,18,1.11,1.11,0,0,0,0,1,2,2,1,4,1,35,1,44019
2009,5,,1,6,1,1,0,0,0,0,1,1,1,1,3,2,25,1,44021
2009,5,,5,0,1.19,1.19,0,0,0,0,1,4,2,3,6,2,49,1,44011
2009,5,,3,19,0,0,0,0,0,0,1,1,2,1,3,1,21,1,43018
2009,5,,6,19,1.23,1.23,0,0,0,0,1,1,2,1,7,1,52,1,42006
2009,5,,6,0,0,0,0,0,0,0,1,1,2,3,4,2,28,1,41027
2009,5,,4,17,1.17,1.17,0,0,0,0,1,16,2,1,4,1,18,1,41027
2009,5,,4,13,0,0,0,0,0,0,1,1,2,1,3,1,22,1,41002
2009,5,,7,4,1.09,1.09,0,0,0,0,1,1,2,3,3,1,23,2,38014
2009,5,,5,11,0,0,0,0,0,0,1,1,2,1,4,2,,,36007
2009,5,,2,17,1.21,0,1.21,0,0,0,1,18,2,1,3,1,17,2,36015
2009,5,,6,16,0,0,0,0,0,0,1,1,2,1,4,1,75,1,36015
2009,5,,5,18,1.21,1.21,0,0,0,0,1,18,2,1,4,1,46,1,36008
2009,5,,2,14,1.09,0,1.09,0,0,0,1,4,2,1,3,2,55,2,34022
2009,5,,4,22,1.18,0,1.18,0,0,0,2,1,2,3,8,2,18,2,34027
2009,5,,4,20,1,0,0,1,0,1,2,,2,,,,4,1,34022
2009,6,,4,18,0,0,0,0,0,0,1,1,2,1,3,2,32,1,34022
2009,6,,2,19,1.18,1.18,0,0,0,0,2,1,2,1,3,2,44,2,34027
2009,6,,1,16,1,1,0,0,0,0,2,1,1,1,3,2,0,2,34022
2009,6,,5,11,1.09,1.09,0,0,0,0,2,1,2,1,4,1,77,2,34022
2009,6,,6,7,1,0,0,0,1,1,1,14,1,1,7,2,41,1,34041
2009,6,,6,22,1,0,1,0,0,0,1,1,1,1,7,2,42,2,35005
2009,6,,2,17,1.25,1.25,0,0,0,0,1,16,2,1,4,1,16,1,35013
2009,6,,5,10,1.06,1.06,0,0,0,0,1,18,2,1,4,1,39,2,41002
2009,6,,7,11,0,0,0,0,0,0,1,2,2,1,4,1,35,2,42006
2009,6,,4,18,1.16,1.16,0,0,0,0,1,1,2,1,1,1,23,2,42003