year,month,monthDay,weekDay,hour,numVictims,numSlightlyInjured,numSeverelyInjured,numMortallyInjured,numDiedWithin24Hours,numDiedWithin30Days,victimType,roadUserType,roadType,lightConditions,collisionType,areaType,age,sex,municipality
2009,6,,4,22,0,0,0,0,0,0,1,2,2,1,2,2,36,1,42025
2009,6,,3,0,1.11,1.11,0,0,0,0,1,1,2,3,2,1,21,1,44019
2009,6,,3,14,0,0,0,0,0,0,1,1,2,1,5,1,23,1,44021
2009,6,,3,19,0,0,0,0,0,0,1,1,2,1,2,1,17,1,44021
2009,6,,7,3,1.11,1.11,0,0,0,0,1,1,1,4,7,2,43,1,44045
2009,6,,4,20,0,0,0,0,0,0,1,1,2,1,4,2,31,1,46014
2009,6,,5,11,1.03,1.03,0,0,0,0,2,1,2,1,4,2,81,2,51009
2009,6,,6,19,0,0,0,0,0,0,1,1,2,1,4,1,41,1,52010
2009,6,,7,22,1.13,0,1.13,0,0,0,1,1,2,3,4,1,49,2,52011
2009,6,,2,13,0,0,0,0,0,0,1,1,2,1,4,1,38,2,52011
2009,6,,6,12,0,0,0,0,0,0,1,1,2,1,4,1,52,1,52043
2009,6,,7,12,1.03,1.03,0,0,0,0,1,1,2,1,4,2,24,1,57064
2009,6,,2,19,1,1,0,0,0,0,1,1,1,2,7,2,37,1,57064
2009,6,,5,20,0,0,0,0,0,0,1,1,2,1,4,1,29,2,56022
2009,6,,6,18,0,0,0,0,0,0,1,1,2,1,3,1,25,2,56022
2009,6,,6,1,1.1,1.1,0,0,0,0,1,2,2,3,3,1,21,1,62038
2009,6,,7,4,0,0,0,0,0,0,1,1,2,3,4,1,56,2,62063
2009,6,,3,18,1.16,1.16,0,0,0,0,1,1,2,1,4,1,35,2,62063
2009,6,,4,17,1.16,1.16,0,0,0,0,1,1,2,1,3,1,33,2,62063
2009,6,,4,23,1.1,1.1,0,0,0,0,1,14,2,3,,1,26,1,62099
2009,6,,3,20,0,0,0,0,0,0,1,1,2,1,4,1,39,1,71022
2009,6,,3,12,1.12,1.12,0,0,0,0,1,1,2,1,7,2,41,1,71022
2009,6,,1,8,1.12,1.12,0,0,0,0,1,16,2,1,,2,39,2,71022
2009,6,,2,21,0,0,0,0,0,0,1,,2,1,3,1,,,71067
2009,6,,6,21,1.12,1.12,0,0,0,0,2,1,2,1,7,1,15,1,71066
2009,6,,2,8,0,0,0,0,0,0,1,6,1,1,3,2,53,1,71037
2009,6,,4,21,1.09,1.09,0,0,0,0,1,15,2,1,2,1,18,1,73022
2009,6,,3,15,1.12,1.12,0,0,0,0,1,1,2,1,2,2,76,2,73107
2009,6,,1,1,1.09,1.09,0,0,0,0,2,1,2,3,3,2,43,1,82003
2009,6,,5,17,1.05,1.05,0,0,0,0,1,24,2,1,7,2,29,2,84035
2009,6,,6,8,0,0,0,0,0,0,1,2,1,1,4,2,54,1,92094
2009,6,,2,22,1,1,0,0,0,0,1,1,2,3,7,2,35,1,92045
2009,6,,5,17,0,0,0,0,0,0,1,1,2,1,4,2,36,1,93022
2009,6,,2,18,0,0,0,0,0,0,1,1,2,1,3,2,50,1,41082
2009,6,,7,17,1.11,1.11,0,0,0,0,1,14,2,1,4,1,30,1,53082
2009,6,,1,14,0,0,0,0,0,0,1,1,2,1,8,1,60,2,41082
2009,6,,4,8,0,0,0,0,0,0,1,1,2,1,3,2,18,1,11057
2009,6,,3,9,1.15,0,1.15,0,0,0,1,13,2,1,2,1,52,1,23002
2009,6,,6,2,1.2,1.2,0,0,0,0,2,1,2,3,7,2,24,2,23045
2009,6,,3,20,1.2,0,1.2,0,0,0,1,13,2,1,4,1,30,1,23039
2009,6,,3,15,0,0,0,0,0,0,1,4,2,1,4,1,53,2,23025
2009,6,,1,15,1.11,1.11,0,0,0,0,2,4,2,1,4,2,27,2,23096
2009,6,,6,19,1.13,1.13,0,0,0,0,2,1,2,1,3,2,65,2,23094
2009,6,,1,20,1.1,1.1,0,0,0,0,1,18,2,1,4,2,33,2,23099
2009,6,,3,19,0,0,0,0,0,0,1,1,2,1,4,2,51,1,23096
2009,6,,3,12,0,0,0,0,0,0,1,1,1,1,3,2,19,1,24062
2009,6,,2,2,0,0,0,0,0,0,1,1,2,3,4,1,28,1,24062
2009,6,,5,14,0,0,0,0,0,0,1,1,2,1,2,2,36,2,24045
2009,6,,6,9,0,0,0,0,0,0,1,1,2,1,4,1,50,2,24043
2009,6,,6,18,0,0,0,0,0,0,1,1,2,1,3,1,29,1,24055
2009,6,,3,14,1,1,0,0,0,0,1,14,1,1,3,2,51,1,25112
2009,6,,1,17,1.1,1.1,0,0,0,0,1,1,2,1,4,1,51,2,25043
2009,6,,5,1,1,0,1,0,0,0,1,14,1,3,8,2,48,1,25072
2009,6,,1,20,1,0,1,0,0,0,2,1,2,1,4,2,,,25110
2009,6,,5,15,1.22,1.22,0,0,0,0,1,1,2,1,3,1,50,2,12025
2009,6,,4,11,0,0,0,0,0,0,1,1,2,1,4,1,57,2,12035
2009,6,,1,20,0,0,0,0,0,0,1,1,2,1,4,2,23,2,12034
2009,6,,5,18,1.24,1.24,0,0,0,0,1,22,2,1,5,1,2,2,13040
2009,6,,3,15,0,0,0,0,0,0,1,2,2,1,2,1,32,1,21004
2009,6,,4,22,1.55,1.55,0,0,0,0,2,1,2,3,3,1,26,1,21004
2009,6,,4,22,1.1,1.1,0,0,0,0,1,14,2,1,2,2,55,1,13049
2009,6,,5,14,1,0,0,0,1,1,1,13,2,1,4,1,46,1,21004
2009,6,,1,12,0,0,0,0,0,0,1,1,2,1,,1,42,1,21004
2009,6,,2,23,1.55,1.55,0,0,0,0,1,22,2,3,5,1,49,1,21004
2009,6,,2,17,0,0,0,0,0,0,1,1,2,1,4,1,,,21010
2009,6,,2,1,0,0,0,0,0,0,1,1,2,3,4,1,25,1,21012
2009,6,,3,22,1.17,1.17,0,0,0,0,1,2,2,3,7,1,71,1,21019
2009,6,,2,9,1.15,1.15,0,0,0,0,1,22,2,1,5,1,43,2,21016
2009,6,,7,0,0,0,0,0,0,0,1,1,2,3,4,1,52,1,21015
2009,6,,2,5,0,0,0,0,0,0,1,1,2,2,6,1,28,2,31005
2009,6,,5,0,0,0,0,0,0,0,1,1,2,3,2,1,33,2,11008
2009,6,,4,9,1.15,1.15,0,0,0,0,1,1,2,1,3,1,30,2,11008
2009,6,,2,13,1.23,1.23,0,0,0,0,1,22,2,1,5,1,3,1,11002
2009,6,,7,2,0,0,0,0,0,0,1,1,2,3,4,2,69,2,11002
2009,6,,3,20,1.23,1.23,0,0,0,0,1,22,2,1,5,1,22,1,11002
2009,6,,6,15,1.26,0,1.26,0,0,0,1,1,2,1,7,2,79,2,11054
2009,6,,4,10,1.26,1.26,0,0,0,0,1,18,2,1,6,2,59,1,11035
2009,6,,5,9,0,0,0,0,0,0,1,1,2,1,3,2,28,1,12025
2009,6,,7,11,1.19,1.19,0,0,0,0,1,1,2,1,2,2,31,2,12021
2009,6,,2,22,0,0,0,0,0,0,1,2,2,1,4,1,51,2,12009
2009,6,,7,5,0,0,0,0,0,0,1,1,2,3,3,1,35,1,11002
2009,6,,4,13,1.23,1.23,0,0,0,0,1,18,2,1,4,1,64,2,11002
2009,6,,4,19,1,1,0,0,0,0,2,1,1,1,3,2,38,2,11002
2009,6,,3,15,0,0,0,0,0,0,1,1,2,1,2,1,56,1,11002
2009,6,,3,17,1.23,1.23,0,0,0,0,1,22,2,1,5,1,52,2,11002
2009,7,,4,12,0,0,0,0,0,0,1,2,2,1,4,1,59,1,25121
2009,7,,2,20,1.23,1.23,0,0,0,0,1,14,2,1,4,1,39,1,11002
2009,7,,2,3,0,0,0,0,0,0,1,1,2,3,3,1,36,1,11002
2009,7,,1,14,1.23,1.23,0,0,0,0,2,1,2,1,3,1,27,1,11002
2009,7,,3,2,0,0,0,0,0,0,1,1,2,3,3,1,32,1,11002
2009,7,,4,15,1,1,0,0,0,0,1,1,2,1,3,2,25,2,11002
2009,7,,2,18,1.21,0,1.21,0,0,0,1,18,2,1,3,2,68,1,11001
2009,7,,5,20,1.3,1.3,0,0,0,0,1,1,2,1,3,2,38,1,11050
2009,7,,3,10,1.18,0,1.18,0,0,0,1,18,2,1,3,2,77,2,11009
2009,7,,5,6,1.18,0,1.18,0,0,0,1,15,2,3,5,1,38,1,31005
2009,7,,4,14,0,0,0,0,0,0,1,1,2,1,4,1,53,1,31005
2009,7,,4,18,0,0,0,0,0,0,1,1,2,1,3,1,28,2,31004
2009,7,,5,4,1.17,1.17,0,0,0,0,2,1,2,3,4,1,42,1,21013
2009,7,,6,8,0,0,0,0,0,0,1,2,2,1,4,1,55,1,21001
2009,7,,3,9,1.17,1.17,0,0,0,0,1,1,2,1,4,1,34,1,21001
2009,7,,6,23,0,0,0,0,0,0,1,1,2,2,5,1,22,1,21004
2009,7,,6,17,1.13,1.13,0,0,0,0,1,16,2,1,4,1,16,1,13025
2009,7,,2,11,1.2,1.2,0,0,0,0,1,1,2,1,7,2,46,1,13014
2009,7,,2,14,1.13,1.13,0,0,0,0,1,1,2,1,3,2,31,2,12029
2009,7,,5,10,0,0,0,0,0,0,1,2,1,1,3,2,53,1,12030
2009,7,,2,6,1,1,0,0,0,0,1,2,1,2,3,2,21,1,25091
2009,7,,5,19,0,0,0,0,0,0,1,1,2,1,2,2,29,2,23077
2009,7,,2,12,1.2,1.2,0,0,0,0,1,18,2,1,,2,13,2,23045
2009,7,,7,5,1,1,0,0,0,0,2,1,1,3,7,2,22,1,62119
2009,7,,7,11,0,0,0,0,0,0,1,1,2,1,2,2,49,2,92101
2009,7,,3,21,0,0,0,0,0,0,1,1,2,2,4,2,19,1,33039
2009,7,,5,15,1.05,1.05,0,0,0,0,2,1,2,1,3,2,9,2,93056
2009,7,,3,19,1.12,1.12,0,0,0,0,1,14,2,1,6,2,33,1,91103
2009,7,,7,11,1.06,1.06,0,0,0,0,1,2,2,1,7,2,27,1,91120
2009,7,,3,15,0,0,0,0,0,0,1,1,2,1,4,2,33,2,92048
2009,7,,7,2,1.07,1.07,0,0,0,0,1,16,2,3,2,1,29,1,92048
2009,7,,4,23,1.04,1.04,0,0,0,0,1,2,2,4,8,1,59,1,91114
2009,7,,6,19,0,0,0,0,0,0,1,1,2,1,3,2,35,1,91059
2009,7,,6,0,0,0,0,0,0,0,1,1,2,3,4,2,22,1,83034
2009,7,,1,19,1.11,1.11,0,0,0,0,1,1,2,1,3,2,25,1,73042
2009,7,,2,13,1.1,1.1,0,0,0,0,1,18,2,1,4,2,71,2,72020
2009,7,,5,13,1,1,0,0,0,0,1,1,2,1,4,2,20,1,72003
2009,7,,3,17,1.09,1.09,0,0,0,0,1,18,2,1,5,2,19,1,71037
2009,7,,1,11,1.11,1.11,0,0,0,0,1,1,2,1,2,2,22,1,71016
2009,7,,6,23,1.12,1.12,0,0,0,0,2,1,2,3,4,2,19,1,71011
2009,7,,1,17,1,0,0,0,1,1,1,22,2,1,5,1,61,2,63084
2009,7,,1,14,1,1,0,0,0,0,1,2,1,1,7,2,47,1,64074
2009,7,,4,2,1,1,0,0,0,0,2,1,1,4,7,2,19,1,64065
2009,7,,7,16,1,1,0,0,0,0,1,1,1,1,3,2,20,1,64056
2009,7,,3,13,0,0,0,0,0,0,1,1,2,1,4,2,38,2,71004
2009,7,,3,10,1,1,0,0,0,0,1,4,1,1,3,2,52,1,63038
2009,7,,5,1,2,1,1,0,0,0,2,1,2,3,7,1,17,2,62063
2009,7,,5,9,1.13,1.13,0,0,0,0,1,14,2,1,4,1,46,1,62060
2009,7,,1,19,1.16,1.16,0,0,0,0,2,1,2,1,4,1,27,2,62063
2009,7,,3,22,1.12,1.12,0,0,0,0,1,1,2,1,4,1,21,1,62022
2009,7,,5,16,1.06,0,1.06,0,0,0,1,14,2,1,7,2,27,1,61041
2009,7,,7,17,0,0,0,0,0,0,1,1,2,1,,1,32,1,57081
2009,7,,4,20,1.08,1.08,0,0,0,0,1,22,2,1,5,1,82,2,54007
2009,7,,1,22,1.08,1.08,0,0,0,0,1,1,2,1,7,1,23,1,54007
2009,7,,3,23,1.08,1.08,0,0,0,0,1,2,2,3,7,1,18,1,53053
2009,7,,4,21,1.09,0,1.09,0,0,0,1,15,2,3,4,1,16,1,52021
2009,7,,5,21,1.19,1.19,0,0,0,0,2,15,2,1,4,1,22,2,52012
2009,7,,2,20,0,0,0,0,0,0,1,1,2,1,4,1,23,1,52011
2009,7,,1,16,1,0,0,0,1,1,1,13,2,1,2,2,60,1,51012
2009,7,,5,11,0,0,0,0,0,0,1,1,2,1,3,2,73,1,46021
2009,7,,2,21,1.21,1.21,0,0,0,0,1,16,2,1,4,1,57,1,46021
2009,7,,5,20,0,0,0,0,0,0,1,1,2,1,4,2,79,2,46020
2009,7,,5,18,1.16,0,1.16,0,0,0,1,14,2,1,4,1,23,1,44021
2009,7,,6,17,0,0,0,0,0,0,1,1,2,1,4,1,27,1,43005
2009,7,,6,18,1.23,0,1.23,0,0,0,1,14,2,1,8,1,54,1,42006
2009,7,,4,11,1.11,1.11,0,0,0,0,1,16,2,1,4,2,16,1,42010
2009,7,,3,17,0,0,0,0,0,0,1,2,2,1,4,1,45,1,41048
2009,7,,6,3,1.11,1.11,0,0,0,0,2,1,2,3,3,1,30,2,41034
2009,7,,7,6,1.06,0,1.06,0,0,0,2,1,2,2,7,1,22,2,41002
2009,7,,2,17,1.17,1.17,0,0,0,0,1,18,2,1,3,2,49,1,38002
2009,7,,2,12,1.11,1.11,0,0,0,0,1,14,2,1,4,2,25,1,37018
2009,7,,1,19,0,0,0,0,0,0,1,1,2,1,5,1,20,2,38014
2009,7,,6,1,1.13,1.13,0,0,0,0,1,22,2,3,5,1,22,1,36012
2009,7,,1,7,0,0,0,0,0,0,1,7,2,1,3,2,24,1,36015
2009,7,,4,10,1.25,1.25,0,0,0,0,1,22,2,1,5,1,81,2,35013
2009,7,,3,11,1.25,1.25,0,0,0,0,1,15,2,1,3,1,31,1,35013
2009,7,,4,16,1.13,1.13,0,0,0,0,1,1,2,1,3,2,35,2,35011
2009,7,,4,9,1.18,1.18,0,0,0,0,1,16,2,1,4,1,29,1,34041
2009,7,,4,19,0,0,0,0,0,0,1,1,2,1,3,1,20,2,35011
2009,7,,7,0,1.14,1.14,0,0,0,0,1,18,2,3,8,1,45,1,34040
2009,7,,2,15,0,0,0,0,0,0,1,1,2,1,4,2,51,2,32011
2009,7,,1,22,1,1,0,0,0,0,1,2,1,1,3,2,38,2,33037
2009,7,,6,12,1.12,1.12,0,0,0,0,2,1,2,1,3,1,65,2,32010
2009,7,,7,11,0,0,0,0,0,0,1,1,2,1,4,1,36,2,31043
2009,7,,5,12,1.11,1.11,0,0,0,0,2,16,2,1,4,1,50,2,31043
2009,8,,6,18,1.11,1.11,0,0,0,0,2,1,2,1,7,2,77,2,31006
2009,8,,1,23,0,0,0,0,0,0,1,1,2,3,4,1,19,1,34013
2009,8,,5,17,1.25,1.25,0,0,0,0,1,18,2,1,2,1,57,1,35013
2009,8,,2,18,1.11,1.11,0,0,0,0,1,18,2,1,4,2,29,1,36011
2009,8,,1,16,1.11,1.11,0,0,0,0,1,18,2,1,2,1,15,2,41048
2009,8,,2,11,0,0,0,0,0,0,1,1,2,1,2,1,81,1,41024
2009,8,,7,6,0,0,0,0,0,0,1,1,1,4,3,2,24,2,44001
2009,8,,6,18,1.16,1.16,0,0,0,0,1,18,2,1,3,1,28,2,44021
2009,8,,6,15,0,0,0,0,0,0,1,1,2,1,3,2,56,1,44011
2009,8,,6,13,1.16,1.16,0,0,0,0,1,22,2,1,5,1,38,2,44021
2009,8,,5,13,0,0,0,0,0,0,1,1,2,1,3,2,45,1,44021
2009,8,,7,18,1,1,0,0,0,0,1,1,1,1,3,2,62,1,44049
2009,8,,7,18,1.1,1.1,0,0,0,0,1,1,2,1,4,1,25,2,46020
2009,8,,3,17,0,0,0,0,0,0,1,2,2,1,4,2,44,2,46021
2009,8,,1,17,1.13,1.13,0,0,0,0,1,1,2,1,3,1,21,1,52011
2009,8,,2,18,0,0,0,0,0,0,1,1,2,1,2,1,21,1,52021
2009,8,,4,21,1,1,0,0,0,0,2,2,1,2,5,2,20,2,52015
2009,8,,5,1,1.13,0,1.13,0,0,0,1,14,2,3,7,1,42,1,52011
2009,8,,7,13,0,0,0,0,0,0,1,1,2,1,6,1,58,1,53053
2009,8,,7,10,0,0,0,0,0,0,1,1,2,1,2,2,51,,61024
2009,8,,1,10,1.12,1.12,0,0,0,0,1,18,2,1,4,1,50,1,62096
2009,8,,4,0,1.11,1.11,0,0,0,0,1,1,2,3,4,2,20,1,71016
2009,8,,3,18,1.14,1.14,0,0,0,0,1,13,2,1,4,2,46,1,71004
2009,8,,2,21,1.14,1.14,0,0,0,0,2,1,2,1,4,2,29,2,63086
2009,8,,5,0,1.12,1.12,0,0,0,0,2,1,2,3,4,2,23,2,71022
2009,8,,3,16,1.11,1.11,0,0,0,0,2,1,2,1,1,2,20,1,71047
2009,8,,2,14,1.09,1.09,0,0,0,0,1,13,2,1,4,1,25,1,92094
2009,8,,5,0,0,0,0,0,0,0,1,1,2,3,4,1,41,1,92094
2009,8,,2,21,1.04,0,1.04,0,0,0,1,15,2,1,8,2,31,1,91114
2009,8,,3,16,1.15,1.15,0,0,0,0,1,24,2,1,4,1,33,1,52048
2009,8,,7,5,0,0,0,0,0,0,1,1,2,4,5,1,38,1,93088
2009,8,,4,15,1.1,1.1,0,0,0,0,1,6,2,1,3,2,44,1,92114
2009,8,,3,18,0,0,0,0,0,0,1,1,2,1,2,2,65,1,62122
2009,8,,1,17,1.12,1.12,0,0,0,0,1,1,2,1,3,1,24,1,62122
2009,8,,3,19,0,0,0,0,0,0,1,1,2,1,4,1,62,1,62120
2009,8,,6,12,0,0,0,0,0,0,1,1,2,1,4,1,25,1,62120
2009,8,,4,21,1.12,1.12,0,0,0,0,1,1,2,1,3,1,22,1,71070
2009,8,,1,21,1.17,1.17,0,0,0,0,1,13,2,1,6,2,54,2,54010
2009,8,,7,18,0,0,0,0,0,0,1,15,2,1,2,1,16,1,23086
2009,8,,3,20,1.11,1.11,0,0,0,0,1,16,2,1,2,1,25,1,23077
2009,8,,4,15,0,0,0,0,0,0,1,6,2,1,,2,,,23088
2009,8,,7,17,1.1,1.1,0,0,0,0,1,22,2,1,5,1,9,1,23099
2009,8,,5,21,0,0,0,0,0,0,1,2,2,1,4,1,52,1,24014
2009,8,,7,15,1.11,1.11,0,0,0,0,2,2,2,1,2,1,66,2,23101
2009,8,,3,3,1,1,0,0,0,0,2,4,2,3,2,2,30,1,24054
2009,8,,5,21,1.14,1.14,0,0,0,0,1,13,2,1,2,1,32,1,24062
2009,8,,7,15,0,0,0,0,0,0,1,1,2,1,2,1,66,1,24055
2009,8,,5,14,1.09,1.09,0,0,0,0,1,18,2,1,4,1,13,1,24107
2009,8,,1,5,1,1,0,0,0,0,2,1,1,3,3,2,19,2,12040
2009,8,,4,11,0,0,0,0,0,0,1,7,2,1,4,2,33,1,12035
2009,8,,7,10,1.15,1.15,0,0,0,0,1,18,2,1,8,1,78,2,12034
2009,8,,1,14,0,0,0,0,0,0,1,6,2,1,,1,42,1,13013
2009,8,,6,13,0,0,0,0,0,0,1,6,2,1,3,1,41,1,13040
2009,8,,1,13,0,0,0,0,0,0,1,1,2,1,4,2,22,1,13040
2009,8,,6,14,0,0,0,0,0,0,1,4,2,1,4,2,30,1,13037
2009,8,,1,18,1.28,1.28,0,0,0,0,1,1,2,1,4,1,51,2,21003
2009,8,,5,18,1.15,1.15,0,0,0,0,1,1,2,1,4,1,68,2,21002
2009,8,,4,12,0,0,0,0,0,0,1,1,2,1,4,1,44,1,21002
2009,8,,3,17,0,0,0,0,0,0,1,1,2,1,3,1,19,1,21004
2009,8,,1,17,1.17,1.17,0,0,0,0,2,1,2,1,3,1,19,2,21005
2009,8,,6,15,1.18,1.18,0,0,0,0,1,18,2,1,4,2,11,1,31005
2009,8,,2,11,1.21,1.21,0,0,0,0,1,18,2,1,6,2,65,2,11021
2009,8,,7,1,1.22,1.22,0,0,0,0,1,1,2,3,7,1,65,2,11037
2009,8,,3,11,1,1,0,0,0,0,1,6,1,1,1,2,53,1,11054
2009,8,,4,19,1,1,0,0,0,0,1,1,1,1,3,2,22,2,11035
2009,8,,3,12,1.22,1.22,0,0,0,0,1,1,2,1,3,2,40,1,11037
2009,8,,6,20,1.19,1.19,0,0,0,0,2,1,2,1,4,2,10,2,12021
2009,8,,3,1,1.07,1.07,0,0,0,0,1,18,2,3,6,2,16,1,12014
2009,8,,3,18,0,0,0,0,0,0,1,2,2,1,2,1,28,1,11002
2009,8,,3,21,0,0,0,0,0,0,1,1,2,1,3,1,28,1,11002
2009,8,,2,7,0,0,0,0,0,0,1,1,2,2,5,1,31,1,11002
2009,8,,3,15,1,1,0,0,0,0,1,1,1,1,3,2,44,2,11002
2009,8,,5,16,0,0,0,0,0,0,1,1,2,1,3,1,48,1,11002
2009,8,,2,13,0,0,0,0,0,0,1,1,2,1,5,1,40,2,11002
2009,9,,6,1,1.12,1.12,0,0,0,0,2,1,2,3,7,1,18,2,25123
2009,9,,1,18,1.12,1.12,0,0,0,0,1,16,2,1,4,1,17,1,25123
2009,9,,4,14,1.23,1.23,0,0,0,0,1,15,2,1,4,1,35,2,11002
2009,9,,5,9,1.25,1.25,0,0,0,0,2,1,2,1,3,1,38,2,11056
2009,9,,3,21,1.07,1.07,0,0,0,0,1,15,2,3,4,2,18,2,12014
2009,9,,3,9,1,1,0,0,0,0,1,2,1,1,3,2,34,1,11056
2009,9,,5,20,0,0,0,0,0,0,1,1,2,1,4,2,69,1,11053
2009,9,,5,1,1.21,1.21,0,0,0,0,1,1,2,3,7,2,41,1,11021
2009,9,,2,18,0,0,0,0,0,0,1,1,2,1,4,1,39,1,11024
2009,9,,2,17,0,0,0,0,0,0,1,1,2,1,4,1,,,11002
2009,9,,5,10,0,0,0,0,0,0,1,1,2,1,,1,79,1,11002
2009,9,,1,21,0,0,0,0,0,0,1,1,2,3,3,1,35,1,31005
2009,9,,3,13,1.18,1.18,0,0,0,0,1,16,2,1,3,1,22,2,31005
2009,9,,2,12,1.18,0,1.18,0,0,0,1,1,2,1,,1,70,1,31005
2009,9,,5,15,1.18,1.18,0,0,0,0,1,18,2,1,4,1,60,1,31005
2009,9,,6,11,1.15,1.15,0,0,0,0,1,18,2,1,2,1,75,1,31003
2009,9,,4,17,1.43,1.43,0,0,0,0,1,2,2,1,4,1,45,2,21015
2009,9,,5,10,1.15,1.15,0,0,0,0,1,22,2,1,5,1,48,,21016
2009,9,,3,13,0,0,0,0,0,0,1,1,2,1,5,1,38,1,21016
2009,9,,2,19,0,0,0,0,0,0,1,1,2,1,4,1,78,2,21018
2009,9,,1,13,1.15,1.15,0,0,0,0,1,22,2,1,5,1,27,1,21016
2009,9,,2,13,0,0,0,0,0,0,1,10,2,1,,1,29,1,21018
2009,9,,1,10,0,0,0,0,0,0,1,1,2,1,4,1,62,1,21004
2009,9,,7,19,1,1,0,0,0,0,2,1,1,1,4,2,42,2,21007
2009,9,,2,9,0,0,0,0,0,0,1,1,2,1,4,1,52,1,21001
2009,9,,4,17,1.17,1.17,0,0,0,0,1,1,2,1,4,1,26,1,21001
2009,9,,2,18,1.24,1.24,0,0,0,0,1,4,2,1,3,1,27,1,13019
2009,9,,6,1,0,0,0,0,0,0,1,1,2,3,4,2,44,1,13008
2009,9,,5,10,0,0,0,0,0,0,1,1,2,1,4,2,20,2,13008
2009,9,,5,23,1.24,0,1.24,0,0,0,1,,2,3,7,2,21,1,13011
2009,9,,2,10,1.22,1.22,0,0,0,0,1,1,2,1,3,1,76,1,12025
2009,9,,7,15,0,0,0,0,0,0,1,1,2,1,3,1,61,2,24055
2009,9,,5,17,1.15,1.15,0,0,0,0,1,1,2,1,3,1,35,1,23052
2009,9,,3,13,1.22,1.22,0,0,0,0,2,15,2,1,,1,24,2,23027
2009,9,,4,12,0,0,0,0,0,0,1,4,2,1,4,1,44,1,23047
2009,9,,4,12,1.28,1.28,0,0,0,0,1,14,2,1,4,1,50,1,23047
2009,9,,5,20,0,0,0,0,0,0,1,1,2,2,3,2,35,1,23038
2009,9,,4,12,1.1,1.1,0,0,0,0,1,22,2,1,5,1,77,2,92137
2009,9,,7,20,1.14,1.14,0,0,0,0,2,1,2,1,3,2,39,2,72038
2009,9,,1,8,0,0,0,0,0,0,1,1,1,1,3,2,41,1,51065
2009,9,,2,16,0,0,0,0,0,0,1,4,2,1,5,1,36,1,92097
2009,9,,4,17,1.05,1.05,0,0,0,0,2,1,2,1,4,2,3,1,84075
2009,9,,1,1,1.14,1.14,0,0,0,0,1,1,2,3,7,2,31,1,73032
2009,9,,6,12,1.11,1.11,0,0,0,0,1,1,2,1,4,2,40,2,71053
2009,9,,5,10,1.11,1.11,0,0,0,0,1,14,2,1,3,2,49,1,71016
2009,9,,4,14,0,0,0,0,0,0,1,1,2,1,2,2,53,2,71022
2009,9,,4,14,1.12,1.12,0,0,0,0,1,1,2,1,2,2,44,2,71022
2009,9,,5,17,1.12,1.12,0,0,0,0,1,1,2,1,1,2,39,1,71022
2009,9,,2,11,1.12,1.12,0,0,0,0,1,2,2,1,3,2,30,2,71022
2009,9,,7,3,0,0,0,0,0,0,1,1,2,3,3,1,27,1,71022
2009,9,,4,0,1.12,1.12,0,0,0,0,1,1,2,3,3,1,22,1,71022
2009,9,,4,20,1.14,1.14,0,0,0,0,2,1,2,3,4,1,12,2,64021
2009,9,,7,12,1.07,1.07,0,0,0,0,2,1,2,1,4,2,93,2,64034
2009,9,,6,16,1.08,1.08,0,0,0,0,1,18,2,1,4,1,35,1,63035
2009,9,,3,7,1,1,0,0,0,0,1,4,1,2,3,2,25,2,62118
2009,9,,3,7,0,0,0,0,0,0,1,,1,2,3,2,,,62118
2009,9,,6,10,1.16,1.16,0,0,0,0,1,22,2,1,5,1,86,2,62063
2009,9,,5,16,0,0,0,0,0,0,1,1,2,1,4,1,44,1,62051
2009,9,,4,9,0,0,0,0,0,0,1,1,2,1,3,1,40,1,62009
2009,9,,6,14,1.04,1.04,0,0,0,0,1,1,2,1,7,2,55,2,56044
2009,9,,4,17,1.17,1.17,0,0,0,0,1,15,2,1,4,1,47,1,55004
2009,9,,5,19,1.04,1.04,0,0,0,0,2,1,2,1,6,2,25,2,53068
2009,9,,6,23,1.08,1.08,0,0,0,0,1,1,2,3,3,2,31,2,54007
2009,9,,6,15,1.14,1.14,0,0,0,0,2,1,2,1,2,1,11,2,52043
2009,9,,6,2,1.11,0,1.11,0,0,0,1,1,2,3,4,1,51,1,53028
2009,9,,3,23,1.13,1.13,0,0,0,0,1,1,2,3,4,1,30,1,52011
2009,9,,5,17,1.13,1.13,0,0,0,0,1,1,2,1,3,1,42,1,52011
2009,9,,3,15,1.03,1.03,0,0,0,0,1,1,2,1,2,2,50,2,51009
2009,9,,7,6,0,0,0,0,0,0,1,1,1,4,7,2,31,1,51008
2009,9,,7,12,1.17,1.17,0,0,0,0,1,18,2,1,3,1,24,1,45041
2009,9,,3,7,0,0,0,0,0,0,1,6,1,2,3,2,55,1,45017
2009,9,,6,4,1.11,0,1.11,0,0,0,1,1,2,3,7,2,34,1,44045
2009,9,,6,4,1.16,0,1.16,0,0,0,1,1,2,3,6,1,28,1,44021
2009,9,,4,20,0,0,0,0,0,0,1,1,2,3,5,1,29,1,44021
2009,9,,4,11,1.19,1.19,0,0,0,0,2,9,2,1,8,2,21,1,44011
2009,9,,5,9,0,0,0,0,0,0,1,1,2,1,1,2,24,2,44021