year,month,monthDay,weekDay,hour,numVictims,numSlightlyInjured,numSeverelyInjured,numMortallyInjured,numDiedWithin24Hours,numDiedWithin30Days,victimType,roadUserType,roadType,lightConditions,collisionType,areaType,age,sex,municipality
2009,9,,2,9,1.19,1.19,0,0,0,0,1,18,2,1,3,1,18,1,44011
2009,9,,5,20,1.14,1.14,0,0,0,0,1,16,2,1,4,2,26,1,44020
2009,9,,2,9,0,0,0,0,0,0,1,15,2,1,8,1,37,2,42028
2009,9,,5,11,1.11,1.11,0,0,0,0,1,4,2,1,2,1,43,1,42025
2009,9,,5,18,1.19,1.19,0,0,0,0,1,18,2,1,8,1,79,1,42004
2009,9,,7,15,1.23,1.23,0,0,0,0,1,18,2,1,2,2,49,1,42006
2009,9,,3,19,1.16,0,1.16,0,0,0,1,18,2,1,2,1,45,1,42003
2009,9,,4,17,1.17,1.17,0,0,0,0,1,14,2,1,4,1,21,1,41081
2009,9,,1,15,1.11,1.11,0,0,0,0,1,16,2,1,4,1,44,1,41048
2009,9,,7,15,0,0,0,0,0,0,1,14,2,1,4,1,45,1,41048
2009,9,,6,19,1.11,0,1.11,0,0,0,2,1,2,1,7,2,44,1,37018
2009,9,,1,15,1,0,0,0,1,1,1,4,1,1,4,2,46,1,36011
2009,9,,5,14,0,0,0,0,0,0,1,1,2,1,5,1,21,2,34027
2009,9,,7,1,1.15,1.15,0,0,0,0,1,18,2,3,3,1,16,1,34013
2009,9,,3,14,0,0,0,0,0,0,1,1,2,1,2,1,42,2,33029
2009,9,,1,7,0,0,0,0,0,0,1,4,2,3,4,1,38,1,32003
2009,10,,1,14,0,0,0,0,0,0,1,6,2,1,2,2,59,1,31022
2009,10,,5,5,1.12,0,1.12,0,0,0,1,1,2,3,3,2,50,2,31042
2009,10,,3,14,0,0,0,0,0,0,1,2,2,1,3,2,59,1,32003
2009,10,,1,20,1.13,1.13,0,0,0,0,1,18,2,3,4,1,16,1,33029
2009,10,,1,18,1.21,0,1.21,0,0,0,1,18,2,1,4,2,12,2,36015
2009,10,,5,10,0,0,0,0,0,0,1,1,2,1,4,1,57,2,37015
2009,10,,2,8,1.1,1.1,0,0,0,0,1,16,2,2,4,2,27,1,37017
2009,10,,7,5,0,0,0,0,0,0,1,4,2,3,4,2,21,1,41048
2009,10,,2,13,0,0,0,0,0,0,1,7,1,1,4,2,58,1,42025
2009,10,,3,16,0,0,0,0,0,0,1,1,2,1,4,1,76,1,42025
2009,10,,4,8,0,0,0,0,0,0,1,2,2,1,3,1,50,1,42006
2009,10,,3,16,0,0,0,0,0,0,1,1,2,1,4,1,49,1,43005
2009,10,,5,11,0,0,0,0,0,0,1,1,2,1,4,2,45,1,42025
2009,10,,6,15,1,1,0,0,0,0,1,2,1,1,7,2,32,1,44021
2009,10,,2,19,0,0,0,0,0,0,1,1,2,1,4,1,32,2,44021
2009,10,,7,12,0,0,0,0,0,0,1,10,2,1,4,1,31,1,44021
2009,10,,7,2,0,0,0,0,0,0,1,1,2,3,4,1,64,1,44021
2009,10,,6,1,1.14,1.14,0,0,0,0,1,1,2,3,3,2,38,1,45057
2009,10,,6,14,0,0,0,0,0,0,1,1,2,1,4,2,68,2,46021
2009,10,,7,18,0,0,0,0,0,0,1,1,2,1,4,2,48,1,46014
2009,10,,1,17,1.05,0,1.05,0,0,0,1,22,2,1,5,1,14,1,51004
2009,10,,7,5,0,0,0,0,0,0,1,1,2,4,7,2,21,1,51009
2009,10,,5,14,1.13,1.13,0,0,0,0,1,1,2,1,3,1,28,1,52011
2009,10,,2,18,0,0,0,0,0,0,1,1,2,1,4,1,64,1,52021
2009,10,,5,12,1.06,1.06,0,0,0,0,1,2,2,1,3,1,29,2,56011
2009,10,,7,4,1.08,1.08,0,0,0,0,1,1,2,3,7,2,29,1,57062
2009,10,,6,13,1.07,1.07,0,0,0,0,2,1,2,1,7,1,25,2,61028
2009,10,,4,14,0,0,0,0,0,0,1,1,2,1,4,1,48,1,62063
2009,10,,1,12,1.16,1.16,0,0,0,0,2,1,2,1,3,1,37,2,62063
2009,10,,2,23,1.16,1.16,0,0,0,0,2,1,2,3,4,1,17,2,62063
2009,10,,6,9,1.12,1.12,0,0,0,0,1,1,2,1,4,1,31,2,62096
2009,10,,5,19,0,0,0,0,0,0,1,1,2,1,3,1,49,1,63067
2009,10,,1,7,1.08,1.08,0,0,0,0,1,1,2,4,7,2,26,2,63004
2009,10,,6,6,0,0,0,0,0,0,1,1,1,4,3,2,45,1,64021
2009,10,,5,19,0,0,0,0,0,0,1,1,2,2,4,1,24,2,71016
2009,10,,5,19,1.13,1.13,0,0,0,0,1,1,2,2,2,2,80,1,72021
2009,10,,1,20,1.1,1.1,0,0,0,0,1,1,2,3,4,2,28,1,72020
2009,10,,6,4,1,0,1,0,0,0,1,4,1,3,3,2,58,1,73066
2009,10,,6,4,1.12,1.12,0,0,0,0,1,15,2,3,7,2,19,1,73107
2009,10,,5,19,1.29,1.29,0,0,0,0,2,1,2,1,3,1,15,2,73083
2009,10,,5,18,1.06,0,1.06,0,0,0,1,18,2,1,3,2,38,1,91013
2009,10,,2,19,1,1,0,0,0,0,1,1,2,3,4,2,33,1,82009
2009,10,,2,14,1.07,1.07,0,0,0,0,1,1,2,1,7,1,21,2,83012
2009,10,,2,14,0,0,0,0,0,0,1,1,2,1,5,1,41,2,92094
2009,10,,6,18,1.17,1.17,0,0,0,0,1,22,2,1,5,1,63,1,32030
2009,10,,7,4,1,0,1,0,0,0,2,1,2,4,7,2,22,1,53084
2009,10,,2,17,0,0,0,0,0,0,1,1,1,1,3,2,21,1,62119
2009,10,,5,19,0,0,0,0,0,0,1,1,2,1,4,1,30,1,84077
2009,10,,2,17,0,0,0,0,0,0,1,1,2,1,3,1,60,1,23094
2009,10,,1,8,1.13,1.13,0,0,0,0,1,1,2,1,3,2,42,1,23064
2009,10,,6,18,1.06,1.06,0,0,0,0,1,18,2,1,4,1,61,1,23062
2009,10,,7,8,1,1,0,0,0,0,1,1,1,1,7,2,36,1,24016
2009,10,,3,19,0,0,0,0,0,0,1,2,2,1,8,1,45,2,23101
2009,10,,2,16,0,0,0,0,0,0,1,1,2,1,,1,46,2,23101
2009,10,,1,14,1.14,1.14,0,0,0,0,1,16,2,1,4,1,24,1,24062
2009,10,,3,21,1,0,1,0,0,0,2,1,1,3,4,2,,,24086
2009,10,,5,8,1.01,1.01,0,0,0,0,1,1,2,2,7,2,53,2,24133
2009,10,,6,3,1.13,1.13,0,0,0,0,2,1,2,3,7,1,21,1,25050
2009,10,,7,20,0,0,0,0,0,0,1,1,1,3,3,2,45,1,25072
2009,10,,2,16,1,0,0,0,1,1,1,15,2,1,4,1,58,1,13008
2009,10,,5,20,1,0,0,0,1,1,1,14,2,1,4,2,26,1,13017
2009,10,,2,13,1.12,1.12,0,0,0,0,2,1,2,1,2,1,44,1,13008
2009,10,,2,20,0,0,0,0,0,0,1,1,2,3,2,1,,,13008
2009,10,,5,7,1.24,0,1.24,0,0,0,1,2,2,4,8,1,47,2,13012
2009,10,,7,16,1.12,1.12,0,0,0,0,1,18,2,1,4,1,69,1,13008
2009,10,,7,18,1.13,1.13,0,0,0,0,1,1,2,1,7,2,25,1,13025
2009,10,,5,11,0,0,0,0,0,0,1,4,2,1,4,1,21,1,21005
2009,10,,3,23,0,0,0,0,0,0,1,1,2,3,3,2,,,21012
2009,10,,5,21,1.43,1.43,0,0,0,0,2,1,2,3,3,1,23,2,21015
2009,10,,2,12,1.18,1.18,0,0,0,0,1,18,2,1,4,1,85,1,31005
2009,10,,5,16,0,0,0,0,0,0,1,1,2,1,3,1,40,1,31005
2009,10,,4,17,0,0,0,0,0,0,1,2,2,1,3,1,22,1,11002
2009,10,,3,17,1.23,1.23,0,0,0,0,1,16,2,1,4,1,16,1,11002
2009,10,,2,16,1.15,1.15,0,0,0,0,1,16,2,1,4,1,17,1,11008
2009,10,,2,8,1.3,1.3,0,0,0,0,1,18,2,2,4,1,46,2,11050
2009,10,,4,8,0,0,0,0,0,0,1,1,2,1,4,2,33,1,12025
2009,10,,1,19,1.19,1.19,0,0,0,0,2,1,2,1,3,2,27,2,12021
2009,10,,1,13,1.23,1.23,0,0,0,0,1,22,2,1,5,1,26,2,11002
2009,10,,5,9,1.21,1.21,0,0,0,0,1,1,2,1,4,1,21,2,11001
2009,10,,3,8,1.23,1.23,0,0,0,0,1,18,2,2,2,1,42,2,11002
2009,10,,6,16,0,0,0,0,0,0,1,1,2,1,4,1,65,2,11002
2009,10,,5,18,1,1,0,0,0,0,1,2,1,1,,2,41,1,11002
2009,10,,3,21,1,1,0,0,0,0,1,1,1,3,4,2,42,1,11002
2009,11,,7,23,1,0,1,0,0,0,2,1,1,3,3,2,,,25121
2009,11,,4,11,0,0,0,0,0,0,1,1,2,1,4,1,57,1,11002
2009,11,,6,16,1,1,0,0,0,0,1,1,1,1,7,2,51,1,11002
2009,11,,4,11,1.23,1.23,0,0,0,0,1,1,2,1,3,1,27,1,11002
2009,11,,2,19,0,0,0,0,0,0,1,1,2,3,4,1,31,1,11002
2009,11,,3,15,0,0,0,0,0,0,1,1,2,1,4,1,28,1,11002
2009,11,,3,11,0,0,0,0,0,0,1,1,2,1,4,1,73,1,12002
2009,11,,1,8,0,0,0,0,0,0,1,1,2,1,3,2,48,1,11053
2009,11,,3,14,1.3,1.3,0,0,0,0,1,1,2,1,6,2,41,2,11052
2009,11,,5,9,1.23,1.23,0,0,0,0,1,22,2,1,5,1,7,2,11002
2009,11,,1,20,0,0,0,0,0,0,1,2,2,3,4,1,34,1,31005
2009,11,,6,13,0,0,0,0,0,0,1,1,2,1,3,1,50,1,21015
2009,11,,1,18,1.17,1.17,0,0,0,0,1,22,2,3,5,1,20,2,21013
2009,11,,3,0,0,0,0,0,0,0,1,1,2,3,4,1,32,1,21010
2009,11,,7,5,0,0,0,0,0,0,1,1,2,2,4,1,26,1,21010
2009,11,,4,18,1.17,1.17,0,0,0,0,1,24,2,3,4,1,29,1,21007
2009,11,,7,2,0,0,0,0,0,0,1,1,2,3,1,1,31,1,21004
2009,11,,7,19,1.55,1.55,0,0,0,0,2,1,2,3,3,1,25,2,21004
2009,11,,5,18,1.15,0,1.15,0,0,0,1,22,2,2,5,1,56,2,21002
2009,11,,5,16,1.17,1.17,0,0,0,0,2,1,2,1,4,1,6,2,21001
2009,11,,1,20,0,0,0,0,0,0,1,1,2,3,2,1,35,1,13044
2009,11,,1,20,1.24,1.24,0,0,0,0,1,18,2,3,2,1,71,1,13011
2009,11,,3,19,0,0,0,0,0,0,1,2,2,3,4,1,51,2,13011
2009,11,,7,2,1.13,1.13,0,0,0,0,1,1,2,3,7,1,35,1,25072
2009,11,,5,15,0,0,0,0,0,0,1,1,1,1,1,2,60,1,23047
2009,11,,5,12,1.13,1.13,0,0,0,0,2,1,2,1,4,2,52,2,72041
2009,11,,5,22,1,1,0,0,0,0,1,1,1,3,4,2,51,1,71069
2009,11,,6,16,0,0,0,0,0,0,1,1,2,1,2,1,46,1,56087
2009,11,,5,0,0,0,0,0,0,0,1,1,2,3,3,2,54,1,93014
2009,11,,2,8,1.12,1.12,0,0,0,0,1,4,2,2,3,2,29,1,13053
2009,11,,5,18,0,0,0,0,0,0,1,1,2,3,4,1,70,1,93014
2009,11,,5,19,0,0,0,0,0,0,1,1,2,1,4,1,51,1,92094
2009,11,,7,21,0,0,0,0,0,0,1,1,2,3,4,1,26,1,91064
2009,11,,1,9,1.06,1.06,0,0,0,0,1,4,2,1,4,2,26,1,91015
2009,11,,3,2,1,1,0,0,0,0,1,,1,4,3,2,,,91030
2009,11,,1,7,1.16,1.16,0,0,0,0,2,1,2,4,8,2,18,1,81004
2009,11,,4,8,0,0,0,0,0,0,1,1,2,2,4,2,39,1,81001
2009,11,,4,14,0,0,0,0,0,0,1,1,2,1,2,2,41,1,72018
2009,11,,1,10,1.11,1.11,0,0,0,0,1,16,2,1,4,2,28,1,71067
2009,11,,7,17,1.19,1.19,0,0,0,0,2,1,2,1,3,2,6,1,72029
2009,11,,6,15,1.19,0,1.19,0,0,0,1,18,2,1,2,1,75,2,72025
2009,11,,7,6,1.12,1.12,0,0,0,0,1,1,2,3,8,2,19,2,71022
2009,11,,5,20,1.12,1.12,0,0,0,0,1,18,2,3,4,1,59,2,71022
2009,11,,1,18,0,0,0,0,0,0,1,1,2,3,5,2,78,2,71016
2009,11,,4,8,0,0,0,0,0,0,1,1,2,2,4,2,42,1,71011
2009,11,,2,13,1.1,1.1,0,0,0,0,1,1,2,1,1,1,45,2,63079
2009,11,,5,18,1.16,1.16,0,0,0,0,1,15,2,1,4,1,20,2,62063
2009,11,,4,13,1.15,1.15,0,0,0,0,1,1,2,1,4,1,62,1,62093
2009,11,,7,13,1.1,1.1,0,0,0,0,1,16,2,1,4,2,19,1,62099
2009,11,,4,9,1.12,1.12,0,0,0,0,1,1,2,1,4,1,40,2,62096
2009,11,,2,19,1.13,1.13,0,0,0,0,1,18,2,3,8,1,36,1,62060
2009,11,,1,20,0,0,0,0,0,0,1,1,2,3,2,1,30,1,62063
2009,11,,6,0,0,0,0,0,0,0,1,10,2,3,4,1,29,1,62063
2009,11,,3,18,1.12,1.12,0,0,0,0,1,15,2,3,3,1,47,1,62051
2009,11,,6,22,1,0,0,0,1,1,1,1,2,3,2,2,48,1,61031
2009,11,,6,13,1.08,1.08,0,0,0,0,1,1,2,1,3,2,25,2,57081
2009,11,,4,12,1.06,1.06,0,0,0,0,2,10,2,1,4,2,53,2,61041
2009,11,,5,19,1.08,1.08,0,0,0,0,1,15,2,3,8,1,16,1,57003
2009,11,,7,2,0,0,0,0,0,0,1,2,2,3,2,1,40,1,57003
2009,11,,7,6,0,0,0,0,0,0,1,1,2,3,4,1,34,2,55022
2009,11,,3,16,1.11,1.11,0,0,0,0,1,1,2,1,3,1,26,2,55022
2009,11,,2,22,1,0,1,0,0,0,2,4,1,3,3,2,,,52015
2009,11,,2,7,0,0,0,0,0,0,1,2,2,3,5,1,61,1,52011
2009,11,,6,0,1.08,1.08,0,0,0,0,2,1,2,3,7,2,15,2,44001
2009,11,,7,17,1.08,1.08,0,0,0,0,2,1,2,1,3,2,40,2,44001
2009,11,,1,18,1.15,1.15,0,0,0,0,1,16,2,3,4,1,53,2,43005
2009,11,,5,18,1.12,1.12,0,0,0,0,2,1,2,3,2,2,25,2,43010
2009,11,,2,18,1.11,1.11,0,0,0,0,1,16,2,2,4,1,16,1,42025
2009,11,,6,18,0,0,0,0,0,0,1,1,2,2,5,1,19,1,38008
2009,11,,2,9,1.1,1.1,0,0,0,0,1,14,2,1,4,1,45,1,37010
2009,11,,1,19,1.1,1.1,0,0,0,0,1,1,2,2,4,1,69,1,37002
2009,11,,2,12,0,0,0,0,0,0,1,1,2,1,4,1,65,1,35013
2009,11,,6,14,0,0,0,0,0,0,1,2,2,1,5,1,31,1,34041
2009,11,,2,1,0,0,0,0,0,0,1,1,2,3,4,1,55,1,34022
2009,11,,7,9,1,1,0,0,0,0,2,1,1,1,3,2,45,1,34027
2009,11,,7,18,1.13,1.13,0,0,0,0,1,2,2,3,4,1,34,2,33029
2009,12,,2,11,0,0,0,0,0,0,1,1,2,1,2,1,66,1,31043
2009,12,,7,5,1.12,1.12,0,0,0,0,2,1,2,3,4,2,26,1,31033
2009,12,,6,16,0,0,0,0,0,0,1,1,2,1,4,1,59,2,31006
2009,12,,7,6,1.12,1.12,0,0,0,0,1,1,2,3,7,1,21,1,32003
2009,12,,3,10,0,0,0,0,0,0,1,1,2,1,4,1,82,2,34022
2009,12,,3,18,1.18,1.18,0,0,0,0,1,14,2,3,4,2,23,1,34041
2009,12,,6,7,1.14,0,1.14,0,0,0,1,1,2,3,7,2,20,1,34042
2009,12,,3,14,1.19,1.19,0,0,0,0,1,18,2,1,4,1,19,1,35002
2009,12,,5,18,0,0,0,0,0,0,1,1,2,2,2,1,20,1,35014
2009,12,,1,0,1.11,1.11,0,0,0,0,1,1,2,3,7,2,26,1,36011
2009,12,,2,20,0,0,0,0,0,0,1,1,2,3,4,1,48,1,37010
2009,12,,1,22,1.06,1.06,0,0,0,0,1,22,2,3,5,1,53,1,41002
2009,12,,1,16,1.1,1.1,0,0,0,0,1,1,2,1,4,2,34,1,37017
2009,12,,5,17,1.16,1.16,0,0,0,0,1,1,2,2,6,1,44,2,42028
2009,12,,3,11,0,0,0,0,0,0,1,1,2,1,3,2,57,1,43018
2009,12,,2,18,0,0,0,0,0,0,1,1,2,3,3,2,37,2,43010
2009,12,,3,17,0,0,0,0,0,0,1,1,2,4,3,1,34,2,44021
2009,12,,2,13,1.16,1.16,0,0,0,0,1,1,2,1,4,2,46,1,44021
2009,12,,5,21,1.14,1.14,0,0,0,0,1,1,2,3,3,1,36,1,45035
2009,12,,4,13,0,0,0,0,0,0,1,2,2,1,2,2,62,1,46003
2009,12,,5,18,0,0,0,0,0,0,1,1,2,3,3,1,47,1,52043
2009,12,,5,11,1.11,1.11,0,0,0,0,1,16,2,1,4,1,16,1,53014
2009,12,,4,20,1.08,1.08,0,0,0,0,2,2,2,3,2,1,16,1,57003
2009,12,,3,12,0,0,0,0,0,0,1,1,2,1,4,1,29,2,57081
2009,12,,4,15,1,1,0,0,0,0,2,1,1,1,7,2,81,1,61019
2009,12,,5,19,0,0,0,0,0,0,1,1,1,3,1,2,43,2,62063
2009,12,,4,13,0,0,0,0,0,0,1,10,2,1,8,1,23,1,62063
2009,12,,1,17,1.12,1.12,0,0,0,0,1,18,2,3,3,1,33,1,62051
2009,12,,2,16,0,0,0,0,0,0,1,2,2,1,4,1,42,2,62118
2009,12,,4,14,1.13,1.13,0,0,0,0,1,1,2,1,8,2,66,2,62108
2009,12,,5,13,0,0,0,0,0,0,1,1,2,1,2,1,,,62099
2009,12,,4,21,0,0,0,0,0,0,1,1,2,3,5,1,21,1,62063
2009,12,,3,14,0,0,0,0,0,0,1,1,2,1,3,1,25,2,63079
2009,12,,3,14,1.14,1.14,0,0,0,0,1,1,2,1,8,1,36,1,64029
2009,12,,1,19,0,0,0,0,0,0,1,1,1,3,4,2,26,1,71022
2009,12,,2,15,1.11,1.11,0,0,0,0,1,15,2,1,,2,37,2,71016
2009,12,,3,9,0,0,0,0,0,0,1,7,1,1,3,2,56,1,71037
2009,12,,7,20,0,0,0,0,0,0,1,1,2,3,3,2,28,1,71053
2009,12,,7,14,1.05,1.05,0,0,0,0,1,16,2,1,4,2,16,1,72004
2009,12,,6,17,1.1,1.1,0,0,0,0,2,1,2,3,3,2,45,2,72020
2009,12,,4,21,0,0,0,0,0,0,1,4,2,3,3,2,46,1,72020
2009,12,,1,14,1.06,0,1.06,0,0,0,1,1,2,1,7,2,70,1,91013
2009,12,,2,21,0,0,0,0,0,0,1,2,2,3,4,1,37,1,92094
2009,12,,2,10,0,0,0,0,0,0,1,2,2,1,3,1,30,2,62120
2009,12,,1,2,1.07,1.07,0,0,0,0,1,1,2,4,7,2,39,2,56088
2009,12,,2,9,0,0,0,0,0,0,1,1,2,1,7,2,21,1,82037
2009,12,,4,6,0,0,0,0,0,0,1,1,2,3,4,1,55,1,23003
2009,12,,5,18,0,0,0,0,0,0,1,1,2,3,3,2,29,1,72041
2009,12,,3,19,1,1,0,0,0,0,1,1,1,3,3,2,82,1,23050
2009,12,,6,13,1.06,1.06,0,0,0,0,1,1,2,1,7,2,62,1,23062
2009,12,,2,18,1.13,1.13,0,0,0,0,1,22,2,3,5,1,49,2,23094
2009,12,,2,23,1.28,1.28,0,0,0,0,1,1,2,3,3,1,34,2,23088
2009,12,,1,18,1.11,0,1.11,0,0,0,1,1,2,1,3,2,58,2,23101
2009,12,,1,16,0,0,0,0,0,0,1,6,2,1,4,1,45,1,24104
2009,12,,7,11,0,0,0,0,0,0,1,1,1,1,7,2,30,1,24104
2009,12,,6,18,0,0,0,0,0,0,1,1,2,3,4,1,44,1,25107
2009,12,,2,23,0,0,0,0,0,0,1,1,2,3,2,1,58,1,12025
2009,12,,3,11,0,0,0,0,0,0,1,1,2,1,4,2,40,2,13011
2009,12,,3,10,0,0,0,0,0,0,1,1,2,1,4,2,71,1,13040
2009,12,,1,9,1.13,0,1.13,0,0,0,2,4,2,1,8,2,44,1,13025
2009,12,,3,18,0,0,0,0,0,0,1,1,2,1,4,1,39,1,21004
2009,12,,5,20,0,0,0,0,0,0,1,4,2,3,3,1,51,1,21013
2009,12,,6,8,1.18,1.18,0,0,0,0,1,1,2,3,7,1,85,2,31005
2009,12,,5,17,1.15,1.15,0,0,0,0,1,16,2,1,4,2,32,1,11008
2009,12,,6,16,0,0,0,0,0,0,1,1,2,1,3,1,79,2,12021
2009,12,,4,6,0,0,0,0,0,0,1,1,2,3,5,2,32,1,11001
2009,12,,4,0,0,0,0,0,0,0,1,1,2,3,4,2,33,1,11001
2009,12,,3,0,0,0,0,0,0,0,1,1,2,3,4,1,24,2,11002
2009,12,,7,1,1,1,0,0,0,0,1,1,1,3,3,2,64,1,11002
2009,12,,7,17,1.14,0,1.14,0,0,0,1,1,2,1,2,1,46,1,25122
2010,1,,2,16,1.26,1.26,0,0,0,0,1,1,2,1,1,1,49,2,25121
2010,1,,1,20,1,1,0,0,0,0,1,1,1,3,3,2,63,1,11002
2010,1,,7,12,0,0,0,0,0,0,1,1,2,1,3,1,41,1,11002
2010,1,,7,14,0,0,0,0,0,0,1,1,1,1,3,2,33,1,11002
2010,1,,5,7,1.21,1.21,0,0,0,0,2,1,2,3,3,2,31,2,12025
2010,1,,2,18,0,0,0,0,0,0,1,8,2,2,2,2,22,1,11050
2010,1,,6,10,0,0,0,0,0,0,1,1,2,1,2,1,36,1,11016
2010,1,,7,17,1.15,1.15,0,0,0,0,1,1,2,1,4,2,26,2,11008
2010,1,,4,17,0,0,0,0,0,0,1,14,2,2,5,1,21,1,11002
2010,1,,3,9,0,0,0,0,0,0,1,7,2,1,,1,,,11002
2010,1,,5,18,1.21,1.21,0,0,0,0,1,1,2,3,4,2,73,1,11002
2010,1,,1,9,0,0,0,0,0,0,1,4,2,1,4,1,45,1,31005
2010,1,,5,13,1.21,1.21,0,0,0,0,1,1,2,1,4,1,27,1,21018
2010,1,,1,9,1.15,1.15,0,0,0,0,1,22,2,2,5,1,39,1,21007
2010,1,,1,21,1.15,1.15,0,0,0,0,1,1,2,3,2,1,40,1,21004
2010,1,,3,14,1.15,1.15,0,0,0,0,1,1,2,1,3,1,43,1,21004
2010,1,,2,8,0,0,0,0,0,0,1,1,2,2,3,1,50,1,21004
2010,1,,6,1,1.15,0,1.15,0,0,0,1,1,2,3,7,1,22,1,21001
2010,1,,5,13,1.15,1.15,0,0,0,0,1,1,2,1,4,1,35,1,21001
2010,1,,6,21,2.22,1.11,1.11,0,0,0,2,1,2,3,7,2,17,1,13014
2010,1,,7,10,1.13,1.13,0,0,0,0,1,1,2,1,8,2,24,1,13013
2010,1,,2,23,2.28,1.14,1.14,0,0,0,2,1,2,3,7,1,16,1,12040
2010,1,,4,8,1.13,1.13,0,0,0,0,1,1,2,1,2,1,35,2,25091
2010,1,,4,9,1.13,1.13,0,0,0,0,1,2,2,1,7,1,41,2,25112
2010,1,,6,13,1.07,1.07,0,0,0,0,1,1,2,1,3,2,19,1,25031
2010,1,,6,7,1,1,0,0,0,0,1,2,1,3,7,2,40,1,25084
2010,1,,4,19,0,0,0,0,0,0,1,1,2,3,3,1,31,1,25048
2010,1,,7,20,0,0,0,0,0,0,1,1,2,3,3,1,61,1,24062
2010,1,,6,11,1.12,1.12,0,0,0,0,1,2,2,1,2,2,29,1,24001
2010,1,,5,15,1.19,1.19,0,0,0,0,1,18,2,1,2,2,47,1,24014
2010,1,,1,17,1.18,1.18,0,0,0,0,1,1,2,3,2,1,33,2,23045
2010,1,,6,2,1.22,1.22,0,0,0,0,1,1,2,3,2,1,44,1,23025
2010,1,,1,17,1.18,1.18,0,0,0,0,1,22,2,1,5,1,12,1,23039
2010,1,,4,18,0,0,0,0,0,0,1,1,2,3,,1,65,1,23002
2010,1,,5,22,1.14,1.14,0,0,0,0,1,14,2,2,8,2,33,1,92048
2010,1,,3,13,0,0,0,0,0,0,1,1,2,1,4,1,20,1,83034
2010,1,,2,18,0,0,0,0,0,0,1,1,2,3,4,1,19,1,73083
2010,1,,5,8,1.08,1.08,0,0,0,0,1,18,2,1,4,2,15,1,72030
2010,1,,5,2,1.18,1.18,0,0,0,0,1,1,2,3,7,2,20,1,72025
2010,1,,4,8,1,1,0,0,0,0,1,1,1,3,7,2,22,1,62099
2010,1,,6,8,0,0,0,0,0,0,1,7,1,2,3,2,45,1,62099
2010,1,,4,9,0,0,0,0,0,0,1,1,2,1,5,1,21,2,62063
2010,1,,2,10,0,0,0,0,0,0,1,1,2,1,4,2,44,1,62063
2010,1,,6,6,0,0,0,0,0,0,1,1,2,3,7,1,,,56051
2010,1,,3,11,1.06,1.06,0,0,0,0,1,22,2,1,5,1,37,1,57064
2010,1,,5,0,0,0,0,0,0,0,1,1,2,3,4,1,30,2,55022
2010,1,,5,11,0,0,0,0,0,0,1,1,2,1,5,1,32,1,53053
2010,1,,7,19,0,0,0,0,0,0,1,10,2,4,2,1,39,1,52011
2010,1,,7,19,1.14,0,1.14,0,0,0,1,1,2,4,2,1,33,1,52011
2010,1,,1,18,0,0,0,0,0,0,1,1,2,3,5,2,44,2,46025
2010,1,,7,13,1.18,1.18,0,0,0,0,2,1,2,1,3,2,61,2,46014
2010,1,,3,9,0,0,0,0,0,0,1,1,2,1,4,1,44,2,46021
2010,1,,4,11,1.17,1.17,0,0,0,0,1,1,2,1,7,2,63,2,46020
2010,1,,6,10,1.15,0,1.15,0,0,0,1,1,2,1,2,1,47,1,45035
2010,1,,1,14,0,0,0,0,0,0,1,7,1,1,4,2,33,1,44073
2010,1,,1,18,1.17,0,1.17,0,0,0,1,16,2,2,5,1,49,1,44072
2010,1,,3,19,0,0,0,0,0,0,1,1,2,3,4,1,25,2,44011
2010,1,,4,8,1.25,1.25,0,0,0,0,1,1,2,1,3,2,42,2,42006
2010,1,,4,8,1.25,1.25,0,0,0,0,1,1,2,1,3,2,22,2,42006
2010,1,,4,8,0,0,0,0,0,0,1,1,2,2,2,2,36,1,41018
2010,1,,4,12,0,0,0,0,0,0,1,1,2,1,2,1,29,2,41002
2010,1,,7,14,1.19,1.19,0,0,0,0,1,2,2,1,7,2,45,2,37015
2010,1,,3,15,0,0,0,0,0,0,1,1,2,1,3,1,70,2,33011
2010,2,,6,17,0,0,0,0,0,0,1,1,2,1,5,1,52,1,34013
2010,2,,4,9,0,0,0,0,0,0,1,1,2,1,5,1,52,2,34009
2010,2,,4,17,0,0,0,0,0,0,1,2,2,1,3,2,40,2,34040
2010,2,,7,6,1.22,1.22,0,0,0,0,1,1,2,3,7,1,42,1,35013
2010,2,,5,23,1.15,1.15,0,0,0,0,1,15,2,3,8,2,23,1,38025
2010,2,,5,16,0,0,0,0,0,0,1,1,2,1,4,2,71,2,37015
2010,2,,7,14,1.1,1.1,0,0,0,0,1,16,2,1,4,1,52,2,41048
2010,2,,6,13,1.17,1.17,0,0,0,0,2,1,2,1,3,2,30,2,44021
2010,2,,3,6,1.1,1.1,0,0,0,0,1,16,2,3,8,2,60,2,44019