year,month,monthDay,weekDay,hour,numVictims,numSlightlyInjured,numSeverelyInjured,numMortallyInjured,numDiedWithin24Hours,numDiedWithin30Days,victimType,roadUserType,roadType,lightConditions,collisionType,areaType,age,sex,municipality
2010,2,,5,14,1.17,1.17,0,0,0,0,1,2,2,1,4,1,47,2,44021
2010,2,,3,19,1.16,1.16,0,0,0,0,1,15,2,3,3,1,39,2,52012
2010,2,,3,16,0,0,0,0,0,0,1,1,2,1,3,1,24,1,53065
2010,2,,6,0,0,0,0,0,0,0,1,1,2,3,2,1,46,1,52043
2010,2,,4,17,0,0,0,0,0,0,1,1,2,1,4,1,53,2,53053
2010,2,,7,2,0,0,0,0,0,0,1,1,2,3,3,1,29,1,54007
2010,2,,3,19,0,0,0,0,0,0,1,1,2,3,5,1,49,1,62096
2010,2,,6,10,1.07,0,1.07,0,0,0,2,2,2,1,2,1,5,2,63046
2010,2,,2,17,1.05,1.05,0,0,0,0,1,2,2,1,8,2,50,1,63076
2010,2,,6,19,1.07,1.07,0,0,0,0,1,22,2,2,5,1,6,1,63035
2010,2,,5,13,1.17,1.17,0,0,0,0,1,22,2,1,5,1,20,2,63079
2010,2,,1,10,1,1,0,0,0,0,2,2,1,1,7,2,2,1,64021
2010,2,,6,20,0,0,0,0,0,0,1,1,2,3,3,2,46,1,71053
2010,2,,7,2,1.15,1.15,0,0,0,0,1,1,2,3,4,1,43,1,71053
2010,2,,4,23,0,0,0,0,0,0,1,1,2,3,4,2,40,1,71053
2010,2,,2,17,0,0,0,0,0,0,1,2,2,1,2,2,68,1,71067
2010,2,,5,15,1.16,1.16,0,0,0,0,1,1,2,1,3,2,55,2,73107
2010,2,,3,20,1.16,1.16,0,0,0,0,1,1,2,3,3,1,30,2,73107
2010,2,,3,14,0,0,0,0,0,0,1,1,2,1,4,2,25,1,73042
2010,2,,7,16,1.07,1.07,0,0,0,0,1,1,2,1,7,2,53,2,83034
2010,2,,1,13,0,0,0,0,0,0,1,9,2,1,8,2,27,1,92035
2010,2,,1,21,1,0,0,0,1,1,1,1,2,3,7,2,49,1,93056
2010,2,,6,0,1.1,0,1.1,0,0,0,1,22,2,3,5,1,21,1,55050
2010,2,,6,14,1.33,1.33,0,0,0,0,1,1,2,1,7,2,41,2,85047
2010,2,,3,12,0,0,0,0,0,0,1,4,2,1,4,1,46,1,93090
2010,2,,7,21,1,1,0,0,0,0,1,14,1,3,8,2,27,1,23025
2010,2,,1,1,1.18,1.18,0,0,0,0,1,1,2,3,7,2,22,1,23039
2010,2,,5,19,1.05,1.05,0,0,0,0,1,1,2,3,3,2,39,2,23024
2010,2,,7,19,1.05,1.05,0,0,0,0,1,1,2,3,2,2,32,2,23024
2010,2,,3,12,0,0,0,0,0,0,1,1,2,1,3,2,30,2,24107
2010,2,,1,10,0,0,0,0,0,0,1,4,2,1,2,2,46,1,24134
2010,2,,6,2,1.13,1.13,0,0,0,0,1,1,2,3,4,2,58,2,25091
2010,2,,6,7,1,0,1,0,0,0,1,2,1,4,3,2,33,1,25084
2010,2,,4,17,0,0,0,0,0,0,1,2,2,1,,1,37,2,25107
2010,2,,1,12,1.28,1.28,0,0,0,0,1,1,2,1,3,2,39,2,13004
2010,2,,6,16,1.14,1.14,0,0,0,0,1,1,2,1,4,2,24,2,12040
2010,2,,2,15,0,0,0,0,0,0,1,1,2,1,4,2,50,1,13046
2010,2,,2,11,1.28,0,1.28,0,0,0,1,18,2,1,4,1,21,1,13046
2010,2,,2,14,1.28,1.28,0,0,0,0,1,1,2,1,3,2,20,2,13040
2010,2,,1,20,0,0,0,0,0,0,1,1,2,3,3,1,48,2,13035
2010,2,,1,2,1.13,1.13,0,0,0,0,1,1,2,3,7,1,51,1,13049
2010,2,,6,23,0,0,0,0,0,0,1,1,2,3,2,1,25,1,21004
2010,2,,1,18,0,0,0,0,0,0,1,1,2,2,4,1,38,1,21007
2010,2,,7,12,0,0,0,0,0,0,1,1,2,1,7,1,,,21015
2010,2,,3,9,0,0,0,0,0,0,1,1,2,1,5,1,,,21012
2010,2,,1,20,0,0,0,0,0,0,1,1,2,3,3,1,27,1,21009
2010,2,,4,8,1.44,1.44,0,0,0,0,1,22,2,2,5,1,24,2,21015
2010,2,,4,21,1.44,1.44,0,0,0,0,1,1,2,3,3,1,21,1,21015
2010,2,,4,10,0,0,0,0,0,0,1,1,2,1,4,1,38,1,11029
2010,2,,4,16,1.26,1.26,0,0,0,0,1,18,2,1,4,1,38,2,11024
2010,2,,4,20,0,0,0,0,0,0,1,1,2,2,5,2,25,1,11002
2010,2,,5,17,1.21,1.21,0,0,0,0,1,1,2,1,7,1,63,2,11002
2010,2,,3,12,0,0,0,0,0,0,1,2,2,1,1,1,52,1,11002
2010,2,,5,12,1.21,1.21,0,0,0,0,2,1,2,1,4,1,39,2,11002
2010,3,,3,14,1,1,0,0,0,0,1,1,1,1,3,2,58,2,11002
2010,3,,1,23,1,1,0,0,0,0,1,1,1,3,3,2,35,1,11002
2010,3,,2,16,1.21,1.21,0,0,0,0,1,1,2,1,4,1,23,2,11002
2010,3,,2,10,0,0,0,0,0,0,1,1,2,1,4,1,80,1,11055
2010,3,,3,21,1.19,1.19,0,0,0,0,1,1,2,3,2,2,43,2,11023
2010,3,,3,19,0,0,0,0,0,0,1,1,2,1,4,1,32,1,31005
2010,3,,5,13,1.21,1.21,0,0,0,0,1,22,2,1,5,1,68,1,21016
2010,3,,1,9,0,0,0,0,0,0,1,1,2,1,3,1,38,1,21019
2010,3,,7,1,1.21,1.21,0,0,0,0,1,1,2,3,3,1,25,1,21005
2010,3,,2,22,1.15,1.15,0,0,0,0,1,22,2,3,5,2,52,1,21004
2010,3,,3,12,1.13,1.13,0,0,0,0,1,16,2,1,4,2,53,1,13049
2010,3,,4,9,0,0,0,0,0,0,1,1,2,1,4,1,39,2,13031
2010,3,,1,21,0,0,0,0,0,0,1,1,2,3,4,1,30,2,13011
2010,3,,5,19,1.28,0,1.28,0,0,0,1,22,2,1,5,1,57,1,13017
2010,3,,2,15,1.21,1.21,0,0,0,0,1,1,2,1,2,2,51,1,12025
2010,3,,6,11,1,0,1,0,0,0,2,1,1,1,3,2,,,12025
2010,3,,6,10,0,0,0,0,0,0,1,2,2,1,5,1,60,2,25105
2010,3,,5,8,1,1,0,0,0,0,1,1,2,1,7,2,18,1,25023
2010,3,,5,14,0,0,0,0,0,0,1,6,2,1,4,2,50,1,24134
2010,3,,3,8,0,0,0,0,0,0,1,4,2,1,2,2,23,1,23104
2010,3,,1,18,1.23,1.23,0,0,0,0,2,1,2,1,3,1,10,2,23027
2010,3,,3,9,1.08,1.08,0,0,0,0,2,1,2,1,4,2,20,1,72039
2010,3,,3,13,1.16,1.16,0,0,0,0,1,16,2,1,2,2,36,2,73042
2010,3,,5,11,1.16,1.16,0,0,0,0,1,1,2,1,7,2,35,1,73107
2010,3,,4,18,1.12,1.12,0,0,0,0,1,1,2,1,3,2,24,2,72020
2010,3,,4,10,0,0,0,0,0,0,1,3,2,1,3,2,43,1,72004
2010,3,,2,9,1.11,1.11,0,0,0,0,1,16,2,1,4,1,23,2,71016
2010,3,,3,6,1.11,1.11,0,0,0,0,1,1,2,1,2,2,42,2,71016
2010,3,,4,10,1.09,1.09,0,0,0,0,1,2,2,1,4,2,34,2,71022
2010,3,,3,6,1.15,1.15,0,0,0,0,1,4,2,3,6,1,46,1,64074
2010,3,,2,14,0,0,0,0,0,0,1,2,2,1,5,1,55,2,63079
2010,3,,4,9,1,1,0,0,0,0,1,1,1,1,8,2,21,2,63076
2010,3,,4,12,1.13,1.13,0,0,0,0,1,14,2,1,4,1,34,1,62063
2010,3,,2,14,0,0,0,0,0,0,1,7,1,1,3,2,46,1,57081
2010,3,,7,5,3.33,3.33,0,0,0,0,2,2,2,3,3,2,20,1,55039
2010,3,,1,16,1.08,1.08,0,0,0,0,1,22,2,1,5,1,25,2,54007
2010,3,,2,20,1.08,1.08,0,0,0,0,2,1,2,3,7,1,0,2,52055
2010,3,,7,15,0,0,0,0,0,0,1,2,2,1,2,1,31,1,52011
2010,3,,3,13,1.14,1.14,0,0,0,0,1,1,2,1,4,1,76,2,52011
2010,3,,6,13,1.14,1.14,0,0,0,0,2,15,2,1,4,1,22,2,52011
2010,3,,4,8,1.17,1.17,0,0,0,0,1,16,2,1,2,1,16,1,46025
2010,3,,1,23,0,0,0,0,0,0,1,1,2,4,4,2,33,1,51004
2010,3,,3,17,1.17,1.17,0,0,0,0,1,18,2,1,4,2,17,1,44021
2010,3,,4,4,0,0,0,0,0,0,1,6,1,3,3,2,50,1,44021
2010,3,,1,15,1.17,1.17,0,0,0,0,1,1,2,1,,1,27,2,44021
2010,3,,3,19,1.18,1.18,0,0,0,0,1,14,2,1,8,1,43,1,43018
2010,3,,2,18,0,0,0,0,0,0,1,4,2,1,4,2,39,1,42023
2010,3,,5,20,1,0,0,0,1,1,2,1,2,3,2,1,20,2,42003
2010,3,,4,15,0,0,0,0,0,0,1,1,2,1,2,2,39,2,37015
2010,3,,7,6,1.22,1.22,0,0,0,0,1,1,2,3,7,1,30,1,38014
2010,3,,1,8,1.21,1.21,0,0,0,0,1,18,2,1,4,2,14,2,36015
2010,3,,5,20,0,0,0,0,0,0,1,1,2,3,4,1,20,2,36015
2010,3,,3,6,1,0,1,0,0,0,1,4,1,3,7,2,35,1,35014
2010,3,,3,17,1.08,1.08,0,0,0,0,1,14,2,1,4,2,43,1,35014
2010,3,,6,21,1.08,1.08,0,0,0,0,2,2,2,3,4,2,17,2,35006
2010,3,,2,12,1.22,0,1.22,0,0,0,1,18,2,1,,1,31,2,35013
2010,3,,6,10,1.15,1.15,0,0,0,0,1,18,2,1,4,1,64,2,32003
2010,3,,4,18,0,0,0,0,0,0,1,1,2,1,4,2,50,1,31022
2010,4,,7,12,0,0,0,0,0,0,1,4,2,1,3,2,29,1,31043
2010,4,,1,15,1.08,1.08,0,0,0,0,2,1,2,1,3,2,5,1,31033
2010,4,,6,5,0,0,0,0,0,0,1,7,1,3,3,2,27,1,31033
2010,4,,6,11,0,0,0,0,0,0,1,1,2,1,3,1,40,2,33021
2010,4,,2,20,0,0,0,0,0,0,1,1,2,1,2,2,27,1,32006
2010,4,,5,20,1.14,1.14,0,0,0,0,1,14,2,1,4,1,52,1,33011
2010,4,,6,12,0,0,0,0,0,0,1,2,2,1,3,2,38,2,35011
2010,4,,3,22,0,0,0,0,0,0,1,8,2,3,3,2,27,1,35002
2010,4,,3,7,1.1,0,1.1,0,0,0,2,1,2,1,7,2,20,2,37007
2010,4,,7,15,1.19,1.19,0,0,0,0,1,1,2,1,3,2,22,2,36011
2010,4,,6,17,1.19,1.19,0,0,0,0,1,14,2,1,8,1,50,1,36011
2010,4,,1,11,0,0,0,0,0,0,1,1,2,1,3,1,56,2,41002
2010,4,,3,10,0,0,0,0,0,0,1,1,2,1,2,2,62,1,41063
2010,4,,1,12,0,0,0,0,0,0,1,1,2,1,4,2,43,1,41048
2010,4,,2,19,1.17,1.17,0,0,0,0,2,1,2,1,3,2,55,2,41024
2010,4,,5,18,0,0,0,0,0,0,1,1,2,1,3,2,39,1,42004
2010,4,,3,11,1.13,1.13,0,0,0,0,1,24,2,1,8,2,61,1,44001
2010,4,,4,23,1.08,1.08,0,0,0,0,1,1,2,3,4,1,26,2,42025
2010,4,,3,19,0,0,0,0,0,0,1,18,2,1,5,1,46,1,44021
2010,4,,6,19,0,0,0,0,0,0,1,1,1,1,6,2,47,1,44021
2010,4,,2,16,1.17,1.17,0,0,0,0,1,18,2,1,4,2,65,1,44021
2010,4,,3,12,0,0,0,0,0,0,1,1,2,1,5,1,66,2,44021
2010,4,,6,17,1.15,1.15,0,0,0,0,1,1,2,1,3,1,48,1,44052
2010,4,,4,9,1.19,1.19,0,0,0,0,1,1,2,1,4,2,18,2,46021
2010,4,,2,12,0,0,0,0,0,0,1,4,2,1,4,1,47,1,46021
2010,4,,6,13,1.16,1.16,0,0,0,0,1,1,2,1,2,1,24,1,52018
2010,4,,2,19,0,0,0,0,0,0,1,2,2,1,4,1,24,1,52011
2010,4,,5,20,1.14,1.14,0,0,0,0,1,1,2,1,3,1,45,1,52011
2010,4,,5,20,1.08,1.08,0,0,0,0,2,1,2,1,2,1,26,2,56022
2010,4,,6,13,0,0,0,0,0,0,1,4,2,1,3,1,51,1,62003
2010,4,,2,14,1.13,1.13,0,0,0,0,1,2,2,1,4,1,48,2,62063
2010,4,,2,20,0,0,0,0,0,0,1,1,2,3,4,1,20,1,62063
2010,4,,5,7,0,0,0,0,0,0,1,1,1,1,3,2,25,1,62108
2010,4,,5,14,1.17,1.17,0,0,0,0,1,1,2,1,3,1,37,2,63020
2010,4,,7,23,0,0,0,0,0,0,1,1,2,3,4,2,22,2,71011
2010,4,,1,16,0,0,0,0,0,0,1,1,2,1,2,2,42,1,71011
2010,4,,7,19,0,0,0,0,0,0,1,1,2,1,4,1,83,1,64023
2010,4,,6,1,1.14,1.14,0,0,0,0,1,1,2,3,4,2,24,1,71004
2010,4,,6,7,1.11,1.11,0,0,0,0,1,4,2,3,7,2,45,1,71047
2010,4,,7,18,1.09,1.09,0,0,0,0,2,2,2,1,3,2,70,2,71066
2010,4,,6,6,1.15,1.15,0,0,0,0,1,2,2,3,4,2,23,1,82003
2010,4,,2,11,0,0,0,0,0,0,1,1,2,1,4,2,63,2,73042
2010,4,,1,20,1.05,1.05,0,0,0,0,1,2,2,1,7,1,43,1,81001
2010,4,,4,2,1.15,1.15,0,0,0,0,1,2,2,4,7,2,37,1,84033
2010,4,,2,2,1,1,0,0,0,0,1,4,2,3,7,1,41,1,92094
2010,4,,3,12,1.07,1.07,0,0,0,0,2,14,2,1,8,1,61,2,93088
2010,4,,2,15,1.12,1.12,0,0,0,0,1,1,2,1,2,1,43,1,56087
2010,4,,1,22,0,0,0,0,0,0,1,1,2,3,2,1,54,2,92137
2010,4,,6,11,1.11,1.11,0,0,0,0,1,18,2,1,4,1,43,1,92137
2010,4,,2,15,1,1,0,0,0,0,2,1,1,1,3,2,37,1,92137
2010,4,,3,16,0,0,0,0,0,0,1,1,2,1,4,2,67,1,23062
2010,4,,5,20,0,0,0,0,0,0,1,1,2,2,3,1,27,2,24028
2010,4,,2,20,1.14,1.14,0,0,0,0,1,1,2,1,2,2,22,2,24007
2010,4,,4,9,1.21,1.21,0,0,0,0,1,18,2,1,3,1,47,1,24062
2010,4,,5,17,1,1,0,0,0,0,1,14,1,1,4,2,48,1,24062
2010,4,,5,21,1.21,1.21,0,0,0,0,1,15,2,1,2,1,17,1,24062
2010,4,,4,4,1,1,0,0,0,0,1,6,1,3,3,2,39,1,24062
2010,4,,5,17,0,0,0,0,0,0,1,2,2,1,4,1,53,1,24062
2010,4,,6,23,1.09,1.09,0,0,0,0,1,4,2,3,3,2,29,1,24107
2010,4,,3,3,1.08,1.08,0,0,0,0,1,24,2,3,4,1,35,1,25107
2010,4,,6,15,0,0,0,0,0,0,1,4,1,1,4,2,21,1,25044
2010,4,,3,19,1.28,1.28,0,0,0,0,1,1,2,1,7,2,40,2,13019
2010,4,,2,12,0,0,0,0,0,0,1,2,2,1,3,2,55,1,13008
2010,4,,3,10,1.11,1.11,0,0,0,0,1,1,2,1,3,1,26,2,13037
2010,4,,7,19,1.15,1.15,0,0,0,0,1,1,2,1,3,1,28,1,21004
2010,4,,3,6,1.15,1.15,0,0,0,0,2,2,2,3,4,2,26,2,21004
2010,4,,3,15,0,0,0,0,0,0,1,6,2,1,,1,57,1,21002
2010,4,,4,19,1.15,1.15,0,0,0,0,1,22,2,1,5,1,40,2,21004
2010,4,,5,14,0,0,0,0,0,0,1,1,2,1,3,1,18,1,21004
2010,4,,1,10,1.15,1.15,0,0,0,0,1,18,2,1,4,1,64,1,21004
2010,4,,4,21,0,0,0,0,0,0,1,1,2,3,2,1,,,21004
2010,4,,3,12,0,0,0,0,0,0,1,2,2,1,3,1,27,1,21013
2010,4,,4,0,1.17,1.17,0,0,0,0,2,1,2,3,3,1,39,2,21012
2010,4,,5,18,1.44,1.44,0,0,0,0,1,1,2,1,4,1,38,1,21015
2010,4,,7,12,1.19,1.19,0,0,0,0,1,1,2,1,4,2,69,1,31005
2010,4,,6,20,1.15,1.15,0,0,0,0,2,1,2,1,3,2,37,2,11008
2010,4,,4,19,1.21,1.21,0,0,0,0,2,1,2,1,4,1,6,1,11002
2010,4,,7,21,0,0,0,0,0,0,1,1,2,2,4,1,22,1,11002
2010,4,,6,14,0,0,0,0,0,0,1,2,2,1,4,1,75,1,11002
2010,4,,4,0,1.15,1.15,0,0,0,0,1,14,2,3,4,1,62,1,11008
2010,4,,6,12,0,0,0,0,0,0,1,1,2,1,3,2,41,2,11016
2010,4,,4,23,1.12,1.12,0,0,0,0,1,1,2,3,4,2,20,2,11009
2010,4,,4,9,1.29,1.29,0,0,0,0,1,1,2,1,3,2,21,1,11052
2010,4,,5,2,0,0,0,0,0,0,1,1,1,4,3,2,23,1,11040
2010,4,,6,16,1.1,1.1,0,0,0,0,1,1,2,1,3,2,32,1,12014
2010,4,,7,4,1.21,1.21,0,0,0,0,1,2,2,3,2,1,29,2,11002
2010,4,,6,15,1,1,0,0,0,0,1,14,1,1,7,2,29,1,11002
2010,4,,5,19,0,0,0,0,0,0,1,1,2,1,3,1,24,2,11002
2010,4,,5,12,1,1,0,0,0,0,1,4,1,1,3,2,41,1,11002
2010,4,,3,9,0,0,0,0,0,0,1,1,2,1,4,1,40,2,11002
2010,5,,1,17,1,1,0,0,0,0,1,1,1,1,3,2,26,2,11002
2010,5,,6,7,1.21,1.21,0,0,0,0,1,18,2,2,2,1,23,1,11002
2010,5,,4,11,0,0,0,0,0,0,1,1,2,1,5,1,30,1,11002
2010,5,,3,17,1.14,1.14,0,0,0,0,1,2,2,1,3,2,52,1,12021
2010,5,,2,9,1.24,1.24,0,0,0,0,1,18,2,1,2,1,49,2,11040
2010,5,,5,20,1.15,1.15,0,0,0,0,1,14,2,1,3,2,43,1,11008
2010,5,,7,12,0,0,0,0,0,0,1,2,2,1,4,1,52,1,11022
2010,5,,3,16,1.44,1.44,0,0,0,0,1,2,2,1,4,1,28,2,21015
2010,5,,6,21,1.44,1.44,0,0,0,0,1,22,2,1,5,1,8,2,21015
2010,5,,1,16,1.15,1.15,0,0,0,0,1,1,2,1,4,1,19,1,21004
2010,5,,2,8,0,0,0,0,0,0,1,1,2,1,5,1,39,1,21005
2010,5,,3,17,1.15,0,1.15,0,0,0,1,22,2,1,5,1,24,,21004
2010,5,,2,18,1.17,1.17,0,0,0,0,1,22,2,1,5,1,63,1,21003
2010,5,,2,14,1.15,1.15,0,0,0,0,2,10,2,1,8,1,4,2,21001
2010,5,,6,2,1.19,1.19,0,0,0,0,1,4,2,3,3,1,28,1,13008
2010,5,,1,18,0,0,0,0,0,0,1,1,2,1,4,1,43,2,12040
2010,5,,6,13,1.21,1.21,0,0,0,0,1,18,2,1,4,1,38,1,12025
2010,5,,1,16,1.15,1.15,0,0,0,0,1,18,2,1,2,1,60,2,12030
2010,5,,6,17,0,0,0,0,0,0,1,1,2,1,3,1,34,2,25037
2010,5,,7,19,0,0,0,0,0,0,1,1,2,1,4,1,62,1,25072
2010,5,,1,10,0,0,0,0,0,0,1,1,2,1,2,1,63,1,24062
2010,5,,6,23,1,1,0,0,0,0,1,2,1,3,8,2,23,1,24062
2010,5,,6,13,1.09,1.09,0,0,0,0,1,14,2,1,3,2,26,2,24041
2010,5,,6,13,1.09,1.09,0,0,0,0,1,14,2,1,3,2,38,1,24041
2010,5,,1,7,1.21,1.21,0,0,0,0,1,1,2,2,3,1,53,2,23102
2010,5,,3,9,1.12,1.12,0,0,0,0,1,16,2,1,2,1,16,1,24001
2010,5,,2,16,0,0,0,0,0,0,1,1,2,1,4,2,36,1,23088
2010,5,,2,15,1.21,0,1.21,0,0,0,1,22,2,1,5,1,80,2,92140
2010,5,,5,7,1,1,0,0,0,0,1,1,1,2,4,2,35,1,23003
2010,5,,1,15,0,0,0,0,0,0,1,1,2,1,7,2,25,1,72038
2010,5,,5,11,1.07,0,1.07,0,0,0,1,14,2,1,2,2,46,1,82037
2010,5,,2,16,1.18,1.18,0,0,0,0,1,16,2,1,4,2,23,2,72037
2010,5,,3,18,0,0,0,0,0,0,1,1,2,1,4,2,53,2,71069
2010,5,,1,22,1.11,1.11,0,0,0,0,1,13,2,3,2,1,38,1,62119
2010,5,,1,19,1.07,1.07,0,0,0,0,2,1,2,1,4,2,1,1,41082
2010,5,,4,17,0,0,0,0,0,0,1,1,2,1,3,2,72,1,93022
2010,5,,4,8,1.1,1.1,0,0,0,0,1,13,2,1,2,2,57,1,55035
2010,5,,6,19,0,0,0,0,0,0,1,1,2,1,3,1,22,2,92094
2010,5,,1,17,1.14,1.14,0,0,0,0,1,2,2,1,4,1,24,2,92094
2010,5,,7,17,0,0,0,0,0,0,1,1,2,1,4,2,,2,82003
2010,5,,1,22,1.16,1.16,0,0,0,0,1,1,2,1,2,1,42,1,73107
2010,5,,4,18,0,0,0,0,0,0,1,1,2,1,4,2,64,1,73083
2010,5,,5,0,1,0,1,0,0,0,2,1,2,3,7,2,16,1,72030
2010,5,,4,17,0,0,0,0,0,0,1,1,2,1,2,1,42,1,72020
2010,5,,4,9,1.14,1.14,0,0,0,0,1,18,2,1,4,1,14,1,72021
2010,5,,6,12,1.09,1.09,0,0,0,0,1,1,2,1,4,2,68,2,71066
2010,5,,1,14,1.09,1.09,0,0,0,0,2,1,2,1,1,2,30,2,71066
2010,5,,5,9,0,0,0,0,0,0,1,1,2,1,2,2,30,2,71045
2010,5,,1,1,0,0,0,0,0,0,1,1,2,3,7,2,29,2,71024
2010,5,,3,19,1.15,1.15,0,0,0,0,2,1,2,1,4,2,19,1,71053
2010,5,,6,20,1.14,1.14,0,0,0,0,2,1,2,1,2,2,0,,71037
2010,5,,3,17,0,0,0,0,0,0,1,1,2,1,4,1,52,2,71034
2010,5,,1,14,0,0,0,0,0,0,1,1,2,1,3,2,64,1,71016
2010,5,,7,16,1.09,1.09,0,0,0,0,1,1,2,1,4,2,35,2,71022
2010,5,,5,11,1.11,1.11,0,0,0,0,1,18,2,1,2,1,22,1,62108
2010,5,,7,10,0,0,0,0,0,0,1,1,2,1,4,1,30,1,62063
2010,5,,7,17,0,0,0,0,0,0,1,1,2,1,4,1,35,1,62063
2010,5,,3,8,1,1,0,0,0,0,1,1,2,1,7,2,35,2,62051
2010,5,,1,16,1.13,1.13,0,0,0,0,1,15,2,1,2,1,35,1,62063
2010,5,,6,19,1.07,1.07,0,0,0,0,1,15,2,1,4,1,30,1,57081
2010,5,,3,17,1.12,1.12,0,0,0,0,1,1,2,1,3,1,51,2,52043
2010,5,,3,13,1.08,1.08,0,0,0,0,2,2,2,1,3,1,8,2,53053
2010,5,,1,0,0,0,0,0,0,0,1,2,2,3,4,2,43,2,53044
2010,5,,7,18,0,0,0,0,0,0,1,1,2,1,5,1,39,1,52011
2010,5,,6,1,1.14,1.14,0,0,0,0,1,1,2,3,4,1,49,2,52011
2010,5,,6,11,0,0,0,0,0,0,1,1,1,1,3,2,48,1,52011
2010,5,,6,13,0,0,0,0,0,0,1,1,2,1,4,1,41,2,46014
2010,5,,5,17,0,0,0,0,0,0,1,6,2,1,4,2,18,1,46014
2010,5,,6,17,1.18,1.18,0,0,0,0,1,1,2,1,4,1,35,2,46014
2010,5,,3,19,0,0,0,0,0,0,1,4,2,1,4,2,18,2,46003
2010,5,,6,5,1.15,1.15,0,0,0,0,1,7,2,2,6,2,25,1,45060
2010,5,,2,8,0,0,0,0,0,0,1,1,2,1,4,1,64,1,45035
2010,5,,5,10,0,0,0,0,0,0,1,18,2,1,7,1,,,44021
2010,5,,5,18,1,0,1,0,0,0,2,,1,1,1,2,,,44043
2010,5,,2,20,1.17,1.17,0,0,0,0,1,18,2,1,5,1,21,1,44021
2010,5,,7,19,1.17,1.17,0,0,0,0,2,1,2,1,2,1,16,1,44021
2010,5,,2,8,1.17,1.17,0,0,0,0,1,1,2,1,4,1,24,1,44021
2010,5,,5,17,0,0,0,0,0,0,1,4,2,1,4,2,26,1,44001
2010,5,,3,14,0,0,0,0,0,0,1,1,2,1,4,1,41,2,42006
2010,5,,6,18,0,0,0,0,0,0,1,1,2,1,3,1,18,1,42003
2010,5,,3,17,1.2,1.2,0,0,0,0,1,1,2,1,3,2,45,2,42008
2010,5,,2,9,0,0,0,0,0,0,1,1,2,1,4,1,19,2,41002
2010,5,,7,13,0,0,0,0,0,0,1,1,2,1,4,1,40,2,38016
2010,5,,3,12,1.1,0,1.1,0,0,0,1,22,2,1,5,2,37,2,37007
2010,5,,5,20,1.1,1.1,0,0,0,0,1,9,2,1,7,2,46,1,37007
2010,5,,4,19,0,0,0,0,0,0,1,4,2,1,3,1,22,2,35013
2010,5,,2,9,1.21,1.21,0,0,0,0,1,1,2,1,2,1,37,2,36015
2010,5,,1,8,0,0,0,0,0,0,1,1,2,1,4,1,38,1,34041
2010,5,,6,23,1.17,1.17,0,0,0,0,1,15,2,2,4,1,16,2,34042
2010,6,,3,15,0,0,0,0,0,0,1,1,2,1,3,1,23,2,32003
2010,6,,2,19,1.13,1.13,0,0,0,0,1,18,2,1,2,2,32,1,31006
2010,6,,4,20,0,0,0,0,0,0,1,4,2,1,4,2,19,1,33011
2010,6,,5,0,1.17,1.17,0,0,0,0,1,1,2,3,7,1,40,1,34003
2010,6,,6,18,0,0,0,0,0,0,1,1,2,1,2,1,58,1,33011
2010,6,,5,10,0,0,0,0,0,0,1,1,2,1,4,1,,,32011
2010,6,,3,19,1.08,1.08,0,0,0,0,2,2,2,1,3,1,48,2,34027
2010,6,,6,15,0,0,0,0,0,0,1,1,2,1,3,2,29,1,41048
2010,6,,1,20,1.06,1.06,0,0,0,0,2,1,2,1,3,1,23,2,41002
2010,6,,4,17,1.14,1.14,0,0,0,0,1,2,2,1,3,2,33,1,42004
2010,6,,7,14,0,0,0,0,0,0,1,1,2,1,3,2,71,1,42004
2010,6,,6,10,1,1,0,0,0,0,2,1,1,1,7,2,17,1,44001
2010,6,,2,18,1.13,1.13,0,0,0,0,1,14,2,1,4,1,42,1,44001
2010,6,,4,13,1.1,1.1,0,0,0,0,1,1,1,1,7,2,19,1,43002
2010,6,,5,18,1.31,1.31,0,0,0,0,1,4,2,1,3,1,26,1,43005
2010,6,,5,10,1.17,1.17,0,0,0,0,1,18,2,1,,1,22,2,44021
2010,6,,6,12,0,0,0,0,0,0,1,1,2,1,4,1,55,1,44021
2010,6,,2,16,1,1,0,0,0,0,1,2,1,1,3,2,34,1,44045
2010,6,,7,22,0,0,0,0,0,0,1,,2,1,4,1,,,44021
2010,6,,3,16,0,0,0,0,0,0,1,1,2,1,5,1,77,1,52011
2010,6,,7,22,1.13,1.13,0,0,0,0,1,1,2,1,7,2,25,1,51008
2010,6,,7,7,0,0,0,0,0,0,1,1,2,1,6,1,21,1,52012
2010,6,,4,2,1,1,0,0,0,0,1,1,1,3,,2,22,1,52011
2010,6,,2,18,1.08,1.08,0,0,0,0,1,1,2,1,2,1,35,1,54007
2010,6,,3,14,0,0,0,0,0,0,1,18,2,1,2,1,,,54007
2010,6,,5,2,0,0,0,0,0,0,1,1,2,3,5,1,26,1,56016
2010,6,,5,11,1.13,1.13,0,0,0,0,1,18,2,1,3,1,66,1,62063
2010,6,,6,17,1.08,1.08,0,0,0,0,1,14,2,1,8,1,33,1,62096
2010,6,,7,1,0,0,0,0,0,0,1,4,2,3,2,1,43,1,63045