year,month,monthDay,weekDay,hour,numVictims,numSlightlyInjured,numSeverelyInjured,numMortallyInjured,numDiedWithin24Hours,numDiedWithin30Days,victimType,roadUserType,roadType,lightConditions,collisionType,areaType,age,sex,municipality
2010,6,,4,9,1.13,1.13,0,0,0,0,1,1,2,1,8,2,31,2,63075
2010,6,,6,16,0,0,0,0,0,0,1,1,2,1,3,2,53,1,63073
2010,6,,7,21,1.07,1.07,0,0,0,0,1,1,2,1,7,2,46,1,63035
2010,6,,3,15,1.14,1.14,0,0,0,0,2,1,2,1,3,2,3,1,71004
2010,6,,3,9,0,0,0,0,0,0,1,6,2,1,3,2,49,2,71066
2010,6,,2,19,1.15,1.15,0,0,0,0,1,14,2,1,3,1,64,1,71053
2010,6,,3,14,1.04,1.04,0,0,0,0,1,1,2,1,4,2,50,1,72004
2010,6,,3,13,1.16,1.16,0,0,0,0,1,18,2,1,4,2,13,2,73042
2010,6,,2,22,0,0,0,0,0,0,1,1,2,2,5,1,82,1,83028
2010,6,,2,10,1.07,0,1.07,0,0,0,1,1,2,1,7,1,50,1,83034
2010,6,,5,22,1.12,0,1.12,0,0,0,1,1,2,1,2,1,52,2,92003
2010,6,,2,19,1.11,1.11,0,0,0,0,1,2,2,1,2,2,22,1,91034
2010,6,,1,17,1,0,1,0,0,0,1,1,2,1,7,2,23,1,93088
2010,6,,7,7,1.08,1.08,0,0,0,0,1,1,2,1,7,2,27,2,62121
2010,6,,2,18,1.12,1.12,0,0,0,0,1,18,2,1,4,2,11,1,71070
2010,6,,6,1,0,0,0,0,0,0,1,2,2,3,7,1,25,1,92140
2010,6,,5,14,1.14,1.14,0,0,0,0,1,18,2,1,2,2,47,2,72041
2010,6,,5,11,1,1,0,0,0,0,2,2,1,1,7,2,7,2,92141
2010,6,,7,11,1.05,0,1.05,0,0,0,1,18,2,1,6,2,57,1,23024
2010,6,,2,9,1.16,1.16,0,0,0,0,1,3,2,1,4,2,41,2,23096
2010,6,,2,8,1.17,1.17,0,0,0,0,2,1,2,1,4,2,10,1,23094
2010,6,,6,12,1.15,0,1.15,0,0,0,1,18,2,1,4,2,64,1,24043
2010,6,,2,15,0,0,0,0,0,0,1,1,2,1,4,1,21,2,24130
2010,6,,3,22,1.15,1.15,0,0,0,0,1,1,2,1,3,2,21,2,12030
2010,6,,3,20,1.15,1.15,0,0,0,0,1,18,2,1,6,2,58,1,12030
2010,6,,3,22,0,0,0,0,0,0,1,1,2,2,8,2,31,2,13011
2010,6,,4,10,1.28,0,1.28,0,0,0,1,22,2,1,5,1,71,1,13040
2010,6,,4,13,0,0,0,0,0,0,1,6,2,1,4,2,47,1,13036
2010,6,,3,23,0,0,0,0,0,0,1,1,2,3,5,1,29,2,21001
2010,6,,7,17,1.15,1.15,0,0,0,0,1,18,2,1,6,1,54,1,21009
2010,6,,5,17,0,0,0,0,0,0,1,2,2,1,5,1,63,1,21009
2010,6,,7,20,1.15,0,1.15,0,0,0,1,14,2,1,7,2,37,1,11008
2010,6,,4,14,0,0,0,0,0,0,1,1,2,1,4,1,17,1,11002
2010,6,,6,16,0,0,0,0,0,0,1,22,2,1,5,1,4,1,11002
2010,6,,3,12,0,0,0,0,0,0,1,18,2,1,2,1,80,1,11029
2010,6,,2,9,1.16,1.16,0,0,0,0,1,1,2,1,3,2,53,1,11016
2010,6,,5,11,1.21,1.21,0,0,0,0,1,15,2,1,2,2,31,1,11002
2010,6,,2,19,0,0,0,0,0,0,1,1,2,1,4,1,44,2,11002
2010,6,,3,11,1.26,1.26,0,0,0,0,1,16,2,1,,2,33,1,25121
2010,7,,2,17,0,0,0,0,0,0,1,1,2,1,2,1,46,1,11002
2010,7,,1,21,1.21,1.21,0,0,0,0,1,1,2,1,4,2,42,1,11002
2010,7,,5,9,1.15,1.15,0,0,0,0,1,1,2,1,3,2,25,2,11008
2010,7,,1,19,0,0,0,0,0,0,1,1,2,1,3,1,75,1,11002
2010,7,,5,17,0,0,0,0,0,0,1,1,2,1,3,1,35,2,31005
2010,7,,5,15,1.19,1.19,0,0,0,0,1,22,2,1,5,1,13,2,31005
2010,7,,6,14,1.17,1.17,0,0,0,0,1,18,2,1,4,1,58,1,21008
2010,7,,6,14,0,0,0,0,0,0,1,1,2,1,4,1,50,2,21008
2010,7,,2,20,1.15,1.15,0,0,0,0,1,1,2,1,3,1,40,1,21004
2010,7,,3,15,1.15,1.15,0,0,0,0,1,22,2,1,5,1,1,2,21004
2010,7,,3,6,1.11,1.11,0,0,0,0,1,1,2,1,7,2,20,1,13023
2010,7,,2,8,1.21,1.21,0,0,0,0,1,22,2,1,5,2,18,1,13035
2010,7,,7,16,0,0,0,0,0,0,1,1,2,1,3,2,23,1,13010
2010,7,,1,19,0,0,0,0,0,0,1,2,2,1,2,2,31,1,13008
2010,7,,5,23,0,0,0,0,0,0,1,1,2,3,4,2,43,1,12040
2010,7,,6,17,1.21,1.21,0,0,0,0,1,1,2,1,3,1,45,2,12025
2010,7,,2,12,0,0,0,0,0,0,1,1,2,1,3,2,68,2,25031
2010,7,,6,15,1.09,1.09,0,0,0,0,1,18,2,1,4,2,66,1,24107
2010,7,,4,7,1.11,1.11,0,0,0,0,1,1,2,1,7,1,23,2,25014
2010,7,,7,12,0,0,0,0,0,0,1,1,2,1,3,2,42,1,24135
2010,7,,4,9,1.33,1.33,0,0,0,0,1,1,2,1,4,1,51,2,24104
2010,7,,5,16,1.21,1.21,0,0,0,0,1,1,2,1,3,2,26,2,24062
2010,7,,1,17,1.19,0,1.19,0,0,0,1,15,2,1,2,2,19,1,24033
2010,7,,6,15,1.12,0,1.12,0,0,0,1,14,2,1,3,1,62,1,24020
2010,7,,6,13,1.12,1.12,0,0,0,0,1,15,2,1,4,1,66,2,24020
2010,7,,6,13,1.12,1.12,0,0,0,0,1,13,2,1,4,1,34,1,24020
2010,7,,3,10,1.05,1.05,0,0,0,0,1,18,2,1,2,1,15,1,23099
2010,7,,5,10,0,0,0,0,0,0,1,14,1,1,1,2,,1,23096
2010,7,,5,20,1.05,0,1.05,0,0,0,1,14,2,1,7,2,22,1,23032
2010,7,,4,9,1.14,1.14,0,0,0,0,1,1,2,1,4,2,50,2,72041
2010,7,,2,20,1.14,1.14,0,0,0,0,1,4,2,1,2,1,40,2,72041
2010,7,,5,18,1.08,0,1.08,0,0,0,1,18,2,1,4,2,77,2,72038
2010,7,,7,15,0,0,0,0,0,0,1,1,2,1,2,2,67,1,62122
2010,7,,5,21,1.07,1.07,0,0,0,0,2,1,2,1,4,2,30,2,41082
2010,7,,7,3,1.06,1.06,0,0,0,0,1,18,2,3,8,1,45,1,56086
2010,7,,6,11,1.14,0,1.14,0,0,0,1,18,2,1,,2,67,1,33041
2010,7,,7,14,0,0,0,0,0,0,1,4,2,1,3,2,40,1,93088
2010,7,,2,19,0,0,0,0,0,0,1,2,1,1,3,2,38,1,92035
2010,7,,1,0,0,0,0,0,0,0,1,9,2,3,3,2,29,1,91059
2010,7,,7,17,1.15,1.15,0,0,0,0,1,18,2,1,4,1,22,1,84043
2010,7,,7,6,0,0,0,0,0,0,1,1,2,1,5,1,26,1,81015
2010,7,,5,15,1.09,1.09,0,0,0,0,1,1,2,1,1,2,30,1,73022
2010,7,,4,0,1.09,1.09,0,0,0,0,1,18,2,3,4,2,21,2,71066
2010,7,,4,20,1.09,1.09,0,0,0,0,1,18,2,1,4,1,20,1,71022
2010,7,,6,15,1.14,1.14,0,0,0,0,1,1,2,1,3,2,63,1,71057
2010,7,,4,22,1.09,1.09,0,0,0,0,1,18,2,3,7,1,19,1,71011
2010,7,,6,19,1.17,1.17,0,0,0,0,2,14,2,1,6,1,36,2,63079
2010,7,,2,19,0,0,0,0,0,0,1,2,2,1,7,2,19,1,63038
2010,7,,4,14,1.09,1.09,0,0,0,0,2,1,2,1,4,1,,,62093
2010,7,,4,23,0,0,0,0,0,0,1,1,2,3,4,1,20,1,62003
2010,7,,4,13,1.07,1.07,0,0,0,0,1,1,2,1,7,2,28,2,55023
2010,7,,5,23,1.08,1.08,0,0,0,0,2,1,2,3,2,1,42,1,54007
2010,7,,1,14,1.15,1.15,0,0,0,0,1,18,2,1,4,1,15,1,53028
2010,7,,4,21,0,0,0,0,0,0,1,1,2,1,4,2,19,1,53053
2010,7,,1,19,1.08,1.08,0,0,0,0,1,1,2,1,2,1,26,1,52021
2010,7,,7,7,1.14,1.14,0,0,0,0,1,4,2,1,4,1,45,1,52011
2010,7,,3,19,2.32,1.16,1.16,0,0,0,2,2,2,1,2,1,18,1,52012
2010,7,,3,7,0,0,0,0,0,0,1,1,2,1,2,1,57,1,46025
2010,7,,6,12,0,0,0,0,0,0,1,,2,1,4,1,78,1,46025
2010,7,,1,14,0,0,0,0,0,0,1,2,2,1,4,1,46,1,46014
2010,7,,7,18,1.17,1.17,0,0,0,0,2,1,2,1,7,2,23,2,46013
2010,7,,1,17,0,0,0,0,0,0,1,1,2,1,4,2,65,1,44064
2010,7,,4,13,0,0,0,0,0,0,1,1,2,1,3,1,39,2,44021
2010,7,,5,11,1.1,1.1,0,0,0,0,1,1,2,1,7,2,34,2,43010
2010,7,,1,22,1.08,1.08,0,0,0,0,2,19,2,1,8,2,43,2,42025
2010,7,,6,15,0,0,0,0,0,0,1,1,2,1,2,2,23,1,42028
2010,7,,6,9,1.31,1.31,0,0,0,0,1,1,1,1,3,2,61,2,43007
2010,7,,1,14,1.06,1.06,0,0,0,0,1,18,2,1,4,1,71,1,41002
2010,7,,4,12,1.19,1.19,0,0,0,0,1,16,2,1,2,1,24,1,37015
2010,7,,7,12,1.22,1.22,0,0,0,0,1,1,2,1,1,2,61,2,38016
2010,7,,7,12,0,0,0,0,0,0,1,1,2,1,1,2,70,2,38016
2010,7,,2,20,0,0,0,0,0,0,1,2,2,1,4,2,29,1,37015
2010,7,,6,11,1.21,1.21,0,0,0,0,1,1,2,1,2,2,79,2,36015
2010,7,,4,13,1.21,1.21,0,0,0,0,1,18,2,1,4,1,44,1,36015
2010,7,,1,21,1.22,1.22,0,0,0,0,1,15,2,1,4,1,22,1,35013
2010,7,,6,9,0,0,0,0,0,0,1,1,2,2,4,1,50,1,34027
2010,7,,5,14,0,0,0,0,0,0,1,6,2,1,4,1,29,1,34023
2010,7,,2,22,1.15,1.15,0,0,0,0,1,18,2,1,6,1,12,1,32003
2010,7,,7,10,0,0,0,0,0,0,1,1,2,1,2,1,20,1,31040
2010,7,,4,14,1.13,0,1.13,0,0,0,1,16,2,1,8,1,44,2,31043
2010,8,,2,18,1.15,1.15,0,0,0,0,1,1,2,1,8,2,20,1,32003
2010,8,,6,0,1.17,1.17,0,0,0,0,1,1,2,3,3,2,23,1,34040
2010,8,,6,11,1.21,0,1.21,0,0,0,1,18,2,1,4,2,66,1,36015
2010,8,,2,16,0,0,0,0,0,0,1,1,1,1,3,2,21,1,41002
2010,8,,3,18,1.18,1.18,0,0,0,0,1,16,2,1,,1,24,1,43018
2010,8,,1,15,1.18,1.18,0,0,0,0,1,1,2,1,3,2,53,1,43018
2010,8,,6,18,1.31,1.31,0,0,0,0,1,18,2,1,2,1,5,1,43005
2010,8,,7,18,0,0,0,0,0,0,1,1,2,1,4,2,67,1,43007
2010,8,,6,0,1.17,0,1.17,0,0,0,1,14,2,3,8,1,25,1,44021
2010,8,,7,0,1,1,0,0,0,0,1,2,1,3,3,2,41,2,44043
2010,8,,1,15,1.15,1.15,0,0,0,0,1,1,2,1,3,2,31,1,45057
2010,8,,3,15,0,0,0,0,0,0,1,1,2,1,4,1,72,2,46003
2010,8,,1,12,1.25,1.25,0,0,0,0,1,15,2,1,2,1,38,1,46003
2010,8,,2,15,1.07,1.07,0,0,0,0,2,1,2,1,2,2,16,2,51004
2010,8,,2,19,1.14,1.14,0,0,0,0,2,1,2,1,3,1,20,2,52011
2010,8,,2,16,1.14,0,1.14,0,0,0,1,21,2,1,5,1,10,1,52011
2010,8,,4,13,0,0,0,0,0,0,1,1,2,1,5,1,,,52011
2010,8,,1,22,1.14,1.14,0,0,0,0,1,1,2,1,3,1,46,2,52011
2010,8,,7,4,1,1,0,0,0,0,2,1,1,3,7,1,25,1,52011
2010,8,,4,17,1.12,1.12,0,0,0,0,1,1,2,1,3,1,35,2,55022
2010,8,,3,11,1.17,1.17,0,0,0,0,1,13,2,1,3,1,43,1,63079
2010,8,,4,11,0,0,0,0,0,0,1,4,2,1,4,2,25,1,63067
2010,8,,6,4,0,0,0,0,0,0,1,1,1,3,3,2,33,1,64034
2010,8,,5,23,1.11,1.11,0,0,0,0,2,1,2,3,2,2,5,1,71016
2010,8,,6,18,1.11,1.11,0,0,0,0,1,1,2,1,3,2,28,2,71016
2010,8,,1,7,1.09,1.09,0,0,0,0,2,1,2,2,7,2,18,1,71022
2010,8,,2,12,1.04,1.04,0,0,0,0,1,18,2,1,4,2,69,1,72004
2010,8,,5,0,1.04,1.04,0,0,0,0,1,1,2,3,3,2,20,2,72018
2010,8,,2,18,1.09,1.09,0,0,0,0,1,4,2,1,7,2,49,1,73001
2010,8,,3,12,0,0,0,0,0,0,1,4,2,1,3,1,50,1,81004
2010,8,,6,2,1.03,0,1.03,0,0,0,1,18,2,3,7,1,22,1,91030
2010,8,,2,13,1.07,1.07,0,0,0,0,1,18,2,1,8,2,70,,84009
2010,8,,6,16,1.15,1.15,0,0,0,0,1,18,2,1,4,1,65,1,92035
2010,8,,7,22,1.12,1.12,0,0,0,0,1,1,2,3,7,1,47,2,92003
2010,8,,3,16,1,0,0,0,1,1,1,18,2,1,7,1,65,1,91034
2010,8,,4,17,1.08,0,1.08,0,0,0,2,16,2,1,2,1,38,2,72039
2010,8,,5,19,0,0,0,0,0,0,1,1,2,1,4,1,26,2,23025
2010,8,,2,10,1.29,1.29,0,0,0,0,1,2,2,1,4,1,44,1,23097
2010,8,,5,9,0,0,0,0,0,0,1,1,1,1,4,2,29,2,24062
2010,8,,7,7,1.09,0,1.09,0,0,0,1,1,2,,2,1,62,1,24107
2010,8,,1,21,1.15,1.15,0,0,0,0,2,1,2,2,4,2,30,2,24066
2010,8,,2,9,1.13,1.13,0,0,0,0,2,1,2,1,4,2,19,2,25112
2010,8,,1,18,0,0,0,0,0,0,1,1,2,1,4,2,29,2,25072
2010,8,,4,22,1,0,0,0,1,1,1,22,2,2,5,1,53,2,12025
2010,8,,4,15,1,0,0,0,1,1,1,22,2,1,5,1,78,1,12025
2010,8,,3,14,0,0,0,0,0,0,1,2,2,1,3,2,33,1,12030
2010,8,,4,8,1.15,1.15,0,0,0,0,1,24,2,1,4,1,35,1,12030
2010,8,,2,16,0,0,0,0,0,0,1,1,2,1,4,2,26,1,13019
2010,8,,5,10,0,0,0,0,0,0,1,1,2,1,3,1,68,1,13008
2010,8,,7,17,0,0,0,0,0,0,1,1,2,1,3,2,68,1,13049
2010,8,,2,18,0,0,0,0,0,0,1,1,2,1,3,1,27,1,21004
2010,8,,4,18,0,0,0,0,0,0,1,1,2,1,4,1,32,1,21001
2010,8,,5,15,0,0,0,0,0,0,1,1,2,1,4,1,,,21007
2010,8,,7,16,0,0,0,0,0,0,1,11,2,1,5,1,43,1,21004
2010,8,,5,20,0,0,0,0,0,0,1,6,2,1,3,1,48,1,21013
2010,8,,3,16,1.17,1.17,0,0,0,0,1,18,2,1,,1,16,1,21012
2010,8,,5,0,1.21,1.21,0,0,0,0,1,1,2,3,7,1,20,2,21016
2010,8,,7,20,1.21,1.21,0,0,0,0,1,1,2,1,7,1,26,1,21016
2010,8,,4,15,1.19,1.19,0,0,0,0,1,22,2,1,7,1,71,2,31005
2010,8,,1,15,1.19,1.19,0,0,0,0,1,18,2,1,4,1,66,1,31005
2010,8,,7,17,1.21,1.21,0,0,0,0,2,1,2,1,2,1,0,2,11002
2010,8,,2,16,0,0,0,0,0,0,1,1,2,1,2,1,33,1,11005
2010,8,,2,10,1.19,1.19,0,0,0,0,1,15,2,1,4,1,37,2,12009
2010,8,,7,21,1.21,1.21,0,0,0,0,1,1,2,1,2,1,23,1,11002
2010,8,,4,9,0,0,0,0,0,0,1,4,2,1,2,1,40,1,11002
2010,9,,2,10,1.21,1.21,0,0,0,0,1,18,2,1,4,1,52,1,11002
2010,9,,5,13,0,0,0,0,0,0,1,1,2,1,2,1,36,2,11002
2010,9,,7,7,0,0,0,0,0,0,1,1,2,2,4,1,41,1,11002
2010,9,,4,15,1.21,1.21,0,0,0,0,1,16,2,1,4,1,23,2,11002
2010,9,,2,17,0,0,0,0,0,0,1,2,2,1,3,1,30,1,11002
2010,9,,3,15,0,0,0,0,0,0,1,1,2,1,3,1,26,2,12025
2010,9,,4,9,1.26,1.26,0,0,0,0,2,1,2,1,2,2,21,2,11013
2010,9,,6,4,0,0,0,0,0,0,1,1,2,3,3,1,35,2,11008
2010,9,,4,17,1,0,1,0,0,0,2,2,1,1,3,2,,,11002
2010,9,,6,17,1.21,1.21,0,0,0,0,1,18,2,1,2,1,19,1,11002
2010,9,,3,9,1,0,1,0,0,0,2,2,1,1,3,2,,,11002
2010,9,,3,17,0,0,0,0,0,0,1,1,2,1,3,1,53,1,31005
2010,9,,5,3,1.44,1.44,0,0,0,0,2,1,2,3,2,1,24,2,21015
2010,9,,3,17,0,0,0,0,0,0,1,1,2,1,1,1,55,2,21015
2010,9,,4,23,0,0,0,0,0,0,1,1,2,3,4,1,38,1,21014
2010,9,,6,12,1.17,1.17,0,0,0,0,1,1,2,1,3,1,27,2,21008
2010,9,,7,8,1.15,1.15,0,0,0,0,1,1,2,2,3,1,28,1,21004
2010,9,,5,0,1.15,1.15,0,0,0,0,2,1,2,3,4,1,24,2,21004
2010,9,,6,18,0,0,0,0,0,0,1,1,2,1,4,2,39,2,13044
2010,9,,7,19,0,0,0,0,0,0,1,1,2,1,4,2,40,1,13023
2010,9,,4,16,1.28,1.28,0,0,0,0,1,18,2,1,4,1,13,2,13040
2010,9,,4,16,1.28,0,1.28,0,0,0,1,18,2,1,3,2,61,1,13004
2010,9,,2,20,1.21,1.21,0,0,0,0,1,4,2,2,2,2,20,1,12025
2010,9,,4,12,0,0,0,0,0,0,1,1,2,1,2,2,40,2,24066
2010,9,,5,4,1.11,1.11,0,0,0,0,1,1,2,3,7,1,30,1,24009
2010,9,,1,22,0,0,0,0,0,0,1,1,2,3,2,1,70,1,92138
2010,9,,1,9,0,0,0,0,0,0,1,1,2,1,4,1,23,1,23016
2010,9,,1,19,1.12,1.12,0,0,0,0,1,14,2,1,4,1,49,1,11057
2010,9,,5,11,1.04,1.04,0,0,0,0,1,18,2,1,4,1,87,2,72040
2010,9,,2,8,0,0,0,0,0,0,1,1,1,1,7,2,41,1,71070
2010,9,,3,23,1.15,1.15,0,0,0,0,1,1,2,3,7,1,28,1,53082
2010,9,,5,15,1.03,0,1.03,0,0,0,1,1,2,1,7,2,57,1,91120
2010,9,,4,14,1.16,1.16,0,0,0,0,1,2,2,1,3,2,49,1,91013
2010,9,,6,7,1.16,1.16,0,0,0,0,2,1,2,4,8,2,18,1,91013
2010,9,,4,20,1.07,1.07,0,0,0,0,1,1,2,2,2,2,36,2,83034
2010,9,,2,18,0,0,0,0,0,0,1,2,2,1,4,2,60,1,73083
2010,9,,4,13,1.11,1.11,0,0,0,0,1,18,2,1,4,1,61,1,71016
2010,9,,1,17,1.11,1.11,0,0,0,0,1,1,2,1,3,1,25,2,71016
2010,9,,6,11,1.14,0,1.14,0,0,0,1,22,2,1,5,2,52,1,71004
2010,9,,4,18,0,0,0,0,0,0,1,2,2,1,4,2,50,1,63038
2010,9,,1,23,1.17,1.17,0,0,0,0,1,1,2,3,2,1,57,1,63020
2010,9,,1,18,1.13,1.13,0,0,0,0,1,22,2,1,5,1,5,1,62063
2010,9,,7,8,1.14,1.14,0,0,0,0,1,1,2,2,7,1,24,1,62009
2010,9,,5,23,1.12,1.12,0,0,0,0,2,2,2,3,2,1,52,2,61003
2010,9,,3,10,0,0,0,0,0,0,1,2,2,1,4,1,35,1,52021
2010,9,,3,16,1.16,1.16,0,0,0,0,2,1,2,1,4,1,51,2,52018
2010,9,,3,23,0,0,0,0,0,0,1,2,2,3,4,1,39,1,52011
2010,9,,6,22,1.16,1.16,0,0,0,0,1,15,2,3,2,1,40,1,52012
2010,9,,2,7,0,0,0,0,0,0,1,4,2,2,4,2,27,1,46025
2010,9,,3,23,1.18,1.18,0,0,0,0,1,2,2,3,2,2,38,2,46014
2010,9,,1,17,0,0,0,0,0,0,1,1,2,1,4,1,73,1,46021
2010,9,,1,16,0,0,0,0,0,0,1,15,2,1,5,2,17,1,46003
2010,9,,7,13,1.25,1.25,0,0,0,0,1,18,2,1,2,2,47,1,46003
2010,9,,2,12,1,1,0,0,0,0,1,1,1,1,4,2,62,2,44040
2010,9,,5,16,0,0,0,0,0,0,1,1,2,1,4,1,84,2,44021
2010,9,,1,17,0,0,0,0,0,0,1,1,2,1,4,1,30,2,44021
2010,9,,7,14,1,1,0,0,0,0,1,1,2,1,2,2,31,2,44019
2010,9,,3,19,1.15,1.15,0,0,0,0,1,1,2,1,7,1,29,2,44013
2010,9,,1,23,1.13,1.13,0,0,0,0,1,18,2,3,4,2,82,1,44001
2010,9,,5,17,1.14,1.14,0,0,0,0,1,18,2,1,4,1,13,2,42011
2010,9,,1,9,0,0,0,0,0,0,1,24,2,1,,1,,,42006
2010,9,,3,16,0,0,0,0,0,0,1,6,2,1,5,1,50,1,37018
2010,9,,5,16,1.19,1.19,0,0,0,0,2,1,2,1,4,2,64,2,37018
2010,9,,7,20,1.19,0,1.19,0,0,0,1,18,2,1,6,1,54,1,36011
2010,9,,2,6,1.21,1.21,0,0,0,0,1,13,2,3,4,1,18,1,36015
2010,9,,3,17,1.21,1.21,0,0,0,0,1,18,2,1,4,1,32,2,36015
2010,9,,3,22,1.08,1.08,0,0,0,0,1,1,2,3,7,2,18,1,35006
2010,9,,2,13,0,0,0,0,0,0,1,1,2,1,3,2,59,2,34040
2010,9,,1,23,1.13,1.13,0,0,0,0,1,1,2,3,3,2,46,1,34013
2010,9,,1,19,1.13,1.13,0,0,0,0,1,1,2,1,4,1,38,2,34013
2010,9,,2,11,1.15,1.15,0,0,0,0,1,18,2,1,4,1,53,1,32003
2010,9,,5,20,0,0,0,0,0,0,1,1,2,1,2,1,54,2,34002
2010,9,,5,15,0,0,0,0,0,0,1,1,2,1,4,2,51,1,33037
2010,9,,6,11,0,0,0,0,0,0,1,1,1,1,3,2,40,1,33011
2010,9,,1,10,0,0,0,0,0,0,1,1,2,1,8,2,39,2,31006
2010,9,,2,12,1.13,1.13,0,0,0,0,1,18,2,1,4,1,75,2,31043
2010,10,,5,18,1.08,1.08,0,0,0,0,1,1,2,2,3,2,49,1,31033
2010,10,,6,1,1.13,0,1.13,0,0,0,2,16,2,3,2,2,19,1,31006
2010,10,,5,18,1.08,1.08,0,0,0,0,2,1,2,2,3,2,26,1,31033
2010,10,,3,11,0,0,0,0,0,0,1,10,2,1,4,1,27,2,35013
2010,10,,4,7,1.19,1.19,0,0,0,0,1,4,2,3,4,2,19,1,36011
2010,10,,2,12,1.21,0,1.21,0,0,0,1,22,2,1,5,1,18,1,36015
2010,10,,7,21,1.15,1.15,0,0,0,0,1,4,2,4,3,2,41,1,38025
2010,10,,6,10,1.06,1.06,0,0,0,0,1,14,2,1,4,1,46,1,41002
2010,10,,7,5,1.13,1.13,0,0,0,0,2,1,2,4,7,2,16,1,44001
2010,10,,6,18,0,0,0,0,0,0,1,1,2,1,3,1,33,1,44021
2010,10,,2,9,1.1,1.1,0,0,0,0,1,16,2,1,4,1,16,1,44019
2010,10,,7,18,1.21,0,1.21,0,0,0,1,22,2,1,5,1,5,1,44011
2010,10,,6,19,1.17,1.17,0,0,0,0,1,18,2,3,4,1,24,2,44021
2010,10,,2,8,1.17,1.17,0,0,0,0,1,1,2,2,1,2,53,1,44021
2010,10,,2,13,1.17,1.17,0,0,0,0,2,1,2,1,3,1,50,2,44021
2010,10,,5,9,0,0,0,0,0,0,1,1,2,1,4,1,37,1,44021
2010,10,,6,11,0,0,0,0,0,0,1,1,2,1,4,2,41,1,44021
2010,10,,6,1,1.15,1.15,0,0,0,0,1,1,2,3,3,2,20,1,44040
2010,10,,3,16,1.15,0,1.15,0,0,0,1,14,2,1,4,1,23,1,44052
2010,10,,7,1,0,0,0,0,0,0,1,1,2,3,7,1,28,2,44029
2010,10,,5,13,1.17,1.17,0,0,0,0,1,15,2,1,2,1,16,1,44021
2010,10,,4,17,1,1,0,0,0,0,1,7,2,1,1,2,39,1,46003
2010,10,,4,7,0,0,0,0,0,0,1,1,2,3,3,1,48,1,46021
2010,10,,6,0,1,0,0,0,1,1,2,1,2,3,7,1,23,1,52011
2010,10,,3,12,0,0,0,0,0,0,1,2,2,1,4,1,73,2,55004
2010,10,,4,16,1.14,1.14,0,0,0,0,1,1,2,1,4,1,52,1,62051
2010,10,,2,22,1.13,1.13,0,0,0,0,1,22,2,3,5,1,32,2,62063
2010,10,,5,0,1,1,0,0,0,0,2,1,2,3,7,2,23,1,62096
2010,10,,7,2,1.07,1.07,0,0,0,0,1,4,2,3,2,1,28,1,63012
2010,10,,5,23,0,0,0,0,0,0,1,1,2,3,3,2,79,1,71022
2010,10,,7,18,1.09,1.09,0,0,0,0,1,1,2,1,3,1,47,1,71022
2010,10,,7,9,1.09,1.09,0,0,0,0,1,1,2,1,4,2,47,2,71022
2010,10,,2,23,1.11,1.11,0,0,0,0,1,18,2,3,2,2,55,1,71016
2010,10,,5,17,1.09,1.09,0,0,0,0,1,18,2,1,4,1,26,2,71022
2010,10,,2,19,1,1,0,0,0,0,1,1,1,1,3,2,23,2,71022
2010,10,,2,17,1.15,0,1.15,0,0,0,1,1,2,1,4,2,69,2,71053
2010,10,,5,10,0,0,0,0,0,0,1,1,2,1,4,2,65,1,71034
2010,10,,2,18,0,0,0,0,0,0,1,1,2,1,2,2,72,1,82036
2010,10,,7,19,1.11,1.11,0,0,0,0,2,1,2,3,7,1,19,2,91034
2010,10,,1,19,1.14,1.14,0,0,0,0,1,1,2,1,2,2,46,2,93014
2010,10,,5,20,1.01,1.01,0,0,0,0,2,1,2,4,7,2,30,1,93056
2010,10,,1,11,1.15,1.15,0,0,0,0,1,1,2,1,4,1,25,1,53082
2010,10,,2,9,1.13,1.13,0,0,0,0,1,1,2,1,7,2,21,2,57094
2010,10,,5,13,0,0,0,0,0,0,1,4,2,1,3,2,34,1,51065
2010,10,,1,21,1.19,1.19,0,0,0,0,1,1,2,3,2,2,24,2,37020
2010,10,,3,12,1.08,1.08,0,0,0,0,1,1,2,1,2,2,31,2,72038
2010,10,,3,12,0,0,0,0,0,0,1,1,2,1,2,2,72,1,72038
2010,10,,1,17,1.08,1.08,0,0,0,0,1,2,2,1,2,2,44,1,72039
2010,10,,5,8,1.18,1.18,0,0,0,0,1,13,2,2,3,1,47,1,23003
2010,10,,6,10,1.18,1.18,0,0,0,0,1,1,2,1,3,2,43,1,23003
2010,10,,2,17,0,0,0,0,0,0,1,1,2,1,4,1,57,1,23027
2010,10,,5,17,0,0,0,0,0,0,1,1,1,1,3,2,56,1,23094
2010,10,,5,13,1.24,1.24,0,0,0,0,1,14,2,1,3,1,19,1,23088
2010,10,,5,18,0,0,0,0,0,0,1,6,2,1,,1,27,1,25023
2010,10,,4,22,0,0,0,0,0,0,1,1,1,3,6,2,59,2,25044