year,month,monthDay,weekDay,hour,numVictims,numSlightlyInjured,numSeverelyInjured,numMortallyInjured,numDiedWithin24Hours,numDiedWithin30Days,victimType,roadUserType,roadType,lightConditions,collisionType,areaType,age,sex,municipality
2010,10,,5,14,0,0,0,0,0,0,1,1,2,1,4,1,73,1,25110
2010,10,,3,8,1.07,1.07,0,0,0,0,1,16,2,2,2,1,59,2,25031
2010,10,,6,18,0,0,0,0,0,0,1,1,2,1,4,1,65,1,13004
2010,10,,5,17,1.15,1.15,0,0,0,0,1,22,2,1,5,1,28,1,21004
2010,10,,3,18,1.15,1.15,0,0,0,0,1,14,2,1,4,1,59,1,21004
2010,10,,7,16,0,0,0,0,0,0,1,1,2,1,2,1,37,2,21005
2010,10,,5,13,0,0,0,0,0,0,1,10,2,1,2,1,44,1,21004
2010,10,,4,11,0,0,0,0,0,0,1,1,2,1,5,1,61,1,21004
2010,10,,1,8,0,0,0,0,0,0,1,1,2,1,3,1,48,1,21004
2010,10,,5,20,1.17,1.17,0,0,0,0,1,22,2,3,5,1,0,1,21011
2010,10,,4,13,0,0,0,0,0,0,1,6,2,1,4,1,35,1,21018
2010,10,,4,14,1.21,1.21,0,0,0,0,1,18,2,1,4,1,17,1,11002
2010,10,,4,16,1.21,1.21,0,0,0,0,2,2,2,1,3,1,8,2,11002
2010,10,,2,22,1.26,1.26,0,0,0,0,1,16,2,3,4,2,17,1,11013
2010,10,,5,21,1.19,1.19,0,0,0,0,1,15,2,3,4,1,18,2,11044
2010,10,,3,12,1,0,1,0,0,0,1,7,1,1,7,2,40,1,11053
2010,10,,6,2,1.14,1.14,0,0,0,0,1,1,2,3,4,2,30,1,12021
2010,10,,1,16,1.14,1.14,0,0,0,0,2,2,2,1,7,2,42,2,12021
2010,10,,5,15,1.19,1.19,0,0,0,0,1,18,2,1,3,2,62,1,12009
2010,10,,6,18,1.1,1.1,0,0,0,0,2,1,2,1,3,2,15,2,12014
2010,10,,1,17,0,0,0,0,0,0,1,16,2,1,4,2,16,1,12005
2010,10,,5,12,1.21,1.21,0,0,0,0,1,1,2,1,4,1,32,2,11002
2010,10,,2,17,0,0,0,0,0,0,1,1,2,1,3,1,30,1,11002
2010,10,,7,18,1.21,1.21,0,0,0,0,1,1,2,1,3,1,30,1,11002
2010,10,,7,6,1.21,1.21,0,0,0,0,2,1,2,3,3,1,24,1,11002
2010,10,,2,15,0,0,0,0,0,0,1,1,1,1,3,2,70,1,11002
2010,10,,2,19,0,0,0,0,0,0,1,1,2,1,4,1,39,2,11002
2010,10,,3,17,0,0,0,0,0,0,1,1,1,1,7,2,37,1,11002
2010,11,,3,13,0,0,0,0,0,0,1,3,2,1,4,1,66,1,11002
2010,11,,5,19,1.21,1.21,0,0,0,0,1,18,2,3,4,1,31,2,12025
2010,11,,2,16,0,0,0,0,0,0,1,2,2,1,7,2,34,2,12005
2010,11,,3,11,0,0,0,0,0,0,1,1,2,1,3,1,22,1,11002
2010,11,,2,6,0,0,0,0,0,0,1,1,2,3,7,1,41,1,21015
2010,11,,4,22,1.21,1.21,0,0,0,0,1,2,2,3,6,1,28,1,21018
2010,11,,1,9,2.3,2.3,0,0,0,0,2,12,2,1,4,1,17,1,21009
2010,11,,5,23,0,0,0,0,0,0,1,1,2,3,5,1,75,1,21004
2010,11,,2,8,0,0,0,0,0,0,1,1,2,1,3,1,38,1,21007
2010,11,,5,14,1.15,1.15,0,0,0,0,1,22,2,1,5,1,27,1,21001
2010,11,,2,15,1.28,1.28,0,0,0,0,1,1,2,1,3,1,46,1,13040
2010,11,,5,20,1.28,1.28,0,0,0,0,2,1,2,3,3,1,10,2,13019
2010,11,,2,21,1.28,1.28,0,0,0,0,1,16,2,4,,1,16,2,13017
2010,11,,1,1,1.21,1.21,0,0,0,0,1,1,2,3,7,1,48,2,12025
2010,11,,5,10,1.15,1.15,0,0,0,0,1,18,2,1,4,1,30,2,12030
2010,11,,2,18,1.21,1.21,0,0,0,0,2,1,2,4,3,2,6,1,12025
2010,11,,5,22,1.08,1.08,0,0,0,0,1,1,2,3,4,1,26,1,25117
2010,11,,6,18,0,0,0,0,0,0,1,1,2,3,5,1,84,1,24107
2010,11,,2,19,1.08,1.08,0,0,0,0,1,22,2,2,5,1,31,2,24059
2010,11,,2,16,0,0,0,0,0,0,1,1,1,1,3,2,22,1,23094
2010,11,,6,15,0,0,0,0,0,0,1,1,2,1,1,1,32,1,23088
2010,11,,2,9,1.14,1.14,0,0,0,0,2,10,2,1,4,2,11,2,72041
2010,11,,1,9,0,0,0,0,0,0,1,1,2,1,4,2,62,1,51065
2010,11,,5,6,1.19,1.19,0,0,0,0,1,1,2,3,7,2,28,1,37020
2010,11,,3,9,1.07,1.07,0,0,0,0,2,4,2,1,3,2,35,1,93022
2010,11,,5,17,1.09,0,1.09,0,0,0,1,1,2,1,2,2,23,1,73098
2010,11,,2,18,1.05,1.05,0,0,0,0,1,22,2,3,5,1,18,1,81001
2010,11,,2,16,1.11,1.11,0,0,0,0,1,1,2,1,2,2,19,1,71016
2010,11,,1,22,0,0,0,0,0,0,1,1,2,3,3,1,35,1,62093
2010,11,,2,19,1.1,1.1,0,0,0,0,1,1,2,3,2,1,18,1,62099
2010,11,,1,0,0,0,0,0,0,0,1,1,2,3,3,1,27,1,62063
2010,11,,5,19,1,1,0,0,0,0,1,1,1,3,3,2,21,2,62011
2010,11,,1,17,1.07,1.07,0,0,0,0,1,1,2,1,2,1,23,1,57081
2010,11,,1,1,1.1,1.1,0,0,0,0,2,2,2,3,7,2,34,2,55040
2010,11,,2,7,1.1,0,1.1,0,0,0,1,1,2,3,7,2,49,2,55004
2010,11,,5,0,0,0,0,0,0,0,1,2,2,3,4,1,19,1,53014
2010,11,,4,13,1.08,1.08,0,0,0,0,1,1,2,1,3,2,55,2,53053
2010,11,,4,16,0,0,0,0,0,0,1,1,2,1,1,2,40,2,52025
2010,11,,2,1,1.14,1.14,0,0,0,0,1,1,2,3,3,1,21,1,52011
2010,11,,3,7,1.13,1.13,0,0,0,0,1,14,2,2,2,1,50,1,51008
2010,11,,2,9,0,0,0,0,0,0,1,1,2,1,,1,,,44021
2010,11,,1,18,1.17,1.17,0,0,0,0,1,2,2,3,3,1,50,2,44021
2010,11,,6,17,1.1,1.1,0,0,0,0,1,1,2,3,3,1,23,2,44019
2010,11,,5,17,1.21,1.21,0,0,0,0,1,1,2,3,4,1,26,1,44011
2010,11,,2,19,1.1,1.1,0,0,0,0,2,1,2,3,3,2,1,1,43010
2010,11,,5,17,0,0,0,0,0,0,1,1,2,1,4,2,33,2,42006
2010,11,,3,23,1.19,1.19,0,0,0,0,1,1,2,3,7,2,51,1,37012
2010,11,,4,21,0,0,0,0,0,0,1,1,2,3,3,1,19,1,36015
2010,11,,1,3,0,0,0,0,0,0,1,1,2,3,3,1,31,1,34022
2010,11,,7,14,1,1,0,0,0,0,1,1,2,1,3,2,79,2,34023
2010,11,,7,15,0,0,0,0,0,0,1,1,2,1,4,1,22,2,34022
2010,11,,3,14,1.13,1.13,0,0,0,0,1,16,2,1,2,1,47,1,31043
2010,11,,5,12,1.13,1.13,0,0,0,0,2,1,2,1,3,2,49,1,31043
2010,11,,4,8,0,0,0,0,0,0,1,1,2,2,4,2,55,2,31043
2010,12,,1,7,0,0,0,0,0,0,1,1,1,3,3,2,21,2,34040
2010,12,,1,12,1.22,1.22,0,0,0,0,1,2,2,1,3,2,46,2,38014
2010,12,,6,9,1.22,1.22,0,0,0,0,1,1,2,2,7,2,28,1,38016
2010,12,,3,16,0,0,0,0,0,0,1,10,2,1,3,2,56,1,41048
2010,12,,1,19,0,0,0,0,0,0,1,1,2,4,5,1,55,2,42025
2010,12,,4,11,1.17,1.17,0,0,0,0,2,1,2,1,3,1,24,2,44021
2010,12,,5,11,1.17,1.17,0,0,0,0,1,18,2,1,4,1,21,2,44021
2010,12,,6,2,1.17,1.17,0,0,0,0,1,16,2,3,8,1,19,1,44021
2010,12,,1,11,0,0,0,0,0,0,1,11,2,1,5,1,35,1,44021
2010,12,,3,11,0,0,0,0,0,0,1,1,2,1,4,1,57,1,45035
2010,12,,4,18,1.11,1.11,0,0,0,0,1,1,2,4,4,2,28,1,51012
2010,12,,3,11,1,1,0,0,0,0,1,1,2,1,7,2,35,1,52018
2010,12,,3,9,1.14,1.14,0,0,0,0,1,1,2,1,8,1,36,1,52011
2010,12,,7,12,0,0,0,0,0,0,1,1,2,1,5,1,43,1,52011
2010,12,,6,18,1,1,0,0,0,0,2,1,1,3,7,2,56,2,53053
2010,12,,7,6,0,0,0,0,0,0,1,1,1,3,4,2,,,53053
2010,12,,6,19,0,0,0,0,0,0,1,1,2,1,4,1,19,2,56011
2010,12,,5,13,1.1,1.1,0,0,0,0,2,1,2,1,2,1,46,1,56011
2010,12,,3,18,1.1,1.1,0,0,0,0,2,1,2,3,,1,7,1,56011
2010,12,,5,18,1.12,1.12,0,0,0,0,1,1,2,3,2,1,51,2,61068
2010,12,,5,7,1.13,1.13,0,0,0,0,1,22,2,3,5,1,27,2,62063
2010,12,,1,11,1.11,1.11,0,0,0,0,1,16,2,1,8,2,50,2,62079
2010,12,,1,17,0,0,0,0,0,0,1,7,2,3,4,2,65,1,71011
2010,12,,1,8,1.11,1.11,0,0,0,0,1,1,2,3,3,2,31,1,71016
2010,12,,1,9,0,0,0,0,0,0,1,1,2,2,4,1,27,2,71057
2010,12,,2,9,1,1,0,0,0,0,1,6,1,1,8,2,35,1,82014
2010,12,,3,17,1.07,1.07,0,0,0,0,2,1,2,1,,1,31,2,83034
2010,12,,3,10,1.07,1.07,0,0,0,0,1,,2,1,8,1,55,1,83012
2010,12,,6,6,1.14,1.14,0,0,0,0,1,1,2,3,7,1,24,1,92094
2010,12,,3,4,1,1,0,0,0,0,1,1,2,3,7,2,29,1,92048
2010,12,,1,12,1.1,1.1,0,0,0,0,1,16,2,1,4,1,77,1,35029
2010,12,,7,2,0,0,0,0,0,0,1,1,2,3,2,2,27,1,92114
2010,12,,5,20,1.08,1.08,0,0,0,0,1,1,2,3,4,1,30,1,56085
2010,12,,2,10,0,0,0,0,0,0,1,1,2,1,3,1,44,2,23023
2010,12,,2,19,1.12,1.12,0,0,0,0,1,1,2,3,2,1,36,1,24020
2010,12,,7,17,0,0,0,0,0,0,1,1,1,3,3,2,47,1,23105
2010,12,,4,12,1.21,1.21,0,0,0,0,1,18,2,1,3,1,61,1,24062
2010,12,,5,18,1.21,1.21,0,0,0,0,1,22,2,2,5,1,7,2,24062
2010,12,,7,21,1.14,1.14,0,0,0,0,2,1,2,3,3,2,4,2,24109
2010,12,,2,17,1.08,1.08,0,0,0,0,2,2,2,4,2,2,15,2,25107
2010,12,,2,22,0,0,0,0,0,0,1,4,2,3,,1,24,1,12026
2010,12,,1,8,1.28,1.28,0,0,0,0,1,1,2,2,8,2,30,1,13040
2010,12,,3,15,0,0,0,0,0,0,1,1,2,1,3,1,30,1,21004
2010,12,,6,14,0,0,0,0,0,0,1,1,2,1,3,1,49,1,21011
2010,12,,4,11,0,0,0,0,0,0,1,1,2,1,4,1,30,1,21015
2010,12,,4,6,1,1,0,0,0,0,1,1,1,3,7,2,36,1,11035
2010,12,,6,11,0,0,0,0,0,0,1,1,2,1,7,1,73,2,11029
2010,12,,1,6,0,0,0,0,0,0,1,1,2,1,2,1,36,1,11009
2010,12,,1,2,1.26,1.26,0,0,0,0,1,1,2,3,2,1,21,1,11013
2010,12,,2,14,0,0,0,0,0,0,1,6,2,1,4,1,36,1,11002
2010,12,,7,21,0,0,0,0,0,0,1,1,2,3,3,1,43,1,11002
2010,12,,2,9,0,0,0,0,0,0,1,1,2,1,5,1,35,2,25123
2011,1,,3,10,1.23,1.23,0,0,0,0,1,18,2,1,2,1,57,2,11002
2011,1,,3,11,1.23,1.23,0,0,0,0,1,16,2,1,4,1,52,2,11002
2011,1,,3,20,1.09,1.09,0,0,0,0,2,1,2,3,4,2,17,1,12014
2011,1,,7,13,0,0,0,0,0,0,1,1,1,1,3,2,33,1,11040
2011,1,,3,17,0,0,0,0,0,0,1,1,2,1,,1,56,1,11050
2011,1,,3,15,0,0,0,0,0,0,1,1,2,1,5,1,,,11002
2011,1,,2,18,1.21,1.21,0,0,0,0,1,2,2,3,3,2,22,2,31005
2011,1,,1,16,0,0,0,0,0,0,1,1,2,1,4,1,31,2,21019
2011,1,,2,10,0,0,0,0,0,0,1,1,2,1,5,1,42,2,21009
2011,1,,7,7,1.15,1.15,0,0,0,0,1,1,2,3,8,1,45,1,21009
2011,1,,2,15,0,0,0,0,0,0,1,1,2,1,3,1,59,2,21004
2011,1,,2,11,1.15,1.15,0,0,0,0,1,22,2,1,4,1,48,1,21004
2011,1,,1,16,0,0,0,0,0,0,1,1,2,1,5,1,47,2,21004
2011,1,,5,10,0,0,0,0,0,0,1,22,2,1,5,1,29,1,21004
2011,1,,1,15,0,0,0,0,0,0,1,7,2,1,3,2,46,1,13049
2011,1,,1,9,1.12,1.12,0,0,0,0,1,1,2,1,2,2,23,2,13049
2011,1,,4,20,1,0,1,0,0,0,2,1,1,4,3,2,,,13010
2011,1,,6,15,1.24,1.24,0,0,0,0,1,18,2,1,3,1,80,2,12025
2011,1,,5,19,1.12,1.12,0,0,0,0,1,18,2,3,4,1,12,2,25014
2011,1,,3,16,1.12,1.12,0,0,0,0,1,1,2,1,2,1,32,2,25014
2011,1,,5,19,1.08,1.08,0,0,0,0,1,1,2,3,8,2,21,1,24054
2011,1,,5,17,1,1,0,0,0,0,1,4,1,4,3,2,30,1,24009
2011,1,,4,21,0,0,0,0,0,0,1,1,2,3,3,1,83,1,23094
2011,1,,2,18,1.07,1.07,0,0,0,0,1,22,2,3,5,2,68,2,23016
2011,1,,3,12,0,0,0,0,0,0,1,1,2,1,7,1,64,2,84077
2011,1,,3,13,0,0,0,0,0,0,1,1,2,1,3,2,43,1,35029
2011,1,,4,17,0,0,0,0,0,0,1,1,2,1,2,1,56,1,61081
2011,1,,5,10,1.11,1.11,0,0,0,0,1,1,2,1,4,2,28,1,52074
2011,1,,1,13,1.12,1.12,0,0,0,0,1,1,2,1,7,2,43,1,33040
2011,1,,2,15,1.07,1.07,0,0,0,0,2,4,2,1,3,1,30,1,91034
2011,1,,2,8,1.07,1.07,0,0,0,0,1,2,2,4,2,2,28,2,91103
2011,1,,6,3,1.09,1.09,0,0,0,0,1,1,2,3,7,2,31,2,72021
2011,1,,5,0,1.14,1.14,0,0,0,0,1,1,2,3,3,1,21,1,71022
2011,1,,3,17,0,0,0,0,0,0,1,1,2,2,4,2,64,1,71053
2011,1,,2,6,1.06,1.06,0,0,0,0,1,1,2,3,7,1,28,1,62096
2011,1,,2,14,1.2,1.2,0,0,0,0,1,1,2,1,4,1,44,1,62063
2011,1,,6,2,0,0,0,0,0,0,1,1,2,3,3,1,25,1,62063
2011,1,,5,21,0,0,0,0,0,0,1,1,2,3,7,1,,,57064
2011,1,,7,16,1.16,1.16,0,0,0,0,1,1,2,1,4,1,25,1,55022
2011,1,,2,0,0,0,0,0,0,0,1,1,2,3,2,1,31,1,53065
2011,1,,1,19,0,0,0,0,0,0,1,2,2,4,3,2,42,1,53046
2011,1,,6,22,1.07,1.07,0,0,0,0,2,1,2,4,7,1,12,2,52055
2011,1,,1,17,1.13,1.13,0,0,0,0,1,22,2,1,5,1,10,2,52015
2011,1,,5,22,0,0,0,0,0,0,1,1,2,3,4,1,22,1,52010
2011,1,,3,8,0,0,0,0,0,0,1,4,2,2,4,2,75,1,46003
2011,1,,1,8,1.22,1.22,0,0,0,0,1,16,2,3,8,1,50,2,44081
2011,1,,3,17,1.2,1.2,0,0,0,0,1,16,2,2,4,1,16,1,44049
2011,1,,1,20,0,0,0,0,0,0,1,1,2,3,4,1,21,1,44021
2011,1,,2,16,0,0,0,0,0,0,1,4,2,1,4,1,40,1,44021
2011,1,,6,22,1.16,1.16,0,0,0,0,2,1,2,3,3,2,25,1,44021
2011,1,,2,9,1.22,1.22,0,0,0,0,1,1,2,1,4,2,84,2,44011
2011,1,,7,19,1.13,1.13,0,0,0,0,2,1,2,3,7,2,52,1,44001
2011,1,,1,14,0,0,0,0,0,0,1,1,2,1,4,1,59,1,43005
2011,1,,3,16,1.1,1.1,0,0,0,0,1,1,2,1,3,2,26,1,43018
2011,1,,7,15,1.16,1.16,0,0,0,0,1,1,2,1,2,2,57,2,43014
2011,1,,1,16,0,0,0,0,0,0,1,1,2,1,3,2,60,1,43010
2011,1,,7,6,1,0,0,0,1,1,1,1,2,3,7,2,21,1,42010
2011,1,,3,8,1.12,1.12,0,0,0,0,1,15,2,3,4,1,21,2,41048
2011,1,,6,4,1.1,1.1,0,0,0,0,2,1,2,3,7,2,18,1,41002
2011,1,,5,0,1.12,1.12,0,0,0,0,1,1,2,3,3,1,53,1,37015
2011,1,,7,4,1.12,1.12,0,0,0,0,1,1,2,3,7,1,16,1,38008
2011,1,,5,8,1.2,1.2,0,0,0,0,1,18,2,3,4,2,52,2,36006
2011,1,,3,13,0,0,0,0,0,0,1,1,2,1,4,1,45,1,35013
2011,1,,3,20,1.12,1.12,0,0,0,0,2,1,2,3,4,2,16,2,33011
2011,1,,7,13,1.12,1.12,0,0,0,0,1,15,2,1,4,2,16,1,31033
2011,1,,1,10,1.11,1.11,0,0,0,0,1,15,2,1,8,1,27,2,31022
2011,2,,7,18,1.12,1.12,0,0,0,0,2,1,2,1,4,2,38,2,33021
2011,2,,7,3,1.12,1.12,0,0,0,0,1,1,2,3,4,1,22,2,33011
2011,2,,2,19,0,0,0,0,0,0,1,1,2,3,4,1,51,2,33011
2011,2,,3,17,0,0,0,0,0,0,1,1,2,1,2,2,33,2,33011
2011,2,,4,15,0,0,0,0,0,0,1,7,1,1,4,2,52,1,34022
2011,2,,6,20,0,0,0,0,0,0,1,1,2,3,3,2,43,2,34022
2011,2,,1,14,1.17,1.17,0,0,0,0,1,2,2,1,4,1,44,2,34022
2011,2,,5,19,1.12,1.12,0,0,0,0,1,15,2,3,2,1,26,2,36007
2011,2,,7,5,0,0,0,0,0,0,1,1,2,3,4,1,32,1,36015
2011,2,,6,2,1.1,1.1,0,0,0,0,2,1,2,3,4,1,19,1,41002
2011,2,,6,18,0,0,0,0,0,0,1,1,2,2,,1,,,41002
2011,2,,2,8,1.12,1.12,0,0,0,0,1,22,2,3,5,1,18,2,38016
2011,2,,5,19,1.22,1.22,0,0,0,0,1,1,2,3,7,1,22,2,42011
2011,2,,4,6,1.16,1.16,0,0,0,0,1,1,2,3,4,1,64,1,44021
2011,2,,7,22,1.1,1.1,0,0,0,0,1,4,2,3,7,2,25,1,44034
2011,2,,3,20,1.16,1.16,0,0,0,0,1,18,2,3,4,1,23,1,44043
2011,2,,4,9,0,0,0,0,0,0,1,1,2,2,3,2,34,1,45017
2011,2,,7,22,0,0,0,0,0,0,1,1,2,3,2,1,18,1,52011
2011,2,,6,13,0,0,0,0,0,0,1,1,2,1,4,1,88,1,52011
2011,2,,7,13,1.13,1.13,0,0,0,0,1,2,2,1,8,2,39,2,52015
2011,2,,3,21,1.08,1.08,0,0,0,0,1,2,2,3,8,1,29,2,53065
2011,2,,7,17,1.11,1.11,0,0,0,0,1,1,2,1,4,1,46,1,55040
2011,2,,4,12,0,0,0,0,0,0,1,1,2,1,4,1,62,2,62009
2011,2,,6,22,0,0,0,0,0,0,1,1,2,3,5,1,61,1,62063
2011,2,,2,15,1.2,1.2,0,0,0,0,1,1,2,1,4,1,18,1,62063
2011,2,,5,11,0,0,0,0,0,0,1,6,2,1,3,2,43,1,62096
2011,2,,1,8,1.05,1.05,0,0,0,0,1,1,2,1,3,1,33,1,63061
2011,2,,6,20,0,0,0,0,0,0,1,1,2,3,6,2,53,2,71002
2011,2,,2,18,1.12,1.12,0,0,0,0,1,1,2,1,6,1,25,2,64074
2011,2,,6,18,0,0,0,0,0,0,1,1,2,1,4,2,39,1,71004
2011,2,,5,8,0,0,0,0,0,0,1,1,2,4,2,1,52,1,71034
2011,2,,2,9,1.09,1.09,0,0,0,0,1,1,2,1,4,2,19,1,72021
2011,2,,2,22,1,1,0,0,0,0,1,7,1,3,7,2,57,1,91141
2011,2,,5,14,0,0,0,0,0,0,1,2,2,1,5,1,21,2,91034
2011,2,,2,20,0,0,0,0,0,0,1,6,2,3,3,2,36,1,93056
2011,2,,5,17,1.12,0,1.12,0,0,0,1,21,2,2,5,2,67,2,72037
2011,2,,2,19,0,0,0,0,0,0,1,2,1,3,3,2,33,1,23025
2011,2,,4,10,0,0,0,0,0,0,1,1,2,1,4,2,35,1,23025
2011,2,,2,17,1.21,1.21,0,0,0,0,1,1,2,1,4,1,73,2,23027
2011,2,,7,9,0,0,0,0,0,0,1,1,2,1,2,1,79,1,23094
2011,2,,7,9,1.18,1.18,0,0,0,0,1,22,2,1,5,2,63,1,23100
2011,2,,7,16,0,0,0,0,0,0,1,1,2,1,3,1,50,1,24020
2011,2,,1,16,0,0,0,0,0,0,1,4,2,1,3,2,57,1,24008
2011,2,,4,19,1.1,1.1,0,0,0,0,1,1,2,3,4,1,31,2,24107
2011,2,,4,15,1.12,1.12,0,0,0,0,1,15,2,1,,1,19,1,25112
2011,2,,6,7,1.22,0,1.22,0,0,0,2,1,2,3,3,1,33,1,25105
2011,2,,1,16,1.12,1.12,0,0,0,0,1,18,2,1,4,2,83,2,13003
2011,2,,1,19,0,0,0,0,0,0,1,1,2,3,4,2,44,1,13008
2011,2,,2,9,1.15,0,1.15,0,0,0,1,1,2,1,3,2,40,2,13036
2011,2,,2,12,1.15,1.15,0,0,0,0,1,16,2,1,4,1,53,1,13035
2011,2,,2,15,1.19,1.19,0,0,0,0,1,22,2,1,5,1,85,1,21001
2011,2,,1,21,1,0,1,0,0,0,2,1,1,3,7,2,,,21001
2011,2,,3,15,1.15,1.15,0,0,0,0,1,22,2,1,5,1,24,1,21004
2011,2,,4,10,0,0,0,0,0,0,1,1,2,1,5,1,59,1,21004
2011,2,,2,8,1.11,1.11,0,0,0,0,1,18,2,3,4,1,18,1,31003
2011,2,,3,23,0,0,0,0,0,0,1,1,2,3,4,2,23,1,31005
2011,2,,4,17,1.21,1.21,0,0,0,0,1,15,2,1,4,1,41,2,31005
2011,2,,3,17,0,0,0,0,0,0,1,2,2,1,4,1,41,2,31005
2011,2,,7,8,0,0,0,0,0,0,1,1,2,3,2,1,22,1,11002
2011,2,,7,23,0,0,0,0,0,0,1,4,2,3,4,1,22,1,11002
2011,2,,3,18,1.22,1.22,0,0,0,0,1,4,2,1,4,2,65,1,11009
2011,2,,2,10,0,0,0,0,0,0,1,1,2,1,4,1,76,1,11040
2011,2,,7,1,0,0,0,0,0,0,1,1,2,3,3,1,35,1,11002
2011,2,,5,20,0,0,0,0,0,0,1,7,1,3,4,2,34,1,11002
2011,2,,2,16,0,0,0,0,0,0,1,1,2,1,5,1,43,2,11002
2011,2,,4,12,1,0,1,0,0,0,1,7,1,1,7,2,50,1,11002
2011,2,,6,5,1.23,1.23,0,0,0,0,1,22,2,3,5,1,48,1,11002
2011,3,,6,5,1.37,1.37,0,0,0,0,2,2,2,3,8,1,19,1,25121
2011,3,,5,9,1.23,1.23,0,0,0,0,1,18,2,1,2,1,43,1,11002
2011,3,,2,17,0,0,0,0,0,0,1,1,2,1,4,2,50,2,11001
2011,3,,7,19,1.23,1.23,0,0,0,0,1,1,2,1,3,1,26,1,11002
2011,3,,3,15,0,0,0,0,0,0,1,1,2,1,5,1,24,1,11002
2011,3,,5,20,1,1,0,0,0,0,2,1,1,3,4,2,32,2,11002
2011,3,,3,14,0,0,0,0,0,0,1,1,2,1,5,1,31,2,11002
2011,3,,6,5,0,0,0,0,0,0,1,1,2,3,7,1,26,1,12014
2011,3,,7,16,1.09,1.09,0,0,0,0,2,1,2,1,4,2,86,2,12014
2011,3,,4,7,1.2,1.2,0,0,0,0,1,16,2,2,4,2,46,1,11024
2011,3,,5,17,0,0,0,0,0,0,1,6,2,1,3,2,60,1,11023
2011,3,,7,21,1.29,1.29,0,0,0,0,1,18,2,3,4,1,51,1,11005
2011,3,,1,15,0,0,0,0,0,0,1,1,2,1,5,1,21,1,11002
2011,3,,6,12,0,0,0,0,0,0,1,16,2,1,4,1,65,1,31004
2011,3,,3,18,1.14,0,1.14,0,0,0,1,22,2,1,5,1,77,2,21019
2011,3,,1,21,0,0,0,0,0,0,1,1,2,4,5,1,31,2,21016
2011,3,,5,11,1.17,1.17,0,0,0,0,1,1,2,1,2,1,27,1,21012
2011,3,,7,0,0,0,0,0,0,0,1,1,2,3,5,1,,,21004
2011,3,,1,16,1.22,1.22,0,0,0,0,1,4,2,1,3,1,29,1,21002
2011,3,,4,20,1.12,1.12,0,0,0,0,1,1,2,3,3,1,40,2,13049
2011,3,,4,7,0,0,0,0,0,0,1,1,2,2,4,2,26,1,13044
2011,3,,3,12,1.27,1.27,0,0,0,0,1,1,2,1,3,2,62,1,13040
2011,3,,5,20,1.23,1.23,0,0,0,0,1,1,2,3,3,1,32,1,13014
2011,3,,5,10,0,0,0,0,0,0,1,2,2,1,4,1,44,2,25119
2011,3,,2,7,0,0,0,0,0,0,1,14,1,1,3,2,37,1,24094
2011,3,,6,10,1.19,1.19,0,0,0,0,1,18,2,1,4,1,39,1,24062
2011,3,,1,10,1.13,1.13,0,0,0,0,2,1,2,1,3,1,24,2,24059
2011,3,,2,13,1.19,1.19,0,0,0,0,1,18,2,1,4,1,22,1,24062
2011,3,,4,7,1.12,1.12,0,0,0,0,1,1,2,1,2,2,23,1,23086
2011,3,,3,17,0,0,0,0,0,0,1,1,2,1,4,1,43,2,23052
2011,3,,3,20,0,0,0,0,0,0,1,1,2,3,4,1,23,1,23027
2011,3,,1,9,1.13,1.13,0,0,0,0,1,15,2,1,2,1,16,1,93090
2011,3,,4,18,1.1,1.1,0,0,0,0,2,1,2,1,4,1,55,2,84077
2011,3,,3,12,1.07,1.07,0,0,0,0,1,1,2,1,3,2,47,1,71070
2011,3,,5,16,1.07,1.07,0,0,0,0,1,1,2,1,4,2,29,1,91005
2011,3,,7,12,0,0,0,0,0,0,1,1,2,1,4,2,39,1,72021
2011,3,,4,18,0,0,0,0,0,0,1,1,2,1,3,2,55,1,73006
2011,3,,6,7,1.11,1.11,0,0,0,0,1,1,2,1,7,2,27,1,72030
2011,3,,2,20,1.06,1.06,0,0,0,0,2,1,2,3,3,2,69,2,71024
2011,3,,4,15,1.06,1.06,0,0,0,0,2,1,2,1,4,1,81,1,71020
2011,3,,3,17,0,0,0,0,0,0,1,1,2,1,4,2,49,1,71016
2011,3,,3,21,1.13,1.13,0,0,0,0,1,17,2,4,7,1,21,1,63020
2011,3,,6,2,1.2,1.2,0,0,0,0,2,1,2,3,4,1,0,,62063
2011,3,,1,19,1.08,1.08,0,0,0,0,1,1,2,4,8,2,46,2,61003
2011,3,,6,19,1.12,1.12,0,0,0,0,1,1,2,3,4,2,33,2,61031
2011,3,,2,7,0,0,0,0,0,0,1,1,2,1,4,1,41,1,56051
2011,3,,4,11,1.11,1.11,0,0,0,0,1,15,2,1,4,2,75,2,57081
2011,3,,5,17,1.16,1.16,0,0,0,0,2,1,2,1,4,1,28,2,55022
2011,3,,1,1,1.08,1.08,0,0,0,0,1,2,2,3,4,1,25,1,53065
2011,3,,7,7,1,1,0,0,0,0,1,2,2,4,7,2,39,2,52063
2011,3,,2,13,1.1,1.1,0,0,0,0,2,1,2,1,4,1,22,2,52011