year,month,monthDay,weekDay,hour,numVictims,numSlightlyInjured,numSeverelyInjured,numMortallyInjured,numDiedWithin24Hours,numDiedWithin30Days,victimType,roadUserType,roadType,lightConditions,collisionType,areaType,age,sex,municipality
2011,3,,2,23,0,0,0,0,0,0,1,7,2,3,3,2,44,1,46025
2011,3,,6,11,1.12,1.12,0,0,0,0,1,18,2,1,4,1,42,1,46024
2011,3,,5,16,1.19,0,1.19,0,0,0,1,18,2,1,2,1,61,1,46013
2011,3,,5,11,0,0,0,0,0,0,1,1,2,1,4,2,54,1,45017
2011,3,,3,1,1,1,0,0,0,0,2,1,1,4,3,2,17,1,45017
2011,3,,1,18,0,0,0,0,0,0,1,1,2,1,3,2,36,2,44034
2011,3,,4,11,1.16,1.16,0,0,0,0,1,1,2,1,4,2,75,1,44040
2011,3,,2,7,1.1,1.1,0,0,0,0,1,1,2,1,4,2,20,1,44045
2011,3,,2,19,1,0,0,0,1,1,1,18,2,1,4,2,52,1,44019
2011,3,,1,18,1.16,1.16,0,0,0,0,1,1,2,1,4,2,56,2,43005
2011,3,,4,17,1.26,1.26,0,0,0,0,1,1,2,1,4,2,60,1,42006
2011,3,,5,19,1.14,1.14,0,0,0,0,1,1,2,3,2,2,43,1,41024
2011,3,,6,11,0,0,0,0,0,0,1,1,2,1,5,2,76,1,35014
2011,3,,6,15,0,0,0,0,0,0,1,1,2,1,4,1,20,2,36015
2011,3,,7,14,1,1,0,0,0,0,1,5,1,1,7,2,46,1,35013
2011,3,,2,20,1.17,1.17,0,0,0,0,1,18,2,3,4,1,58,2,34022
2011,3,,3,17,0,0,0,0,0,0,1,1,2,1,1,1,20,1,34027
2011,3,,1,15,1.14,0,1.14,0,0,0,1,2,2,1,4,2,53,2,34027
2011,3,,7,13,1.2,1.2,0,0,0,0,1,1,2,1,2,2,18,2,34013
2011,3,,7,17,1.12,1.12,0,0,0,0,1,18,2,1,4,2,14,1,33037
2011,3,,4,9,1.12,1.12,0,0,0,0,1,2,2,1,2,1,29,1,33029
2011,3,,1,10,1,0,1,0,0,0,1,2,1,1,3,2,48,1,31012
2011,3,,4,11,0,0,0,0,0,0,1,6,2,1,3,2,53,1,31033
2011,4,,7,20,0,0,0,0,0,0,1,1,2,1,4,1,49,2,31043
2011,4,,6,1,1,0,1,0,0,0,2,1,2,3,7,2,39,2,34003
2011,4,,6,11,1.17,1.17,0,0,0,0,1,18,2,1,3,1,73,1,34022
2011,4,,6,15,1.12,1.12,0,0,0,0,1,14,2,1,4,1,61,1,35006
2011,4,,4,13,0,0,0,0,0,0,1,1,2,1,4,1,28,1,35013
2011,4,,1,7,1.14,1.14,0,0,0,0,1,16,2,,4,1,17,1,35002
2011,4,,5,23,0,0,0,0,0,0,1,11,2,3,5,1,47,1,35011
2011,4,,4,20,1.14,1.14,0,0,0,0,2,1,2,1,4,1,24,2,35002
2011,4,,7,8,1.23,1.23,0,0,0,0,1,1,2,2,8,2,20,1,35011
2011,4,,1,20,0,0,0,0,0,0,1,4,2,1,4,2,28,1,36015
2011,4,,7,1,1.17,1.17,0,0,0,0,1,1,2,3,8,2,19,2,41018
2011,4,,1,16,1,0,1,0,0,0,2,,1,1,3,2,,,42025
2011,4,,5,14,1.13,1.13,0,0,0,0,1,2,2,1,3,2,47,1,44001
2011,4,,2,18,0,0,0,0,0,0,1,3,2,1,,1,21,2,44021
2011,4,,2,15,0,0,0,0,0,0,1,1,2,1,4,1,70,1,44021
2011,4,,4,15,0,0,0,0,0,0,1,1,2,1,4,2,64,1,44021
2011,4,,1,8,1.16,1.16,0,0,0,0,1,1,2,1,3,1,42,1,44021
2011,4,,6,11,1,0,1,0,0,0,2,2,1,1,1,2,,,44049
2011,4,,7,1,0,0,0,0,0,0,1,1,2,3,6,2,52,1,44036
2011,4,,5,18,1.19,1.19,0,0,0,0,1,18,2,1,4,1,53,1,46013
2011,4,,6,14,0,0,0,0,0,0,1,1,2,1,4,2,39,2,45060
2011,4,,4,9,0,0,0,0,0,0,1,1,2,1,4,2,31,1,45059
2011,4,,3,20,1.22,1.22,0,0,0,0,1,22,2,1,5,1,7,1,46021
2011,4,,6,15,0,0,0,0,0,0,1,1,2,1,5,1,33,2,46020
2011,4,,2,9,1.19,1.19,0,0,0,0,1,1,2,1,3,2,41,1,46025
2011,4,,1,16,1.1,0,1.1,0,0,0,1,22,2,1,5,1,13,1,52011
2011,4,,5,23,1.06,0,1.06,0,0,0,2,15,2,3,2,1,16,1,53020
2011,4,,5,14,0,0,0,0,0,0,1,1,2,1,4,1,62,1,55022
2011,4,,4,12,0,0,0,0,0,0,1,1,2,1,4,1,30,1,55022
2011,4,,4,14,0,0,0,0,0,0,1,1,2,1,5,1,47,2,57081
2011,4,,7,6,1,1,0,0,0,0,2,1,1,4,3,2,22,1,57027
2011,4,,3,18,1.2,1.2,0,0,0,0,1,22,2,1,5,1,48,2,62063
2011,4,,2,16,0,0,0,0,0,0,1,1,2,1,3,1,33,1,62063
2011,4,,3,0,1.22,1.22,0,0,0,0,2,1,2,3,2,1,18,2,62118
2011,4,,3,0,1.22,1.22,0,0,0,0,2,1,2,3,2,1,14,1,62118
2011,4,,5,22,0,0,0,0,0,0,1,1,2,3,4,1,,,62096
2011,4,,6,14,1.15,1.15,0,0,0,0,1,2,2,1,4,1,63,1,62079
2011,4,,5,12,1.06,1.06,0,0,0,0,2,1,2,1,4,1,29,2,62096
2011,4,,5,0,0,0,0,0,0,0,1,1,2,3,4,1,40,2,62096
2011,4,,6,14,0,0,0,0,0,0,1,1,2,1,4,1,48,2,62096
2011,4,,6,21,0,0,0,0,0,0,1,24,2,3,2,1,,,62063
2011,4,,6,17,1.14,1.14,0,0,0,0,1,18,2,1,8,2,42,,63073
2011,4,,6,17,1.11,1.11,0,0,0,0,1,1,2,1,2,2,19,1,63067
2011,4,,2,8,1.06,1.06,0,0,0,0,2,1,2,1,2,1,13,2,64015
2011,4,,4,16,1.13,1.13,0,0,0,0,1,1,2,1,4,2,42,1,71016
2011,4,,7,3,1.13,1.13,0,0,0,0,1,1,2,3,7,2,21,1,71067
2011,4,,7,15,1.15,1.15,0,0,0,0,1,1,2,1,3,2,39,2,71053
2011,4,,5,21,0,0,0,0,0,0,1,1,2,3,5,1,33,1,73006
2011,4,,1,19,0,0,0,0,0,0,1,1,2,1,4,1,60,1,72020
2011,4,,6,20,1.12,1.12,0,0,0,0,1,18,2,2,7,1,63,1,73042
2011,4,,1,14,0,0,0,0,0,0,1,1,2,1,3,1,36,2,85011
2011,4,,5,3,0,0,0,0,0,0,1,2,2,3,1,1,48,1,92094
2011,4,,5,2,1,0,1,0,0,0,2,4,1,3,7,2,,,92035
2011,4,,6,11,0,0,0,0,0,0,1,2,2,1,5,1,63,2,92114
2011,4,,7,3,1,0,0,0,1,1,1,14,2,3,7,1,20,1,53084
2011,4,,1,10,1.12,1.12,0,0,0,0,1,14,2,1,7,2,56,1,51065
2011,4,,2,6,1,1,0,0,0,0,1,1,1,4,3,2,20,1,71070
2011,4,,7,16,1.11,1.11,0,0,0,0,1,14,2,1,8,2,40,1,63087
2011,4,,2,19,1.02,0,1.02,0,0,0,1,15,2,1,8,1,47,1,92140
2011,4,,1,19,1.22,1.22,0,0,0,0,1,1,2,1,3,1,23,2,11057
2011,4,,5,15,1,1,0,0,0,0,2,1,1,1,3,2,2,2,92141
2011,4,,1,23,0,0,0,0,0,0,1,2,2,3,3,1,34,1,92137
2011,4,,7,5,1.12,1.12,0,0,0,0,1,1,2,3,7,2,19,1,23062
2011,4,,3,13,1.18,1.18,0,0,0,0,1,1,2,1,2,2,56,2,23052
2011,4,,4,10,1.22,0,1.22,0,0,0,1,22,2,1,5,2,26,2,23088
2011,4,,4,10,0,0,0,0,0,0,1,1,2,1,5,1,30,1,23077
2011,4,,3,12,1.19,1.19,0,0,0,0,1,18,2,1,4,1,47,2,24062
2011,4,,5,1,1.12,1.12,0,0,0,0,1,1,2,4,8,1,27,1,25014
2011,4,,1,7,0,0,0,0,0,0,1,7,2,4,3,2,42,1,24107
2011,4,,4,16,0,0,0,0,0,0,1,1,2,1,2,1,80,1,25091
2011,4,,4,13,1.12,1.12,0,0,0,0,1,1,2,1,6,2,27,1,25112
2011,4,,5,18,0,0,0,0,0,0,1,1,2,1,2,2,77,1,12026
2011,4,,2,11,0,0,0,0,0,0,1,1,1,1,3,2,25,1,13010
2011,4,,6,13,1.12,1.12,0,0,0,0,1,2,2,1,4,1,25,2,13013
2011,4,,5,18,1.12,1.12,0,0,0,0,1,1,2,1,4,2,42,2,13025
2011,4,,4,20,0,0,0,0,0,0,1,1,2,1,3,1,31,1,21004
2011,4,,3,17,1.19,1.19,0,0,0,0,1,18,2,1,4,1,24,2,21001
2011,4,,4,19,0,0,0,0,0,0,1,6,2,1,3,1,30,1,21001
2011,4,,3,19,0,0,0,0,0,0,1,1,2,1,5,1,26,1,21004
2011,4,,2,12,1.15,1.15,0,0,0,0,1,1,2,1,4,1,45,1,21004
2011,4,,4,17,1.14,1.14,0,0,0,0,1,13,2,1,4,1,45,1,21005
2011,4,,2,22,1.15,1.15,0,0,0,0,1,14,2,1,3,1,22,1,21004
2011,4,,5,18,1.17,1.17,0,0,0,0,1,22,2,1,5,1,14,1,21012
2011,4,,7,6,1.15,1.15,0,0,0,0,1,1,2,3,4,1,20,1,21009
2011,4,,2,14,1.22,1.22,0,0,0,0,1,18,2,1,2,1,36,1,21016
2011,4,,6,0,1.22,1.22,0,0,0,0,1,1,2,3,4,2,22,1,11055
2011,4,,6,17,0,0,0,0,0,0,1,2,2,1,2,1,60,1,11037
2011,4,,1,3,0,0,0,0,0,0,1,1,2,3,3,1,42,1,11002
2011,4,,2,6,1,0,1,0,0,0,1,14,2,3,4,2,46,1,11002
2011,4,,2,17,1.23,1.23,0,0,0,0,2,15,2,1,4,1,46,2,11002
2011,4,,2,14,1.23,1.23,0,0,0,0,1,4,2,1,4,1,39,2,11002
2011,4,,4,16,0,0,0,0,0,0,1,7,1,1,4,2,41,1,11002
2011,4,,6,23,0,0,0,0,0,0,1,1,1,3,7,2,42,1,11002
2011,5,,2,18,0,0,0,0,0,0,1,1,2,1,4,1,38,2,11002
2011,5,,5,18,1.23,0,1.23,0,0,0,1,13,2,1,4,2,36,1,11002
2011,5,,2,10,1.23,1.23,0,0,0,0,1,2,2,1,4,1,35,2,11002
2011,5,,2,15,1.23,1.23,0,0,0,0,2,1,2,1,3,1,34,1,11002
2011,5,,3,16,1.2,1.2,0,0,0,0,1,16,2,1,4,1,17,2,11001
2011,5,,5,23,1.24,1.24,0,0,0,0,1,1,2,3,3,2,32,1,12025
2011,5,,2,18,0,0,0,0,0,0,1,1,2,1,4,2,53,1,11040
2011,5,,2,17,1.21,1.21,0,0,0,0,1,1,2,1,3,1,31,2,11053
2011,5,,1,8,1,1,0,0,0,0,1,1,2,1,4,2,33,1,11009
2011,5,,1,18,0,0,0,0,0,0,1,22,2,1,5,1,,,11002
2011,5,,1,19,1.23,1.23,0,0,0,0,1,18,2,1,4,1,21,2,11002
2011,5,,5,18,1.21,1.21,0,0,0,0,1,16,2,1,4,1,16,1,31005
2011,5,,3,17,1.21,1.21,0,0,0,0,1,16,2,1,4,1,24,1,31005
2011,5,,5,19,1.19,1.19,0,0,0,0,1,16,2,1,4,1,33,1,21007
2011,5,,2,16,0,0,0,0,0,0,1,1,2,1,4,1,50,1,21004
2011,5,,3,9,1.15,1.15,0,0,0,0,1,14,2,1,3,1,35,1,21004
2011,5,,2,22,0,0,0,0,0,0,1,1,2,3,4,1,30,1,21004
2011,5,,6,17,1.23,1.23,0,0,0,0,1,1,2,1,4,2,20,1,13023
2011,5,,3,11,1,1,0,0,0,0,1,1,1,1,1,2,35,1,13040
2011,5,,4,10,1.12,0,1.12,0,0,0,1,18,2,1,2,1,62,2,13025
2011,5,,4,20,0,0,0,0,0,0,1,1,2,1,4,2,25,1,13011
2011,5,,7,16,1.25,1.25,0,0,0,0,1,1,2,1,3,2,57,2,13012
2011,5,,4,21,0,0,0,0,0,0,1,9,2,1,3,2,47,1,13011
2011,5,,7,13,0,0,0,0,0,0,1,2,2,1,4,1,39,1,13003
2011,5,,2,21,0,0,0,0,0,0,1,1,2,1,3,1,40,1,12040
2011,5,,4,21,1.12,1.12,0,0,0,0,1,14,2,1,4,1,46,2,25112
2011,5,,3,13,1.12,1.12,0,0,0,0,1,1,2,1,3,1,52,2,25107
2011,5,,4,18,1.1,1.1,0,0,0,0,1,1,2,1,8,2,46,2,24107
2011,5,,5,8,1.08,1.08,0,0,0,0,1,1,2,1,3,2,32,2,24008
2011,5,,4,18,1.17,1.17,0,0,0,0,1,24,2,1,4,2,24,1,23094
2011,5,,3,19,1,1,0,0,0,0,1,1,1,1,1,2,29,1,23088
2011,5,,7,20,1,1,0,0,0,0,2,1,1,1,3,2,50,2,23027
2011,5,,3,13,0,0,0,0,0,0,1,18,2,1,3,2,11,1,72041
2011,5,,4,12,1.12,1.12,0,0,0,0,1,1,2,1,3,1,63,2,54010
2011,5,,3,18,0,0,0,0,0,0,1,1,2,1,1,2,33,1,71070
2011,5,,7,16,1.13,1.13,0,0,0,0,1,14,2,1,7,2,31,1,62122
2011,5,,6,2,2.16,2.16,0,0,0,0,2,1,2,4,8,2,19,1,93022
2011,5,,6,0,1.12,1.12,0,0,0,0,1,1,2,3,2,2,42,1,81004
2011,5,,6,16,1.12,1.12,0,0,0,0,1,16,2,1,7,1,14,1,73107
2011,5,,3,14,1.06,1.06,0,0,0,0,2,15,2,1,4,1,16,1,72018
2011,5,,7,10,1.18,0,1.18,0,0,0,1,1,2,1,2,2,33,2,72020
2011,5,,5,11,0,0,0,0,0,0,1,4,1,1,4,2,63,1,71066
2011,5,,1,15,0,0,0,0,0,0,1,4,2,1,4,1,38,1,71016
2011,5,,5,18,0,0,0,0,0,0,1,2,2,1,3,2,26,1,71016
2011,5,,4,17,1.14,1.14,0,0,0,0,1,1,2,1,4,2,43,1,71011
2011,5,,1,16,0,0,0,0,0,0,1,6,2,1,5,2,20,1,64021
2011,5,,4,16,1.13,1.13,0,0,0,0,2,3,2,1,4,2,3,2,71004
2011,5,,1,13,0,0,0,0,0,0,1,1,2,1,4,2,25,2,63076
2011,5,,6,19,1,1,0,0,0,0,1,1,1,1,8,2,29,2,63035
2011,5,,6,19,1.09,1.09,0,0,0,0,1,1,2,1,4,2,48,2,63035
2011,5,,7,11,1.13,0,1.13,0,0,0,1,1,2,1,8,2,31,1,63058
2011,5,,7,6,1.06,1.06,0,0,0,0,1,22,2,2,5,1,22,1,62096
2011,5,,5,16,0,0,0,0,0,0,1,1,2,1,4,1,46,1,62108
2011,5,,2,18,1.17,1.17,0,0,0,0,2,1,2,1,4,1,12,2,62051
2011,5,,7,19,0,0,0,0,0,0,1,1,2,1,4,1,32,1,62063
2011,5,,3,22,0,0,0,0,0,0,1,1,2,1,3,1,28,1,62003
2011,5,,4,22,1.19,1.19,0,0,0,0,1,1,2,3,4,1,20,1,62038
2011,5,,4,21,1.11,0,1.11,0,0,0,1,2,2,1,2,2,50,1,55004
2011,5,,7,23,0,0,0,0,0,0,1,1,2,2,4,1,24,1,52011
2011,5,,4,18,0,0,0,0,0,0,1,1,2,1,4,1,18,1,52011
2011,5,,2,13,0,0,0,0,0,0,1,1,2,1,4,1,,,52011
2011,5,,6,20,1.22,1.22,0,0,0,0,2,1,2,1,2,1,19,1,44081
2011,5,,7,19,0,0,0,0,0,0,1,1,2,1,,2,41,1,45017
2011,5,,5,9,1,0,1,0,0,0,1,1,1,1,3,2,56,1,46003
2011,5,,1,9,1.16,1.16,0,0,0,0,1,14,2,1,4,1,47,1,44021
2011,5,,2,19,0,0,0,0,0,0,1,1,2,1,4,1,62,1,44021
2011,5,,3,9,0,0,0,0,0,0,1,1,2,1,3,1,44,1,42028
2011,5,,6,12,0,0,0,0,0,0,1,2,2,1,,1,47,2,42025
2011,5,,2,15,1.16,1.16,0,0,0,0,1,15,2,1,4,1,18,1,43005
2011,5,,5,15,1.12,1.12,0,0,0,0,1,18,2,1,4,2,23,2,38008
2011,5,,5,19,1.14,1.14,0,0,0,0,1,18,2,1,3,1,25,1,36010
2011,5,,6,14,1.2,1.2,0,0,0,0,1,1,2,1,2,1,23,2,34009
2011,5,,4,19,0,0,0,0,0,0,1,6,2,1,2,2,41,1,32010
2011,5,,5,12,0,0,0,0,0,0,1,1,2,1,4,1,22,1,31043
2011,6,,7,11,1.11,1.11,0,0,0,0,2,1,2,1,3,2,72,2,31040
2011,6,,2,8,1.11,1.11,0,0,0,0,1,18,2,2,4,2,16,2,31022
2011,6,,2,1,1.12,1.12,0,0,0,0,1,15,2,4,4,2,33,1,33011
2011,6,,6,22,1.17,1.17,0,0,0,0,2,1,2,1,2,2,21,1,34040
2011,6,,1,17,1.19,1.19,0,0,0,0,1,18,2,1,4,1,72,2,35013
2011,6,,1,19,0,0,0,0,0,0,1,1,2,1,7,2,20,1,37015
2011,6,,1,15,1.1,1.1,0,0,0,0,1,1,2,1,4,2,49,2,43010
2011,6,,1,19,1.16,1.16,0,0,0,0,1,15,2,1,3,1,25,2,43005
2011,6,,7,10,0,0,0,0,0,0,1,1,2,1,4,1,45,2,44021
2011,6,,5,15,0,0,0,0,0,0,1,1,2,1,2,1,54,1,44064
2011,6,,2,16,0,0,0,0,0,0,1,15,2,1,5,1,,,44021
2011,6,,7,21,1,0,1,0,0,0,1,4,1,1,7,2,27,1,46003
2011,6,,5,16,1.12,0,1.12,0,0,0,1,18,2,1,3,1,65,2,46020
2011,6,,5,15,1.11,1.11,0,0,0,0,1,15,2,1,7,1,25,1,51009
2011,6,,4,19,0,0,0,0,0,0,1,1,2,1,3,1,64,1,51009
2011,6,,4,21,1.08,1.08,0,0,0,0,1,2,2,1,2,2,27,1,51004
2011,6,,6,8,0,0,0,0,0,0,1,2,2,1,3,2,29,1,46025
2011,6,,2,16,0,0,0,0,0,0,1,1,2,1,5,1,60,1,52015
2011,6,,3,18,0,0,0,0,0,0,1,1,2,1,5,1,32,2,52011
2011,6,,1,9,1,1,0,0,0,0,1,1,1,1,7,2,35,2,52055
2011,6,,6,13,1.13,1.13,0,0,0,0,1,1,2,1,7,2,22,2,57027
2011,6,,4,6,0,0,0,0,0,0,1,1,2,1,4,1,24,1,57081
2011,6,,7,9,1,0,1,0,0,0,1,2,1,1,3,2,29,1,62063
2011,6,,2,17,0,0,0,0,0,0,1,2,1,1,3,2,41,1,62063
2011,6,,3,21,1.22,1.22,0,0,0,0,1,1,2,2,7,1,44,1,62118
2011,6,,2,18,1.15,1.15,0,0,0,0,1,13,2,1,4,1,18,1,62108
2011,6,,3,19,0,0,0,0,0,0,1,1,2,1,2,1,62,1,62108
2011,6,,1,9,0,0,0,0,0,0,1,2,2,1,3,2,62,1,62100
2011,6,,6,3,1.14,1.14,0,0,0,0,1,1,2,4,7,2,20,1,63045
2011,6,,5,14,0,0,0,0,0,0,1,2,2,1,3,1,33,1,63049
2011,6,,4,16,0,0,0,0,0,0,1,22,2,1,5,1,8,1,71004
2011,6,,5,13,1.14,1.14,0,0,0,0,1,16,2,1,4,2,59,1,71022
2011,6,,4,17,1.14,1.14,0,0,0,0,1,18,2,1,4,2,44,1,71066
2011,6,,3,15,1.15,1.15,0,0,0,0,2,1,2,1,3,2,66,1,71053
2011,6,,7,18,0,0,0,0,0,0,1,1,2,1,3,2,21,1,71022
2011,6,,5,1,0,0,0,0,0,0,1,4,2,3,3,1,56,1,73107
2011,6,,5,1,0,0,0,0,0,0,1,1,2,3,3,1,29,1,73107
2011,6,,6,18,1.04,0,1.04,0,0,0,1,14,2,1,2,1,40,1,92003
2011,6,,5,9,1.07,1.07,0,0,0,0,1,1,2,1,7,2,66,1,91072
2011,6,,1,23,0,0,0,0,0,0,1,1,2,3,8,2,,,92094
2011,6,,4,18,0,0,0,0,0,0,1,1,2,1,5,1,43,2,62122
2011,6,,6,1,0,0,0,0,0,0,1,4,1,3,3,2,63,1,62119
2011,6,,6,15,1.11,1.11,0,0,0,0,1,1,2,1,4,2,40,1,45065
2011,6,,3,5,1.11,1.11,0,0,0,0,1,1,2,2,7,1,39,1,45065
2011,6,,6,14,1.11,1.11,0,0,0,0,2,1,2,1,3,1,12,2,72039
2011,6,,5,10,0,0,0,0,0,0,1,1,2,1,3,1,46,1,72039
2011,6,,1,9,0,0,0,0,0,0,1,2,1,1,3,2,33,2,23025
2011,6,,3,17,1,1,0,0,0,0,1,4,1,1,3,2,52,1,23094
2011,6,,1,17,0,0,0,0,0,0,1,1,2,1,3,1,32,2,23105
2011,6,,3,14,0,0,0,0,0,0,1,18,2,1,2,1,23,1,24062
2011,6,,1,10,0,0,0,0,0,0,1,1,1,1,3,2,63,2,25015
2011,6,,3,14,1.13,1.13,0,0,0,0,1,1,2,1,3,1,35,2,25072
2011,6,,4,18,1.14,1.14,0,0,0,0,1,1,2,1,3,2,56,1,13008
2011,6,,6,9,1.19,1.19,0,0,0,0,1,1,2,1,4,1,31,1,21001
2011,6,,7,21,1.22,0,1.22,0,0,0,1,1,2,1,7,1,57,1,21002
2011,6,,7,17,1.19,1.19,0,0,0,0,1,22,2,1,5,1,34,1,21007
2011,6,,7,17,0,0,0,0,0,0,1,1,2,1,4,1,26,1,21016
2011,6,,4,9,0,0,0,0,0,0,1,1,1,1,6,2,28,2,21018
2011,6,,5,8,1.21,1.21,0,0,0,0,2,4,2,1,4,2,35,1,31005
2011,6,,6,23,1.23,1.23,0,0,0,0,2,11,2,3,2,1,16,2,11002
2011,6,,3,14,1.23,1.23,0,0,0,0,1,16,2,1,3,1,18,2,11002
2011,6,,1,23,1.15,1.15,0,0,0,0,1,4,2,3,4,2,18,1,12005
2011,6,,5,21,0,0,0,0,0,0,1,1,2,1,4,1,31,1,11002
2011,6,,6,20,0,0,0,0,0,0,1,1,1,1,4,2,26,1,11001
2011,6,,6,21,1.23,0,1.23,0,0,0,1,22,2,1,5,1,46,1,11002
2011,6,,7,11,1.23,1.23,0,0,0,0,1,1,2,1,4,2,38,2,11002
2011,6,,5,11,1.23,1.23,0,0,0,0,1,18,2,1,2,1,50,2,11002
2011,6,,5,18,0,0,0,0,0,0,1,10,2,1,4,1,48,1,11002
2011,7,,3,14,1.23,1.23,0,0,0,0,1,1,2,1,4,1,43,1,11002
2011,7,,6,13,1.22,1.22,0,0,0,0,1,1,2,1,4,1,38,1,11009
2011,7,,5,8,1.29,1.29,0,0,0,0,2,10,2,1,3,1,47,2,11005
2011,7,,2,19,0,0,0,0,0,0,1,1,2,1,3,1,42,1,11005
2011,7,,7,20,0,0,0,0,0,0,1,,1,1,4,2,,,11002
2011,7,,4,19,1.21,1.21,0,0,0,0,1,1,2,1,1,1,63,1,31005
2011,7,,5,9,0,0,0,0,0,0,1,1,2,1,3,1,50,1,21018
2011,7,,1,6,1.19,1.19,0,0,0,0,2,1,2,1,2,1,43,2,21013
2011,7,,6,22,1.17,1.17,0,0,0,0,1,6,2,1,,1,37,1,21010
2011,7,,5,19,0,0,0,0,0,0,1,2,2,1,4,1,51,1,21007
2011,7,,5,10,1.14,1.14,0,0,0,0,1,2,2,1,3,1,,,21005
2011,7,,4,2,0,0,0,0,0,0,1,1,2,3,3,1,,,21004
2011,7,,2,18,1.15,1.15,0,0,0,0,1,16,2,1,,1,24,1,21004
2011,7,,5,17,1.27,1.27,0,0,0,0,1,1,2,1,2,1,33,2,13040
2011,7,,4,17,1.22,1.22,0,0,0,0,1,1,2,1,2,2,84,1,25044
2011,7,,4,13,1,1,0,0,0,0,2,7,1,1,7,2,59,1,24062
2011,7,,1,20,0,0,0,0,0,0,1,1,2,1,4,1,49,2,24043
2011,7,,3,14,0,0,0,0,0,0,1,1,2,1,5,1,33,2,23077
2011,7,,7,6,1.07,1.07,0,0,0,0,1,2,2,3,8,1,25,1,23016
2011,7,,6,10,1.13,1.13,0,0,0,0,2,1,2,1,7,2,0,,93090
2011,7,,7,0,1,0,0,0,1,1,1,14,2,4,7,2,23,1,91143
2011,7,,4,11,1,1,0,0,0,0,1,1,1,1,7,2,25,1,71069
2011,7,,6,8,1,1,0,0,0,0,1,1,1,1,7,2,20,1,83055
2011,7,,6,17,1.06,1.06,0,0,0,0,1,18,2,1,3,1,18,1,62121
2011,7,,2,15,1.14,1.14,0,0,0,0,1,18,2,1,4,1,12,1,35029
2011,7,,5,20,1.13,1.13,0,0,0,0,2,14,2,1,8,2,41,2,93014
2011,7,,5,17,0,0,0,0,0,0,1,1,2,1,5,1,47,,83031
2011,7,,6,3,1,0,1,0,0,0,2,4,1,3,3,2,16,2,84043
2011,7,,4,14,0,0,0,0,0,0,1,1,2,1,4,1,33,1,81004
2011,7,,6,2,0,0,0,0,0,0,1,1,2,3,2,2,43,1,73107
2011,7,,6,14,1.12,0,1.12,0,0,0,1,2,2,1,3,1,70,2,73042
2011,7,,4,14,0,0,0,0,0,0,1,4,2,1,,2,36,1,71034
2011,7,,6,13,1.13,1.13,0,0,0,0,2,1,2,1,3,1,54,2,71047
2011,7,,2,19,0,0,0,0,0,0,1,1,2,1,3,2,37,1,71045
2011,7,,3,20,1.06,0,1.06,0,0,0,1,13,2,1,4,2,26,1,71037
2011,7,,7,20,1,1,0,0,0,0,2,2,1,1,3,2,63,2,63049
2011,7,,4,19,1.17,1.17,0,0,0,0,1,18,2,1,4,1,40,1,62051
2011,7,,7,2,1.2,1.2,0,0,0,0,1,1,2,3,4,1,35,1,62063
2011,7,,3,4,2.02,2.02,0,0,0,0,2,1,2,3,2,2,22,1,61019
2011,7,,1,2,1.11,1.11,0,0,0,0,2,2,2,3,7,1,21,1,55004
2011,7,,4,7,1.22,1.22,0,0,0,0,1,2,2,2,7,2,24,1,46021
2011,7,,7,1,1.2,1.2,0,0,0,0,1,1,2,3,7,2,27,1,44080
2011,7,,5,8,1,1,0,0,0,0,1,1,1,1,7,2,27,2,44043
2011,7,,3,14,1.1,1.1,0,0,0,0,2,1,2,1,4,2,51,2,44034
2011,7,,1,9,1.16,1.16,0,0,0,0,1,1,2,1,3,1,36,1,44021
2011,7,,6,12,0,0,0,0,0,0,1,1,2,1,5,1,61,2,44021
2011,7,,7,7,1.16,1.16,0,0,0,0,1,1,2,2,2,1,24,1,44021
2011,7,,5,21,0,0,0,0,0,0,1,1,2,1,3,1,33,1,44001
2011,7,,2,15,0,0,0,0,0,0,1,1,2,1,4,1,68,1,43005
2011,7,,5,19,1.15,1.15,0,0,0,0,1,18,2,1,4,1,56,1,42028
2011,7,,3,15,1.16,1.16,0,0,0,0,1,1,2,1,3,2,19,2,43005
2011,7,,7,4,0,0,0,0,0,0,1,2,2,3,3,1,37,1,42003
2011,7,,5,13,0,0,0,0,0,0,1,7,2,1,3,2,53,1,41002
2011,7,,1,10,1.12,1.12,0,0,0,0,1,18,2,1,4,1,13,1,36011
2011,7,,6,10,1.14,1.14,0,0,0,0,1,18,2,1,4,2,52,1,36010
2011,7,,5,17,1.19,1.19,0,0,0,0,1,22,2,1,5,1,65,2,35013
2011,7,,2,13,0,0,0,0,0,0,1,4,2,1,4,1,44,1,33029
2011,8,,2,14,1.12,1.12,0,0,0,0,1,13,2,1,8,2,45,1,31012
2011,8,,5,10,1.17,1.17,0,0,0,0,1,1,2,1,4,1,48,2,34022
2011,8,,3,17,1.12,1.12,0,0,0,0,1,1,2,1,3,2,23,2,36012
2011,8,,6,19,0,0,0,0,0,0,1,1,2,1,4,2,42,2,36011
2011,8,,3,14,0,0,0,0,0,0,1,2,2,1,2,2,54,1,36006