year,month,monthDay,weekDay,hour,numVictims,numSlightlyInjured,numSeverelyInjured,numMortallyInjured,numDiedWithin24Hours,numDiedWithin30Days,victimType,roadUserType,roadType,lightConditions,collisionType,areaType,age,sex,municipality
2011,8,,1,12,1.12,1.12,0,0,0,0,1,15,2,1,2,1,50,2,41048
2011,8,,6,13,0,0,0,0,0,0,1,1,2,1,3,1,37,2,41002
2011,8,,2,18,1.14,1.14,0,0,0,0,1,18,2,1,3,1,78,1,41024
2011,8,,7,14,1.14,1.14,0,0,0,0,1,2,2,1,4,2,29,1,41081
2011,8,,1,19,0,0,0,0,0,0,1,1,2,1,1,1,41,1,42006
2011,8,,5,9,1.17,1.17,0,0,0,0,1,16,2,1,2,2,33,1,42025
2011,8,,3,16,1,1,0,0,0,0,1,1,1,1,7,2,24,1,44013
2011,8,,4,18,1.16,1.16,0,0,0,0,1,15,2,1,2,1,37,1,44021
2011,8,,2,10,1,1,0,0,0,0,1,2,1,1,3,2,44,2,44021
2011,8,,6,20,1.18,1.18,0,0,0,0,2,1,2,1,4,1,81,2,45035
2011,8,,5,19,0,0,0,0,0,0,1,1,2,1,5,1,85,1,46020
2011,8,,3,8,0,0,0,0,0,0,1,4,2,1,4,2,27,1,46025
2011,8,,3,13,1.1,1.1,0,0,0,0,2,1,2,1,4,1,20,2,52011
2011,8,,4,18,0,0,0,0,0,0,1,1,2,1,2,1,23,1,52011
2011,8,,1,23,1.16,1.16,0,0,0,0,1,15,2,3,3,1,33,1,55022
2011,8,,1,15,1.09,1.09,0,0,0,0,1,1,2,1,4,1,46,1,54007
2011,8,,6,5,1.12,0,1.12,0,0,0,1,1,2,4,7,2,73,1,56022
2011,8,,6,5,1,0,0,0,1,1,2,1,2,3,8,1,16,2,62011
2011,8,,5,12,1.12,1.12,0,0,0,0,1,1,2,1,4,1,67,2,61031
2011,8,,1,7,0,0,0,0,0,0,1,2,2,1,4,1,57,1,62063
2011,8,,7,4,0,0,0,0,0,0,1,1,2,3,7,1,28,1,62063
2011,8,,3,0,1.14,1.14,0,0,0,0,1,16,2,3,4,1,17,1,71022
2011,8,,3,21,1.18,1.18,0,0,0,0,1,18,2,1,4,2,15,1,72020
2011,8,,2,14,1.09,1.09,0,0,0,0,1,18,2,1,8,2,64,2,73066
2011,8,,3,18,1.1,1.1,0,0,0,0,1,1,2,1,4,2,67,1,82003
2011,8,,4,18,1.09,1.09,0,0,0,0,2,1,2,1,4,2,21,1,73066
2011,8,,4,12,1.04,1.04,0,0,0,0,1,18,2,1,4,1,13,1,92003
2011,8,,3,15,1.07,1.07,0,0,0,0,1,22,2,1,5,1,5,2,91114
2011,8,,1,19,1.06,1.06,0,0,0,0,1,1,2,1,4,1,52,2,62121
2011,8,,2,10,0,0,0,0,0,0,1,1,2,1,3,2,26,2,71069
2011,8,,7,8,1,1,0,0,0,0,1,1,1,1,7,2,28,2,92141
2011,8,,5,18,0,0,0,0,0,0,1,1,2,1,4,2,18,1,23064
2011,8,,4,11,1.14,1.14,0,0,0,0,1,18,2,1,4,1,17,1,24020
2011,8,,5,1,0,0,0,0,0,0,1,2,1,3,3,2,38,1,24011
2011,8,,4,9,1.18,1.18,0,0,0,0,2,1,2,1,3,1,3,2,23101
2011,8,,1,8,1.19,1.19,0,0,0,0,1,16,2,1,4,1,38,2,24062
2011,8,,2,11,0,0,0,0,0,0,1,1,2,1,3,2,64,1,24094
2011,8,,1,17,1.32,1.32,0,0,0,0,1,1,2,1,4,2,22,2,24066
2011,8,,7,15,1.12,1.12,0,0,0,0,2,1,2,1,7,1,88,2,25050
2011,8,,7,19,1.12,1.12,0,0,0,0,1,1,2,1,4,1,43,1,25110
2011,8,,7,7,1.12,1.12,0,0,0,0,1,4,2,1,4,2,44,2,13003
2011,8,,4,13,1.26,1.26,0,0,0,0,1,18,2,1,3,1,64,1,12026
2011,8,,3,11,1,1,0,0,0,0,1,18,2,1,2,2,63,1,12030
2011,8,,6,22,1.24,1.24,0,0,0,0,2,1,2,3,4,1,21,2,12025
2011,8,,7,22,1,0,0,0,1,1,1,14,2,3,8,2,57,1,13004
2011,8,,4,21,0,0,0,0,0,0,1,1,2,1,4,2,29,2,13049
2011,8,,5,0,1.15,1.15,0,0,0,0,2,1,2,4,7,2,16,1,13036
2011,8,,1,16,0,0,0,0,0,0,1,6,2,1,4,1,31,1,21004
2011,8,,7,21,1.15,1.15,0,0,0,0,2,14,2,1,8,1,25,1,21004
2011,8,,3,5,0,0,0,0,0,0,1,7,2,3,2,1,47,1,21004
2011,8,,4,16,1.19,1.19,0,0,0,0,1,22,2,1,5,1,59,1,21013
2011,8,,7,20,1.17,1.17,0,0,0,0,1,14,2,1,4,1,29,1,21012
2011,8,,1,15,0,0,0,0,0,0,1,4,2,1,4,2,47,1,31003
2011,8,,2,13,0,0,0,0,0,0,1,1,2,1,4,1,58,1,21018
2011,8,,2,8,1.21,1.21,0,0,0,0,1,16,2,2,8,2,51,1,31005
2011,8,,7,13,1.21,1.21,0,0,0,0,1,14,2,1,6,2,62,1,31005
2011,8,,6,19,0,0,0,0,0,0,1,1,2,1,4,2,26,1,31005
2011,8,,4,18,0,0,0,0,0,0,1,1,2,1,4,2,63,1,31005
2011,8,,7,19,1.2,0,1.2,0,0,0,1,18,2,1,4,1,13,1,11024
2011,8,,6,23,1.24,1.24,0,0,0,0,1,1,2,3,4,1,29,1,12025
2011,8,,2,18,1.23,1.23,0,0,0,0,1,18,2,1,3,1,34,2,11002
2011,8,,1,12,1.23,1.23,0,0,0,0,1,18,2,1,,1,57,1,11002
2011,9,,3,6,0,0,0,0,0,0,1,7,1,2,3,2,47,1,11002
2011,9,,7,16,0,0,0,0,0,0,1,1,2,1,5,1,63,1,11002
2011,9,,5,9,1.23,1.23,0,0,0,0,1,22,2,1,5,1,61,2,11002
2011,9,,1,21,1.23,1.23,0,0,0,0,1,18,2,3,4,1,55,1,11002
2011,9,,4,10,0,0,0,0,0,0,1,1,2,1,4,2,32,1,11001
2011,9,,3,6,1,1,0,0,0,0,1,7,1,2,3,2,23,1,11002
2011,9,,7,19,0,0,0,0,0,0,1,1,2,1,4,1,29,1,11002
2011,9,,6,14,1,1,0,0,0,0,2,2,1,1,1,2,28,1,11024
2011,9,,4,18,0,0,0,0,0,0,1,18,2,1,5,1,20,2,11002
2011,9,,5,17,0,0,0,0,0,0,1,1,2,1,4,2,57,1,11007
2011,9,,4,12,1.31,1.31,0,0,0,0,1,18,2,1,,1,83,1,11004
2011,9,,3,13,0,0,0,0,0,0,1,4,2,1,3,1,22,1,11002
2011,9,,6,18,1.23,1.23,0,0,0,0,1,22,2,1,5,1,16,2,11002
2011,9,,4,13,1,1,0,0,0,0,1,2,2,1,3,2,28,1,31005
2011,9,,5,21,1.21,1.21,0,0,0,0,1,18,2,3,3,2,40,1,31005
2011,9,,4,7,1.42,1.42,0,0,0,0,2,1,2,3,4,1,24,1,21015
2011,9,,5,21,0,0,0,0,0,0,1,1,2,3,3,1,63,1,21016
2011,9,,3,8,1.14,1.14,0,0,0,0,1,22,2,1,5,1,15,1,21019
2011,9,,2,10,0,0,0,0,0,0,1,1,2,1,4,1,20,1,21015
2011,9,,5,0,1.15,1.15,0,0,0,0,1,22,2,3,5,1,22,1,21009
2011,9,,2,20,1.15,1.15,0,0,0,0,1,1,2,3,1,1,66,1,21009
2011,9,,2,13,1.15,1.15,0,0,0,0,1,22,2,1,5,1,46,2,21004
2011,9,,3,10,1.15,1.15,0,0,0,0,1,15,2,1,4,1,17,1,21004
2011,9,,6,7,0,0,0,0,0,0,1,2,2,1,3,1,,,21004
2011,9,,4,17,1.15,1.15,0,0,0,0,1,22,2,1,5,1,5,2,21004
2011,9,,5,6,1.15,1.15,0,0,0,0,1,16,2,2,8,1,22,1,21004
2011,9,,7,15,0,0,0,0,0,0,1,10,2,1,2,1,25,1,21001
2011,9,,5,21,0,0,0,0,0,0,1,2,2,3,3,1,28,1,21004
2011,9,,1,19,0,0,0,0,0,0,1,1,2,1,4,1,26,2,21004
2011,9,,5,10,1.15,1.15,0,0,0,0,1,1,2,1,3,1,24,2,21004
2011,9,,1,9,1.27,1.27,0,0,0,0,1,1,2,1,,2,20,1,13017
2011,9,,5,11,1.27,1.27,0,0,0,0,1,18,2,1,4,1,21,1,13017
2011,9,,1,14,1.25,1.25,0,0,0,0,1,1,2,1,3,2,56,1,13012
2011,9,,5,11,0,0,0,0,0,0,1,2,2,1,4,1,49,1,12025
2011,9,,1,7,1,0,1,0,0,0,2,1,2,3,3,2,27,1,12040
2011,9,,5,15,1.24,1.24,0,0,0,0,1,1,2,1,7,1,68,1,12025
2011,9,,5,0,0,0,0,0,0,0,1,1,2,3,4,1,36,2,25110
2011,9,,7,1,1,1,0,0,0,0,1,1,1,3,3,2,24,1,25072
2011,9,,7,23,1.13,1.13,0,0,0,0,2,1,2,3,7,1,20,1,25072
2011,9,,3,7,1,1,0,0,0,0,1,14,1,4,8,2,39,1,24094
2011,9,,3,16,1.14,1.14,0,0,0,0,1,1,2,1,3,2,55,1,24020
2011,9,,4,16,0,0,0,0,0,0,1,4,1,1,1,2,53,1,23102
2011,9,,4,17,1.12,1.12,0,0,0,0,1,18,2,1,4,2,17,1,23086
2011,9,,4,10,1.18,1.18,0,0,0,0,1,18,2,1,,2,36,2,23060
2011,9,,1,9,1.17,1.17,0,0,0,0,1,1,2,1,3,2,30,1,23025
2011,9,,2,14,0,0,0,0,0,0,1,10,2,1,4,1,53,1,23027
2011,9,,5,18,0,0,0,0,0,0,1,4,2,1,3,2,47,1,92137
2011,9,,3,17,1.11,1.11,0,0,0,0,1,1,2,1,3,2,36,1,72039
2011,9,,1,18,0,0,0,0,0,0,1,1,2,1,3,1,19,1,92094
2011,9,,2,11,1.08,1.08,0,0,0,0,1,1,2,1,4,2,20,2,92035
2011,9,,3,13,1.1,1.1,0,0,0,0,1,2,2,1,4,2,46,2,91059
2011,9,,5,11,0,0,0,0,0,0,1,2,2,1,2,1,47,1,91141
2011,9,,2,11,0,0,0,0,0,0,1,2,2,1,4,2,23,1,92035
2011,9,,6,5,1.12,1.12,0,0,0,0,1,1,2,3,7,2,34,2,83049
2011,9,,4,16,1.12,1.12,0,0,0,0,1,1,2,1,4,2,21,1,82032
2011,9,,4,15,1.09,1.09,0,0,0,0,1,18,2,1,8,1,66,1,73066
2011,9,,3,15,0,0,0,0,0,0,1,1,2,1,4,2,82,1,73107
2011,9,,3,13,0,0,0,0,0,0,1,1,2,1,2,2,28,2,73083
2011,9,,7,20,1.12,1.12,0,0,0,0,1,1,2,1,4,1,19,2,73042
2011,9,,1,17,1.09,0,1.09,0,0,0,1,1,2,1,2,2,79,1,73009
2011,9,,7,7,0,0,0,0,0,0,1,4,2,1,4,2,50,1,71066
2011,9,,5,12,1.13,1.13,0,0,0,0,1,22,2,1,5,1,79,1,71016
2011,9,,3,9,1.14,1.14,0,0,0,0,1,1,2,1,1,1,34,2,71022
2011,9,,6,0,1.13,1.13,0,0,0,0,1,15,2,3,,2,16,1,71016
2011,9,,4,18,0,0,0,0,0,0,1,1,2,1,4,1,33,1,64065
2011,9,,3,9,0,0,0,0,0,0,1,1,2,1,3,1,37,1,63079
2011,9,,4,18,1.22,1.22,0,0,0,0,1,14,2,1,4,1,36,1,62118
2011,9,,6,22,1.2,1.2,0,0,0,0,2,1,2,3,4,1,10,2,62063
2011,9,,5,13,0,0,0,0,0,0,1,1,2,1,5,1,53,1,62063
2011,9,,2,18,1.19,1.19,0,0,0,0,1,14,2,1,3,1,23,1,62038
2011,9,,5,17,1.17,1.17,0,0,0,0,1,22,2,1,5,1,79,2,62051
2011,9,,5,7,1.2,1.2,0,0,0,0,1,1,2,3,3,2,32,1,62063
2011,9,,7,15,0,0,0,0,0,0,1,1,2,1,2,1,32,2,62011
2011,9,,4,10,0,0,0,0,0,0,1,1,2,1,4,1,71,1,57081
2011,9,,6,14,1.12,1.12,0,0,0,0,2,1,2,1,8,2,33,2,56011
2011,9,,4,12,0,0,0,0,0,0,1,1,2,1,2,1,21,1,53065
2011,9,,3,9,1.08,1.08,0,0,0,0,1,15,2,1,4,1,29,2,55010
2011,9,,1,9,0,0,0,0,0,0,1,4,1,1,3,2,21,1,55010
2011,9,,3,8,1.1,1.1,0,0,0,0,2,10,2,1,3,1,29,2,52011
2011,9,,7,22,1.1,1.1,0,0,0,0,1,1,2,2,3,1,28,1,52011
2011,9,,6,17,1.1,1.1,0,0,0,0,2,16,2,1,4,1,47,1,52011
2011,9,,1,22,1.1,1.1,0,0,0,0,1,14,2,3,3,1,34,1,52011
2011,9,,2,23,1,1,0,0,0,0,1,1,1,4,3,2,23,1,46013
2011,9,,2,20,1.18,1.18,0,0,0,0,1,4,2,1,4,1,36,2,45035
2011,9,,7,6,0,0,0,0,0,0,1,1,1,4,3,2,22,1,44021
2011,9,,7,10,1.16,1.16,0,0,0,0,1,14,2,1,7,1,42,1,44021
2011,9,,2,21,1.16,1.16,0,0,0,0,1,16,2,3,3,1,36,1,44021
2011,9,,4,9,1.16,1.16,0,0,0,0,1,22,2,2,5,1,49,2,44021
2011,9,,6,5,1.16,0,1.16,0,0,0,1,18,2,3,8,2,19,1,44021
2011,9,,5,22,0,0,0,0,0,0,1,1,2,3,3,1,27,1,44021
2011,9,,7,2,1.16,1.16,0,0,0,0,1,18,2,3,4,1,26,1,44021
2011,9,,5,18,1.13,1.13,0,0,0,0,1,18,2,1,4,2,66,2,44001
2011,9,,1,12,1.26,1.26,0,0,0,0,1,2,2,1,3,2,38,2,42006
2011,9,,2,8,0,0,0,0,0,0,1,10,2,1,3,1,44,2,41063
2011,9,,3,1,1.12,1.12,0,0,0,0,1,1,2,3,7,2,32,1,37015
2011,9,,6,9,1.14,1.14,0,0,0,0,1,18,2,1,4,1,55,1,34041
2011,9,,1,19,0,0,0,0,0,0,1,1,2,1,2,1,46,1,34022
2011,9,,5,1,1.14,1.14,0,0,0,0,1,1,2,3,4,2,21,2,31043
2011,10,,4,9,1.11,1.11,0,0,0,0,1,1,2,1,7,2,68,2,31040
2011,10,,5,17,1.12,1.12,0,0,0,0,1,16,2,1,2,2,16,1,31033
2011,10,,7,11,1.11,1.11,0,0,0,0,1,18,2,1,4,1,30,1,31040
2011,10,,1,4,0,0,0,0,0,0,1,,2,,3,2,46,1,31006
2011,10,,2,17,1.11,1.11,0,0,0,0,1,18,2,1,3,2,45,2,31040
2011,10,,4,9,0,0,0,0,0,0,1,6,2,2,2,1,50,1,34003
2011,10,,2,9,0,0,0,0,0,0,1,1,2,2,3,1,39,2,34022
2011,10,,5,17,1.12,0,1.12,0,0,0,1,18,2,1,8,2,56,1,35014
2011,10,,7,13,0,0,0,0,0,0,1,1,2,1,3,2,45,1,38002
2011,10,,7,15,1.1,1.1,0,0,0,0,1,13,2,1,4,1,21,1,41002
2011,10,,2,15,1.12,1.12,0,0,0,0,1,1,2,1,2,2,30,1,41048
2011,10,,7,13,1.12,1.12,0,0,0,0,1,18,2,1,4,2,39,1,41048
2011,10,,5,9,1.26,1.26,0,0,0,0,1,1,2,1,3,2,24,1,42006
2011,10,,4,17,0,0,0,0,0,0,1,6,2,1,4,2,50,1,41081
2011,10,,1,20,0,0,0,0,0,0,1,1,2,2,5,1,23,1,42025
2011,10,,2,17,1.1,1.1,0,0,0,0,1,18,2,1,4,1,66,1,43018
2011,10,,1,18,1.12,1.12,0,0,0,0,2,13,2,1,4,2,4,1,44019
2011,10,,4,9,1.16,1.16,0,0,0,0,1,1,2,1,3,2,60,1,44021
2011,10,,6,18,1.16,1.16,0,0,0,0,2,15,2,1,3,1,36,2,44021
2011,10,,6,11,0,0,0,0,0,0,1,1,2,1,3,2,28,1,44052
2011,10,,3,14,0,0,0,0,0,0,1,18,2,1,3,2,67,1,44081
2011,10,,1,9,1.19,1.19,0,0,0,0,1,16,2,1,4,1,16,1,46013
2011,10,,3,17,1.06,1.06,0,0,0,0,1,1,2,1,4,1,78,1,45041
2011,10,,5,8,1.11,0,1.11,0,0,0,1,1,2,2,2,2,27,2,45059
2011,10,,6,9,0,0,0,0,0,0,1,1,2,1,5,1,58,1,46020
2011,10,,6,3,1.1,1.1,0,0,0,0,2,1,2,3,7,1,38,2,52011
2011,10,,4,20,1.1,0,1.1,0,0,0,1,14,2,3,3,1,48,1,52011
2011,10,,2,12,0,0,0,0,0,0,1,4,2,1,5,1,43,1,52022
2011,10,,5,7,1.16,1.16,0,0,0,0,1,22,2,3,5,1,15,1,55022
2011,10,,7,18,0,0,0,0,0,0,1,2,2,1,3,1,23,1,55022
2011,10,,1,12,1.12,1.12,0,0,0,0,1,1,2,1,4,1,33,2,56044
2011,10,,5,5,1.19,1.19,0,0,0,0,1,2,2,,6,1,25,1,62015
2011,10,,5,18,1.08,1.08,0,0,0,0,1,14,2,1,8,2,23,1,61003
2011,10,,6,17,0,0,0,0,0,0,1,1,2,1,2,1,63,1,62063
2011,10,,6,10,0,0,0,0,0,0,1,18,2,1,4,1,57,1,62063
2011,10,,7,4,1.2,1.2,0,0,0,0,1,1,2,3,7,1,24,1,62063
2011,10,,6,1,1.15,1.15,0,0,0,0,1,1,2,3,2,1,22,1,62108
2011,10,,7,16,0,0,0,0,0,0,1,1,2,1,4,1,24,2,62096
2011,10,,7,21,1.13,1.13,0,0,0,0,1,2,2,3,7,1,31,1,63079
2011,10,,4,17,1.15,1.15,0,0,0,0,1,15,2,1,3,2,16,1,63076
2011,10,,3,14,1.14,1.14,0,0,0,0,1,1,2,1,7,2,19,2,71011
2011,10,,5,23,0,0,0,0,0,0,1,4,2,3,2,2,51,1,71004
2011,10,,1,12,1,1,0,0,0,0,2,2,1,1,3,2,13,1,71004
2011,10,,1,14,1.14,0,1.14,0,0,0,1,16,2,1,4,2,50,1,71022
2011,10,,2,8,2.26,2.26,0,0,0,0,1,1,2,1,4,2,41,1,71016
2011,10,,2,22,0,0,0,0,0,0,1,1,2,3,4,1,19,1,71022
2011,10,,2,11,1.11,1.11,0,0,0,0,1,1,2,1,4,1,54,2,71034
2011,10,,7,12,1.09,1.09,0,0,0,0,1,1,2,1,7,2,22,1,73040
2011,10,,5,17,0,0,0,0,0,0,1,4,2,1,4,1,52,2,73107
2011,10,,1,14,1.12,1.12,0,0,0,0,1,1,2,1,3,2,24,1,83034
2011,10,,2,18,0,0,0,0,0,0,1,1,1,1,3,2,25,1,92094
2011,10,,7,17,1.07,1.07,0,0,0,0,1,14,2,1,2,2,49,1,91034
2011,10,,7,22,0,0,0,0,0,0,1,1,1,4,3,2,39,2,55035
2011,10,,3,7,0,0,0,0,0,0,1,6,2,2,7,2,,,92101
2011,10,,1,8,1.15,1.15,0,0,0,0,1,,2,1,4,2,19,1,92094
2011,10,,4,17,1.08,1.08,0,0,0,0,2,24,2,1,4,1,17,2,62120
2011,10,,1,11,1.11,1.11,0,0,0,0,1,1,2,1,4,2,72,2,72039
2011,10,,5,14,0,0,0,0,0,0,1,6,2,1,3,2,,,23003
2011,10,,1,9,0,0,0,0,0,0,1,16,2,1,3,2,,,11057
2011,10,,3,17,1.06,1.06,0,0,0,0,2,1,2,1,4,2,64,2,23077
2011,10,,1,14,1.06,1.06,0,0,0,0,1,1,2,1,3,2,25,1,23077
2011,10,,3,14,0,0,0,0,0,0,1,1,2,1,3,1,39,2,24038
2011,10,,3,20,0,0,0,0,0,0,1,2,2,2,4,1,52,1,24107
2011,10,,6,0,1.13,1.13,0,0,0,0,1,1,2,3,7,1,42,1,24133
2011,10,,6,18,0,0,0,0,0,0,1,1,2,1,4,1,39,2,12029
2011,10,,7,4,1.25,1.25,0,0,0,0,1,15,2,3,8,2,16,1,12040
2011,10,,1,18,1.15,1.15,0,0,0,0,1,2,2,1,4,2,41,1,12035
2011,10,,7,15,1.25,1.25,0,0,0,0,1,13,1,1,,2,46,1,13011
2011,10,,1,9,1.27,1.27,0,0,0,0,1,18,2,1,4,1,12,2,13040
2011,10,,6,19,1.27,1.27,0,0,0,0,1,1,2,3,3,1,22,1,13019
2011,10,,3,17,1.15,1.15,0,0,0,0,1,14,2,1,,1,31,1,21004
2011,10,,4,23,1.19,1.19,0,0,0,0,1,18,2,3,4,1,28,1,21001
2011,10,,5,17,0,0,0,0,0,0,1,11,2,1,5,1,25,1,21006
2011,10,,7,4,1.15,1.15,0,0,0,0,1,2,2,3,4,1,40,1,21004
2011,10,,2,4,0,0,0,0,0,0,1,1,2,3,3,1,42,1,21009
2011,10,,2,8,1.42,1.42,0,0,0,0,1,1,2,1,4,1,37,1,21014
2011,10,,4,21,0,0,0,0,0,0,1,22,2,3,7,1,39,1,21010
2011,10,,6,21,1.17,1.17,0,0,0,0,1,14,2,3,3,1,34,1,21012
2011,10,,1,20,1.42,1.42,0,0,0,0,1,1,2,1,4,1,28,2,21015
2011,10,,3,11,0,0,0,0,0,0,1,1,2,1,4,1,31,1,31005
2011,10,,5,15,0,0,0,0,0,0,1,1,2,1,4,1,86,1,11002
2011,10,,1,10,0,0,0,0,0,0,1,1,2,1,4,1,78,1,11002
2011,10,,7,6,0,0,0,0,0,0,1,2,2,3,4,1,47,1,11022
2011,10,,6,13,1.33,1.33,0,0,0,0,1,18,2,1,2,1,57,1,11008
2011,10,,5,12,1.31,1.31,0,0,0,0,1,18,2,1,4,1,31,1,11050
2011,10,,7,18,1.23,1.23,0,0,0,0,2,1,2,1,4,1,21,2,11035
2011,10,,6,14,0,0,0,0,0,0,1,1,2,1,4,1,49,1,12021
2011,10,,4,17,1,1,0,0,0,0,1,1,1,1,3,2,32,2,11002
2011,11,,2,22,1.23,1.23,0,0,0,0,1,18,2,3,2,1,50,1,11002
2011,11,,5,17,1.23,1.23,0,0,0,0,1,1,2,3,4,1,34,2,11002
2011,11,,1,8,1.23,1.23,0,0,0,0,1,13,2,2,3,2,31,1,11002
2011,11,,6,14,1.09,1.09,0,0,0,0,1,1,2,1,1,1,29,1,12014
2011,11,,3,20,1.09,1.09,0,0,0,0,1,1,2,3,6,2,20,2,12014
2011,11,,1,8,1,1,0,0,0,0,1,1,1,1,1,2,19,1,11044
2011,11,,5,19,1.22,1.22,0,0,0,0,1,16,2,3,2,1,19,1,11039
2011,11,,2,17,0,0,0,0,0,0,1,1,2,3,4,2,35,1,11037
2011,11,,6,15,0,0,0,0,0,0,1,2,2,1,3,2,45,1,11008
2011,11,,2,15,1,1,0,0,0,0,1,15,2,1,4,2,20,1,11002
2011,11,,5,17,0,0,0,0,0,0,1,1,2,3,4,1,,,11002
2011,11,,7,4,1.21,1.21,0,0,0,0,1,1,2,3,7,1,18,1,31005
2011,11,,3,19,1.15,1.15,0,0,0,0,1,18,2,3,,1,35,1,21009
2011,11,,2,17,0,0,0,0,0,0,1,10,2,1,2,1,28,1,21004
2011,11,,2,6,1.22,1.22,0,0,0,0,1,15,2,3,2,1,27,1,21002
2011,11,,2,14,1.12,1.12,0,0,0,0,1,18,2,1,4,1,66,1,13025
2011,11,,2,2,1.14,1.14,0,0,0,0,2,1,2,3,8,1,22,1,13021
2011,11,,2,8,0,0,0,0,0,0,1,1,2,2,4,1,57,2,13017
2011,11,,4,17,1.12,1.12,0,0,0,0,1,18,2,3,4,1,38,1,25112
2011,11,,3,18,0,0,0,0,0,0,1,1,2,3,4,1,43,1,25015
2011,11,,4,13,0,0,0,0,0,0,1,1,2,1,4,1,28,1,24107
2011,11,,6,6,1.1,1.1,0,0,0,0,2,4,2,3,4,1,30,1,24107
2011,11,,5,9,1.19,1.19,0,0,0,0,1,16,2,1,4,1,21,2,24062
2011,11,,7,5,1.12,0,1.12,0,0,0,1,1,2,4,2,2,26,1,23105
2011,11,,6,16,0,0,0,0,0,0,1,1,2,1,4,1,42,1,23077
2011,11,,3,16,0,0,0,0,0,0,1,1,2,1,2,2,52,1,23045
2011,11,,6,12,1.08,1.08,0,0,0,0,2,1,2,1,3,1,54,2,23023
2011,11,,7,16,1.21,1.21,0,0,0,0,2,1,2,1,4,2,20,2,23027
2011,11,,3,8,1.17,1.17,0,0,0,0,1,1,2,3,3,2,45,2,23025
2011,11,,3,15,0,0,0,0,0,0,1,1,2,1,2,2,53,1,23032
2011,11,,5,16,1,0,0,0,1,1,1,14,2,1,4,2,51,1,92142
2011,11,,1,17,1.07,1.07,0,0,0,0,1,1,2,1,4,2,67,1,23016
2011,11,,6,17,1.09,1.09,0,0,0,0,1,1,2,1,4,2,20,2,63089
2011,11,,2,18,0,0,0,0,0,0,1,1,2,3,3,2,54,2,45064
2011,11,,4,20,0,0,0,0,0,0,1,1,2,3,2,2,27,2,92045
2011,11,,1,9,1.12,1.12,0,0,0,0,1,18,2,1,4,1,17,2,73107
2011,11,,5,23,1.12,1.12,0,0,0,0,1,15,2,3,4,1,18,1,73042
2011,11,,4,20,1.12,1.12,0,0,0,0,1,4,2,3,3,1,49,1,73107
2011,11,,5,12,0,0,0,0,0,0,1,1,2,1,3,1,41,1,72021
2011,11,,6,10,1.18,1.18,0,0,0,0,3,,2,1,7,2,25,2,72020
2011,11,,2,20,0,0,0,0,0,0,1,10,2,3,4,1,31,1,71053
2011,11,,3,17,0,0,0,0,0,0,1,1,2,1,3,1,53,2,71022
2011,11,,6,23,1.13,0,1.13,0,0,0,2,1,2,3,2,2,27,2,71002
2011,11,,3,21,1.14,1.14,0,0,0,0,1,15,2,3,8,2,21,1,63073
2011,11,,5,20,0,0,0,0,0,0,1,1,2,3,4,1,47,1,62093
2011,11,,6,19,0,0,0,0,0,0,1,1,2,3,3,1,25,1,62096
2011,11,,7,7,1.06,1.06,0,0,0,0,1,1,2,3,4,1,26,1,62096
2011,11,,6,5,0,0,0,0,0,0,1,1,2,3,7,1,50,1,62063
2011,11,,4,23,0,0,0,0,0,0,1,1,2,3,2,1,27,1,62063
2011,11,,6,4,1.2,1.2,0,0,0,0,1,1,2,3,4,1,45,1,62063
2011,11,,7,20,1.12,1.12,0,0,0,0,1,14,2,3,7,2,56,1,61031
2011,11,,1,8,1.13,1.13,0,0,0,0,1,15,2,1,4,1,20,1,62022
2011,11,,4,17,1.11,1.11,0,0,0,0,1,1,2,1,7,2,19,1,57081
2011,11,,4,15,0,0,0,0,0,0,1,1,2,1,3,1,22,1,56011
2011,11,,7,23,1.1,1.1,0,0,0,0,1,1,2,3,2,1,22,1,52011
2011,11,,4,12,0,0,0,0,0,0,1,2,2,1,5,1,47,1,52011
2011,11,,3,15,1.11,1.11,0,0,0,0,1,1,2,1,4,2,51,2,51009
2011,11,,1,20,1.06,0,1.06,0,0,0,1,22,2,3,5,1,27,2,45041
2011,11,,3,13,0,0,0,0,0,0,1,16,2,1,4,1,,,46003
2011,11,,7,10,1.18,1.18,0,0,0,0,1,22,2,1,5,1,79,2,45060
2011,11,,6,19,1.16,1.16,0,0,0,0,1,2,2,3,3,2,42,1,44064
2011,11,,5,13,0,0,0,0,0,0,1,1,2,1,4,1,51,2,44049
2011,11,,5,20,1.16,1.16,0,0,0,0,1,18,2,4,2,1,51,2,44021
2011,11,,7,17,0,0,0,0,0,0,1,1,2,1,4,1,20,1,44019
2011,11,,5,5,0,0,0,0,0,0,1,7,1,4,3,2,47,1,44012
2011,11,,7,18,0,0,0,0,0,0,1,1,2,3,3,2,69,1,44001
2011,11,,6,14,0,0,0,0,0,0,1,1,2,1,3,1,53,2,43005