year,month,monthDay,weekDay,hour,numVictims,numSlightlyInjured,numSeverelyInjured,numMortallyInjured,numDiedWithin24Hours,numDiedWithin30Days,victimType,roadUserType,roadType,lightConditions,collisionType,areaType,age,sex,municipality
2011,11,,3,8,0,0,0,0,0,0,1,1,2,1,,2,,,41063
2011,11,,2,20,0,0,0,0,0,0,1,1,2,3,4,1,42,1,41002
2011,11,,6,15,1.1,1.1,0,0,0,0,1,14,2,1,4,1,45,1,41002
2011,11,,2,9,1.14,1.14,0,0,0,0,1,1,2,1,7,1,26,1,41024
2011,11,,6,16,0,0,0,0,0,0,1,1,2,1,3,2,25,2,41018
2011,11,,3,18,1,1,0,0,0,0,1,1,1,3,3,2,58,1,41002
2011,11,,2,20,1.2,1.2,0,0,0,0,1,16,2,3,3,1,37,1,36015
2011,11,,3,20,0,0,0,0,0,0,1,1,2,3,5,1,,,34002
2011,11,,7,4,0,0,0,0,0,0,1,1,2,3,7,2,21,1,33037
2011,11,,6,14,0,0,0,0,0,0,1,1,2,1,4,1,60,1,31043
2011,12,,2,10,1.11,1.11,0,0,0,0,1,1,2,1,3,1,49,2,31022
2011,12,,4,18,1.16,1.16,0,0,0,0,1,1,2,4,7,2,21,1,32003
2011,12,,2,11,0,0,0,0,0,0,1,1,2,1,3,1,70,1,34009
2011,12,,4,14,1,0,1,0,0,0,1,16,2,1,4,2,54,2,34022
2011,12,,2,12,1.17,1.17,0,0,0,0,1,1,2,1,3,1,30,1,34022
2011,12,,6,16,0,0,0,0,0,0,1,1,2,1,3,2,72,1,34027
2011,12,,4,9,0,0,0,0,0,0,1,1,2,3,4,1,40,1,34022
2011,12,,5,8,0,0,0,0,0,0,1,1,2,2,3,2,45,1,35013
2011,12,,4,13,1,1,0,0,0,0,1,4,1,1,7,2,48,2,35014
2011,12,,2,11,0,0,0,0,0,0,1,1,2,1,5,1,56,1,41002
2011,12,,1,17,1.14,1.14,0,0,0,0,1,1,2,3,3,1,48,2,41011
2011,12,,4,9,1.17,1.17,0,0,0,0,1,18,2,3,4,2,17,2,42025
2011,12,,6,18,0,0,0,0,0,0,1,1,2,3,4,1,54,2,42006
2011,12,,1,14,1.26,1.26,0,0,0,0,1,18,2,1,4,1,39,1,42006
2011,12,,1,19,1.12,1.12,0,0,0,0,1,1,2,3,3,2,24,2,42008
2011,12,,7,23,1.16,1.16,0,0,0,0,1,1,2,3,7,2,42,1,43005
2011,12,,3,10,1.13,1.13,0,0,0,0,1,1,2,1,6,2,28,1,44001
2011,12,,2,13,1.1,1.1,0,0,0,0,1,1,2,1,4,1,51,2,43010
2011,12,,6,3,1.16,1.16,0,0,0,0,1,1,2,3,7,2,28,1,44021
2011,12,,5,17,1.16,1.16,0,0,0,0,1,16,2,2,4,1,24,2,44021
2011,12,,6,20,0,0,0,0,0,0,1,1,2,2,3,2,21,1,44021
2011,12,,2,13,0,0,0,0,0,0,1,1,2,1,2,1,76,1,44021
2011,12,,1,8,0,0,0,0,0,0,1,1,2,3,4,2,32,2,44034
2011,12,,6,20,1.06,1.06,0,0,0,0,1,1,2,4,7,1,27,1,45041
2011,12,,6,11,1.18,1.18,0,0,0,0,1,18,2,1,4,1,52,1,45035
2011,12,,3,16,1.22,1.22,0,0,0,0,1,18,2,1,3,1,82,2,46021
2011,12,,4,20,1.13,1.13,0,0,0,0,1,22,2,3,5,1,81,2,52015
2011,12,,5,13,0,0,0,0,0,0,1,1,1,1,7,2,56,1,53070
2011,12,,1,9,0,0,0,0,0,0,1,4,2,1,5,1,33,1,54007
2011,12,,2,22,1.08,1.08,0,0,0,0,1,2,2,3,7,1,32,2,53070
2011,12,,6,17,0,0,0,0,0,0,1,4,2,1,3,2,51,1,55040
2011,12,,3,18,0,0,0,0,0,0,1,10,2,1,4,1,53,1,62015
2011,12,,7,5,1.11,1.11,0,0,0,0,1,1,2,3,7,2,25,1,57081
2011,12,,7,21,1,1,0,0,0,0,1,1,1,3,7,2,20,2,62118
2011,12,,6,11,1.2,1.2,0,0,0,0,2,2,2,1,3,1,18,1,62063
2011,12,,6,16,1.13,1.13,0,0,0,0,1,1,2,1,4,1,71,2,63020
2011,12,,3,18,0,0,0,0,0,0,1,1,2,3,1,2,24,1,64034
2011,12,,5,23,1,1,0,0,0,0,2,1,1,3,7,2,48,2,64063
2011,12,,6,10,1.13,1.13,0,0,0,0,1,18,2,1,4,1,17,2,71004
2011,12,,4,15,0,0,0,0,0,0,1,1,2,1,3,2,25,1,71016
2011,12,,3,1,0,0,0,0,0,0,1,,2,3,7,2,,,71045
2011,12,,6,14,0,0,0,0,0,0,1,1,2,1,4,2,68,2,72025
2011,12,,3,13,1.29,1.29,0,0,0,0,1,2,2,1,8,2,18,1,85039
2011,12,,5,9,1.15,1.15,0,0,0,0,1,22,2,2,5,1,17,2,92094
2011,12,,3,11,0,0,0,0,0,0,1,1,2,1,7,2,47,1,35029
2011,12,,5,23,1.12,1.12,0,0,0,0,1,22,2,3,5,2,18,2,56085
2011,12,,3,18,1.09,1.09,0,0,0,0,1,1,2,2,3,2,41,1,72041
2011,12,,1,14,1.17,1.17,0,0,0,0,2,1,2,1,3,2,25,2,23025
2011,12,,6,6,1.18,1.18,0,0,0,0,1,1,2,3,7,1,19,2,23052
2011,12,,5,12,1.18,1.18,0,0,0,0,1,18,2,1,2,2,68,2,23060
2011,12,,6,21,0,0,0,0,0,0,1,1,2,3,,1,42,2,23102
2011,12,,4,10,1.13,1.13,0,0,0,0,1,4,2,1,4,1,32,1,24059
2011,12,,1,13,1.17,1.17,0,0,0,0,1,18,2,1,4,2,14,1,24033
2011,12,,6,20,2,0,2,0,0,0,2,1,2,2,3,2,,,24104
2011,12,,4,18,0,0,0,0,0,0,1,1,2,3,3,1,,,24107
2011,12,,5,11,1.08,1.08,0,0,0,0,1,1,2,1,4,2,80,1,24135
2011,12,,6,17,1.13,1.13,0,0,0,0,1,1,2,3,4,2,33,2,25072
2011,12,,5,21,1.25,1.25,0,0,0,0,1,1,2,3,4,1,46,1,12040
2011,12,,4,4,1.25,1.25,0,0,0,0,1,1,2,3,7,1,39,2,12040
2011,12,,5,19,1.17,1.17,0,0,0,0,1,18,2,3,5,1,53,1,12030
2011,12,,4,17,1.23,1.23,0,0,0,0,1,1,2,2,2,1,81,1,13037
2011,12,,1,10,0,0,0,0,0,0,1,1,2,1,4,1,39,2,13049
2011,12,,3,19,1.19,1.19,0,0,0,0,1,1,2,3,4,1,41,2,21001
2011,12,,4,16,1.14,1.14,0,0,0,0,1,14,2,1,4,1,52,1,21005
2011,12,,7,20,0,0,0,0,0,0,1,1,2,1,5,1,,,21013
2011,12,,1,13,0,0,0,0,0,0,1,1,2,1,3,1,40,2,31005
2011,12,,1,18,0,0,0,0,0,0,1,1,2,3,2,1,51,1,11044
2011,12,,4,11,1,1,0,0,0,0,1,1,1,1,7,2,28,2,11002
2011,12,,3,9,1.23,1.23,0,0,0,0,1,1,2,1,3,2,46,2,11002
2011,12,,2,8,1.23,0,1.23,0,0,0,1,18,2,2,4,2,61,2,11002
2011,12,,5,18,1.23,1.23,0,0,0,0,1,22,2,3,5,1,53,2,11002
2012,1,,2,10,0,0,0,0,0,0,1,1,2,1,4,1,47,1,11002
2012,1,,7,19,1.23,1.23,0,0,0,0,2,1,2,2,4,2,60,2,11002
2012,1,,5,17,1.23,1.23,0,0,0,0,1,24,2,1,4,1,11,1,11001
2012,1,,6,0,1.23,1.23,0,0,0,0,2,1,2,3,7,1,19,2,11002
2012,1,,1,21,1.21,1.21,0,0,0,0,1,18,2,3,2,1,15,1,31005
2012,1,,5,13,0,0,0,0,0,0,1,1,2,1,2,1,25,1,31004
2012,1,,6,18,1.43,1.43,0,0,0,0,1,22,2,3,5,1,33,2,21015
2012,1,,3,19,0,0,0,0,0,0,1,2,2,3,5,1,44,2,21018
2012,1,,2,16,1.43,1.43,0,0,0,0,1,18,2,1,,1,38,2,21015
2012,1,,4,23,1.43,1.43,0,0,0,0,1,1,2,3,4,1,38,1,21006
2012,1,,7,19,1.32,1.32,0,0,0,0,1,1,2,3,4,1,44,1,13040
2012,1,,2,19,1.11,1.11,0,0,0,0,1,1,2,3,2,2,32,1,13025
2012,1,,5,18,0,0,0,0,0,0,1,7,2,3,3,2,38,1,13008
2012,1,,1,9,1.32,1.32,0,0,0,0,1,18,2,1,4,2,56,1,13004
2012,1,,4,8,1,1,0,0,0,0,1,14,1,3,4,2,20,1,12025
2012,1,,3,13,1.31,1.31,0,0,0,0,1,22,2,1,5,1,4,1,12025
2012,1,,3,10,1.2,0,1.2,0,0,0,1,22,2,1,5,1,82,1,25105
2012,1,,3,13,0,0,0,0,0,0,1,1,2,1,5,1,18,1,24059
2012,1,,4,19,1.14,1.14,0,0,0,0,1,22,2,3,5,1,36,2,24059
2012,1,,3,18,0,0,0,0,0,0,1,1,1,1,3,2,29,1,23094
2012,1,,2,19,0,0,0,0,0,0,1,4,2,3,3,2,46,1,23081
2012,1,,1,15,1.27,1.27,0,0,0,0,1,1,2,1,4,1,41,1,23027
2012,1,,7,16,0,0,0,0,0,0,1,1,2,1,7,2,19,2,73109
2012,1,,3,9,1.12,1.12,0,0,0,0,1,1,2,1,3,2,28,2,71070
2012,1,,5,9,1.31,1.31,0,0,0,0,2,1,2,2,2,2,11,2,45064
2012,1,,4,7,1.17,0,1.17,0,0,0,1,1,2,3,4,2,27,1,37020
2012,1,,5,18,0,0,0,0,0,0,1,1,2,3,2,2,32,2,33041
2012,1,,7,13,0,0,0,0,0,0,1,2,2,1,3,1,84,1,92114
2012,1,,1,14,1.07,1.07,0,0,0,0,1,1,2,1,4,2,30,2,91054
2012,1,,6,18,1.14,1.14,0,0,0,0,1,2,2,3,2,1,26,1,92003
2012,1,,5,19,0,0,0,0,0,0,1,1,2,3,4,1,74,1,71066
2012,1,,2,20,1,0,0,1,0,1,1,22,2,3,5,2,68,1,71022
2012,1,,5,21,1.16,1.16,0,0,0,0,1,1,2,3,4,2,40,2,71016
2012,1,,1,23,0,0,0,0,0,0,1,4,2,3,3,1,25,1,62096
2012,1,,7,21,0,0,0,0,0,0,1,1,2,3,4,1,64,1,62063
2012,1,,4,13,1.13,1.13,0,0,0,0,1,10,2,1,4,1,27,2,62063
2012,1,,7,16,1.12,1.12,0,0,0,0,1,2,2,1,2,2,58,1,55039
2012,1,,2,8,0,0,0,0,0,0,1,1,2,1,1,1,41,2,53028
2012,1,,5,12,1.11,1.11,0,0,0,0,1,2,2,1,3,1,69,2,52043
2012,1,,5,17,0,0,0,0,0,0,1,1,2,1,3,1,31,1,52011
2012,1,,7,12,1.23,0,1.23,0,0,0,1,18,2,1,2,1,52,1,46025
2012,1,,1,0,1.11,1.11,0,0,0,0,2,1,2,3,4,1,22,2,52011
2012,1,,2,8,0,0,0,0,0,0,1,2,2,3,1,2,26,1,46025
2012,1,,5,13,0,0,0,0,0,0,1,1,2,1,4,1,24,1,46021
2012,1,,6,10,0,0,0,0,0,0,1,6,2,1,3,2,66,1,44081
2012,1,,2,15,1.2,0,1.2,0,0,0,1,18,2,1,2,1,73,1,46003
2012,1,,1,15,0,0,0,0,0,0,1,1,2,1,4,1,44,2,44048
2012,1,,2,12,1.18,1.18,0,0,0,0,2,1,2,1,6,1,2,2,44021
2012,1,,5,11,1.18,1.18,0,0,0,0,2,1,2,1,4,1,40,2,44021
2012,1,,2,8,1.18,1.18,0,0,0,0,1,1,2,2,4,1,19,1,44021
2012,1,,4,19,1.18,1.18,0,0,0,0,2,1,2,2,4,1,62,2,44021
2012,1,,2,12,1.18,1.18,0,0,0,0,1,1,2,1,6,1,62,2,44021
2012,1,,3,19,1,1,0,0,0,0,1,1,1,3,3,2,41,2,44001
2012,1,,4,17,1.13,1.13,0,0,0,0,2,7,2,1,3,1,41,2,42023
2012,1,,3,11,1.13,1.13,0,0,0,0,1,15,2,1,4,1,27,2,42008
2012,1,,2,14,0,0,0,0,0,0,1,18,2,1,5,1,,,36015
2012,1,,1,9,0,0,0,0,0,0,1,1,2,2,4,1,27,2,36015
2012,1,,5,6,1.17,1.17,0,0,0,0,1,1,2,4,3,2,24,1,35006
2012,1,,5,21,1.17,0,1.17,0,0,0,1,1,2,3,8,2,23,1,35005
2012,1,,3,18,0,0,0,0,0,0,1,1,2,2,4,1,33,2,34027
2012,1,,4,8,0,0,0,0,0,0,1,1,2,3,5,1,24,1,34022
2012,1,,1,8,1,1,0,0,0,0,1,7,1,4,7,2,39,1,33037
2012,1,,4,15,1.11,1.11,0,0,0,0,1,1,2,1,4,2,73,1,31040
2012,1,,7,15,1.14,1.14,0,0,0,0,2,1,2,1,3,2,23,2,31043
2012,1,,5,8,1.14,1.14,0,0,0,0,1,1,2,3,7,2,25,1,31043
2012,1,,3,8,1.14,0,1.14,0,0,0,1,16,2,3,8,2,55,2,31006
2012,2,,1,17,1.18,1.18,0,0,0,0,1,22,2,1,5,1,27,2,34013
2012,2,,2,20,1.18,1.18,0,0,0,0,2,1,2,3,3,2,32,1,34009
2012,2,,1,6,1.16,1.16,0,0,0,0,1,16,2,3,2,1,50,1,34040
2012,2,,2,14,0,0,0,0,0,0,1,1,2,1,4,2,18,1,34040
2012,2,,3,22,1.22,1.22,0,0,0,0,1,1,2,3,4,2,26,2,34023
2012,2,,6,2,1.24,1.24,0,0,0,0,1,1,2,3,8,1,39,2,34041
2012,2,,4,17,1.16,1.16,0,0,0,0,1,16,2,1,8,2,25,2,34040
2012,2,,3,12,0,0,0,0,0,0,1,2,2,1,4,1,36,1,42011
2012,2,,4,14,0,0,0,0,0,0,1,10,2,1,3,1,41,1,43005
2012,2,,7,7,1.18,1.18,0,0,0,0,2,1,2,3,7,1,29,1,44021
2012,2,,4,11,0,0,0,0,0,0,1,21,2,1,5,1,18,2,44040
2012,2,,3,13,1.2,1.2,0,0,0,0,1,1,2,1,4,1,34,1,45035
2012,2,,7,21,1.2,1.2,0,0,0,0,1,18,2,4,3,2,40,1,46020
2012,2,,7,10,0,0,0,0,0,0,1,6,2,1,4,2,35,1,46025
2012,2,,6,3,1,1,0,0,0,0,2,1,1,3,7,2,19,2,52021
2012,2,,3,16,0,0,0,0,0,0,1,1,2,1,5,1,45,1,52011
2012,2,,1,20,1.13,1.13,0,0,0,0,2,2,2,3,2,2,0,2,52012
2012,2,,6,4,1.11,1.11,0,0,0,0,2,1,2,3,7,1,19,1,52043
2012,2,,5,17,1.11,1.11,0,0,0,0,2,2,2,1,4,1,20,1,52063
2012,2,,2,9,0,0,0,0,0,0,1,1,2,2,3,1,28,2,54007
2012,2,,4,8,1.13,1.13,0,0,0,0,1,1,2,1,3,1,47,2,54007
2012,2,,4,22,1.16,1.16,0,0,0,0,1,1,2,3,7,2,34,1,57064
2012,2,,4,18,1.2,1.2,0,0,0,0,1,1,2,2,2,2,51,2,62100
2012,2,,4,20,1.16,1.16,0,0,0,0,2,1,2,3,4,1,24,2,62096
2012,2,,6,17,0,0,0,0,0,0,1,1,2,1,2,2,28,1,63076
2012,2,,3,15,0,0,0,0,0,0,1,1,2,1,4,1,56,1,63012
2012,2,,1,20,1.14,1.14,0,0,0,0,1,1,2,4,2,2,81,1,63038
2012,2,,3,14,1.16,1.16,0,0,0,0,2,2,2,1,2,2,9,1,71016
2012,2,,2,0,1.13,1.13,0,0,0,0,2,1,2,3,7,1,15,1,64008
2012,2,,7,22,1.16,1.16,0,0,0,0,1,1,2,4,7,2,36,1,71016
2012,2,,4,15,0,0,0,0,0,0,1,10,2,1,4,2,41,2,71016
2012,2,,5,9,1.16,1.16,0,0,0,0,1,1,2,1,4,2,24,2,71016
2012,2,,1,10,0,0,0,0,0,0,1,4,2,1,5,2,39,1,71022
2012,2,,1,20,1.22,1.22,0,0,0,0,1,1,2,3,3,2,34,2,71053
2012,2,,6,20,1.08,1.08,0,0,0,0,1,1,2,3,7,2,30,1,73009
2012,2,,1,4,1.06,1.06,0,0,0,0,2,1,2,3,7,2,38,1,84009
2012,2,,5,18,1.14,0,1.14,0,0,0,1,4,2,1,2,2,30,1,93088
2012,2,,3,14,1.14,0,1.14,0,0,0,1,1,2,1,3,2,27,1,63089
2012,2,,6,19,0,0,0,0,0,0,1,1,2,3,5,1,71,1,23025
2012,2,,3,16,1.21,1.21,0,0,0,0,1,18,2,1,4,1,16,1,23025
2012,2,,6,3,1.15,0,1.15,0,0,0,1,1,2,3,7,2,53,1,24001
2012,2,,6,0,1,1,0,0,0,0,2,1,1,3,,2,5,1,25014
2012,2,,5,0,0,0,0,0,0,0,1,2,1,3,7,2,35,1,24094
2012,2,,5,10,1,1,0,0,0,0,1,2,2,1,3,2,41,1,24104
2012,2,,5,16,1.1,1.1,0,0,0,0,1,1,2,1,8,2,51,2,25048
2012,2,,2,17,0,0,0,0,0,0,1,1,2,1,3,2,23,1,13040
2012,2,,7,1,1.11,1.11,0,0,0,0,2,1,2,4,7,2,22,1,13025
2012,2,,4,8,1.11,1.11,0,0,0,0,2,4,2,2,3,2,27,1,13025
2012,2,,6,14,1.11,1.11,0,0,0,0,1,18,2,1,2,2,15,1,13025
2012,2,,4,16,1.12,1.12,0,0,0,0,2,12,2,1,3,1,61,2,21004
2012,2,,2,11,1.12,1.12,0,0,0,0,1,1,2,1,3,1,38,1,21004
2012,2,,1,7,0,0,0,0,0,0,1,2,2,3,5,1,53,1,21004
2012,2,,4,13,0,0,0,0,0,0,1,1,2,1,4,1,26,2,21010
2012,2,,5,20,1.17,1.17,0,0,0,0,1,22,2,4,5,1,77,2,21012
2012,2,,3,11,1.17,1.17,0,0,0,0,1,22,2,1,5,1,14,2,21008
2012,2,,7,3,0,0,0,0,0,0,1,2,1,3,6,2,31,1,21018
2012,2,,4,9,1.21,1.21,0,0,0,0,1,16,2,1,4,1,17,2,31005
2012,2,,6,18,0,0,0,0,0,0,1,1,2,2,4,1,19,1,11023
2012,2,,7,12,0,0,0,0,0,0,1,1,2,1,4,2,50,1,12005
2012,2,,4,22,1.14,0,1.14,0,0,0,2,1,2,3,2,2,21,2,12014
2012,2,,5,4,1,1,0,0,0,0,1,4,1,3,3,2,24,1,11002
2012,2,,7,7,1.23,1.23,0,0,0,0,1,1,2,3,3,1,30,1,11002
2012,3,,2,9,1.23,1.23,0,0,0,0,1,18,2,1,3,1,24,1,11002
2012,3,,5,13,0,0,0,0,0,0,1,1,2,1,5,1,28,1,11002
2012,3,,5,13,0,0,0,0,0,0,1,1,2,1,4,,42,1,12007
2012,3,,7,13,0,0,0,0,0,0,1,1,2,1,3,2,26,2,12025
2012,3,,1,18,0,0,0,0,0,0,1,2,2,1,5,1,58,1,12021
2012,3,,6,21,1.14,1.14,0,0,0,0,2,1,2,2,3,2,5,1,12021
2012,3,,5,18,1.2,1.2,0,0,0,0,1,18,2,1,5,1,59,1,12007
2012,3,,7,8,0,0,0,0,0,0,1,2,1,1,4,2,35,1,11054
2012,3,,4,17,0,0,0,0,0,0,1,1,2,1,4,2,23,1,11024
2012,3,,5,17,1.21,1.21,0,0,0,0,1,18,2,1,3,1,66,1,31005
2012,3,,3,13,0,0,0,0,0,0,1,1,2,1,5,1,34,2,21018
2012,3,,4,7,1.24,1.24,0,0,0,0,1,18,2,2,4,1,34,1,21018
2012,3,,1,8,0,0,0,0,0,0,1,11,2,1,5,1,34,1,21009
2012,3,,5,12,0,0,0,0,0,0,1,1,2,1,5,1,24,1,21012
2012,3,,3,20,1.19,1.19,0,0,0,0,1,22,2,3,5,1,22,1,21007
2012,3,,2,8,1.12,1.12,0,0,0,0,1,18,2,1,4,1,50,1,21004
2012,3,,6,21,0,0,0,0,0,0,1,1,2,3,4,1,24,1,21001
2012,3,,1,17,1.32,1.32,0,0,0,0,1,18,2,1,4,1,33,1,13040
2012,3,,1,11,1.32,1.32,0,0,0,0,1,4,2,1,4,2,44,1,13040
2012,3,,6,14,1.2,1.2,0,0,0,0,1,24,2,1,4,1,28,1,13011
2012,3,,2,12,0,0,0,0,0,0,1,1,2,1,3,2,51,1,13004
2012,3,,4,7,1,0,0,0,1,1,1,1,2,3,2,2,18,1,13008
2012,3,,4,13,0,0,0,0,0,0,1,6,2,1,4,1,27,1,25037
2012,3,,7,13,1,1,0,0,0,0,2,1,2,1,3,2,19,2,25018
2012,3,,4,21,1.07,1.07,0,0,0,0,2,1,2,3,7,2,21,2,24107
2012,3,,6,10,0,0,0,0,0,0,1,1,2,1,4,2,80,1,24020
2012,3,,5,1,0,0,0,0,0,0,1,4,2,3,3,1,54,2,24009
2012,3,,3,15,0,0,0,0,0,0,1,1,2,1,4,2,28,1,23104
2012,3,,5,17,0,0,0,0,0,0,1,1,2,1,4,2,25,1,23062
2012,3,,4,18,0,0,0,0,0,0,1,1,2,1,3,1,28,1,23025
2012,3,,6,22,0,0,0,0,0,0,1,1,2,3,3,1,31,1,23016
2012,3,,1,22,0,0,0,0,0,0,1,1,1,3,3,2,41,1,23003
2012,3,,4,12,0,0,0,0,0,0,1,1,2,1,4,1,72,1,93090
2012,3,,4,23,1.1,1.1,0,0,0,0,1,1,2,3,7,1,31,1,92137
2012,3,,7,19,1.14,0,1.14,0,0,0,1,2,2,3,4,1,45,2,72038
2012,3,,4,10,1.12,1.12,0,0,0,0,1,16,2,1,3,1,20,1,72039
2012,3,,3,18,0,0,0,0,0,0,1,1,2,1,2,2,44,2,71070
2012,3,,2,7,0,0,0,0,0,0,1,1,1,2,3,2,42,1,71070
2012,3,,5,12,1.07,1.07,0,0,0,0,1,1,2,1,4,1,56,2,61081
2012,3,,4,18,1.46,1.46,0,0,0,0,2,2,2,1,2,1,61,2,92094
2012,3,,7,7,1.08,1.08,0,0,0,0,1,1,2,1,8,2,31,1,73022
2012,3,,2,21,1.14,1.14,0,0,0,0,1,10,2,4,8,2,19,1,72030
2012,3,,3,7,1.16,1.16,0,0,0,0,1,1,2,1,4,2,41,2,71066
2012,3,,1,13,1.22,1.22,0,0,0,0,1,2,2,1,4,2,38,2,71045
2012,3,,3,23,1.22,1.22,0,0,0,0,1,1,2,3,4,1,49,1,71053
2012,3,,2,8,1.22,0,1.22,0,0,0,1,14,2,1,4,2,50,1,71053
2012,3,,7,7,1.16,1.16,0,0,0,0,1,1,2,3,7,2,21,1,71022
2012,3,,7,17,1.12,1.12,0,0,0,0,2,2,2,1,4,2,65,2,71020
2012,3,,6,18,1.13,1.13,0,0,0,0,2,10,2,1,4,1,45,1,62063
2012,3,,1,14,1.13,1.13,0,0,0,0,2,10,2,1,8,1,44,2,62063
2012,3,,6,18,0,0,0,0,0,0,1,1,2,1,4,1,73,1,56078
2012,3,,1,8,1,1,0,0,0,0,1,1,2,1,4,2,22,2,57081
2012,3,,7,13,1.12,1.12,0,0,0,0,2,1,2,1,7,2,31,1,56022
2012,3,,6,2,0,0,0,0,0,0,1,4,2,3,3,1,44,1,56001
2012,3,,7,17,0,0,0,0,0,0,1,1,2,1,4,1,72,1,53070
2012,3,,2,20,1.17,1.17,0,0,0,0,1,1,2,1,4,1,34,2,55004
2012,3,,3,23,1.13,1.13,0,0,0,0,1,1,2,3,4,2,25,2,54007
2012,3,,7,19,0,0,0,0,0,0,1,1,2,3,3,2,,,52011
2012,3,,2,12,0,0,0,0,0,0,1,2,2,1,4,1,22,1,46021
2012,3,,1,8,1.23,1.23,0,0,0,0,1,1,2,2,4,2,25,1,46013
2012,3,,7,17,1.2,1.2,0,0,0,0,1,1,2,1,3,2,39,2,45035
2012,3,,7,15,1.2,1.2,0,0,0,0,1,1,2,1,4,2,21,2,45017
2012,3,,1,14,0,0,0,0,0,0,1,1,2,1,4,2,52,1,44019
2012,3,,7,4,2.3,2.3,0,0,0,0,2,1,2,3,3,2,22,1,44011
2012,3,,3,9,0,0,0,0,0,0,1,1,2,1,3,1,40,1,44020
2012,3,,3,18,1.17,1.17,0,0,0,0,1,1,2,1,2,2,35,2,42011
2012,3,,3,14,0,0,0,0,0,0,1,1,2,1,4,1,57,1,41002
2012,3,,4,19,1.24,1.24,0,0,0,0,1,16,2,1,4,1,16,1,36015
2012,3,,4,22,0,0,0,0,0,0,1,1,2,3,7,1,39,1,34040
2012,3,,4,13,1.12,1.12,0,0,0,0,1,22,2,1,5,1,84,1,33021
2012,3,,6,12,0,0,0,0,0,0,1,2,2,1,3,2,31,1,31033
2012,4,,6,19,1.16,1.16,0,0,0,0,1,1,2,1,3,1,30,1,38008
2012,4,,1,19,0,0,0,0,0,0,1,6,1,1,3,2,23,1,44001
2012,4,,6,14,1.14,1.14,0,0,0,0,2,1,2,1,2,1,16,1,44019
2012,4,,4,14,1.15,0,1.15,0,0,0,1,1,2,1,7,2,18,1,44011
2012,4,,2,15,0,0,0,0,0,0,1,4,2,1,4,2,40,1,44021
2012,4,,7,1,0,0,0,0,0,0,1,1,2,3,4,1,65,1,44021
2012,4,,7,2,1.15,0,1.15,0,0,0,1,15,2,3,4,1,19,1,44073
2012,4,,3,6,0,0,0,0,0,0,1,1,2,3,3,2,21,1,44036
2012,4,,7,1,1.15,1.15,0,0,0,0,1,1,2,3,1,2,34,1,44081
2012,4,,3,23,1.23,1.23,0,0,0,0,2,1,2,3,2,2,31,2,46025
2012,4,,6,18,1.11,1.11,0,0,0,0,2,14,2,1,4,1,31,2,52011
2012,4,,3,23,1.11,1.11,0,0,0,0,1,1,2,3,3,1,27,1,52011
2012,4,,7,19,1.18,1.18,0,0,0,0,2,1,2,1,4,1,74,2,55022
2012,4,,7,11,0,0,0,0,0,0,1,2,2,1,5,1,48,1,55022
2012,4,,6,13,0,0,0,0,0,0,1,1,2,1,1,1,45,2,56078
2012,4,,5,15,1.12,1.12,0,0,0,0,2,2,2,1,3,1,56,2,57081
2012,4,,6,16,1,1,0,0,0,0,2,1,1,1,7,2,5,2,57064
2012,4,,4,13,0,0,0,0,0,0,1,13,2,1,3,1,54,1,61063
2012,4,,7,12,1.2,1.2,0,0,0,0,1,14,2,1,4,1,51,1,62009
2012,4,,5,12,1.16,1.16,0,0,0,0,1,2,2,1,4,2,24,2,61003
2012,4,,1,18,1.23,1.23,0,0,0,0,1,2,2,1,4,1,55,1,62003
2012,4,,1,10,1.13,1.13,0,0,0,0,1,1,2,1,4,1,49,1,62099
2012,4,,6,22,0,0,0,0,0,0,1,1,2,3,3,1,32,1,71022
2012,4,,6,22,1.16,1.16,0,0,0,0,2,1,2,3,3,1,32,2,71022
2012,4,,7,9,1.22,1.22,0,0,0,0,1,18,2,1,2,2,52,1,71053
2012,4,,2,19,0,0,0,0,0,0,1,1,2,1,3,2,44,2,92003
2012,4,,7,20,1.11,1.11,0,0,0,0,1,4,2,1,4,1,28,1,92048
2012,4,,1,18,1.12,1.12,0,0,0,0,1,14,2,1,8,2,67,1,33039
2012,4,,7,8,1.13,1.13,0,0,0,0,1,1,2,1,7,1,42,1,84077
2012,4,,3,19,0,0,0,0,0,0,1,4,1,1,1,2,29,1,71070
2012,4,,2,19,0,0,0,0,0,0,1,1,2,1,4,1,64,1,92137
2012,4,,4,23,0,0,0,0,0,0,1,1,2,3,3,1,23,1,11057
2012,4,,6,4,1.27,0,1.27,0,0,0,1,16,2,3,6,1,21,2,23027
2012,4,,1,17,1.09,1.09,0,0,0,0,2,1,2,1,3,1,18,1,23033
2012,4,,2,13,0,0,0,0,0,0,1,1,1,1,3,2,41,1,24062
2012,4,,7,10,1.23,1.23,0,0,0,0,1,21,2,1,5,1,69,2,24062
2012,4,,7,12,0,0,0,0,0,0,1,1,2,1,3,,54,1,24055