year,month,monthDay,weekDay,hour,numVictims,numSlightlyInjured,numSeverelyInjured,numMortallyInjured,numDiedWithin24Hours,numDiedWithin30Days,victimType,roadUserType,roadType,lightConditions,collisionType,areaType,age,sex,municipality
2012,4,,6,23,0,0,0,0,0,0,1,1,2,3,4,1,44,1,24055
2012,4,,3,8,1,1,0,0,0,0,1,1,1,1,3,2,56,2,24094
2012,4,,5,22,0,0,0,0,0,0,1,1,2,3,3,1,22,1,24094
2012,4,,1,12,0,0,0,0,0,0,1,10,2,1,3,2,52,1,13023
2012,4,,7,8,1.19,1.19,0,0,0,0,1,1,2,1,4,1,23,1,21001
2012,4,,7,13,1.26,1.26,0,0,0,0,2,2,2,1,3,1,39,2,21002
2012,4,,3,1,1.12,1.12,0,0,0,0,1,1,2,3,4,1,47,2,21004
2012,4,,6,21,0,0,0,0,0,0,1,1,2,3,,1,40,,21006
2012,4,,6,6,0,0,0,0,0,0,1,1,2,2,3,1,56,1,21004
2012,4,,2,14,1.12,1.12,0,0,0,0,1,13,2,1,2,1,35,1,21004
2012,4,,2,23,1.17,1.17,0,0,0,0,1,1,2,3,3,1,33,1,21012
2012,4,,2,16,0,0,0,0,0,0,1,6,2,1,4,2,23,1,31005
2012,4,,3,8,1.21,1.21,0,0,0,0,1,18,2,1,4,1,11,2,31005
2012,4,,1,9,1.23,1.23,0,0,0,0,1,18,2,1,3,1,10,2,11021
2012,4,,2,16,0,0,0,0,0,0,1,16,2,1,4,1,19,2,11008
2012,4,,4,20,0,0,0,0,0,0,1,1,2,1,4,1,32,1,11002
2012,4,,5,17,0,0,0,0,0,0,1,7,1,1,3,2,46,1,11002
2012,5,,2,9,1.23,1.23,0,0,0,0,2,1,2,1,3,1,37,2,11002
2012,5,,6,16,0,0,0,0,0,0,1,1,2,1,4,1,50,1,11002
2012,5,,5,21,0,0,0,0,0,0,1,1,2,1,3,1,40,1,11002
2012,5,,6,13,1.24,1.24,0,0,0,0,1,18,2,1,4,2,22,1,11038
2012,5,,2,17,1.24,1.24,0,0,0,0,1,18,2,1,4,1,68,2,11005
2012,5,,7,4,0,0,0,0,0,0,1,1,2,3,1,1,,,11002
2012,5,,7,11,1.14,1.14,0,0,0,0,1,16,2,1,4,2,16,1,31006
2012,5,,5,11,1.21,1.21,0,0,0,0,1,15,2,1,4,2,42,2,31005
2012,5,,3,19,0,0,0,0,0,0,1,1,2,1,4,1,38,2,21009
2012,5,,3,16,0,0,0,0,0,0,1,1,2,1,4,1,41,1,21010
2012,5,,2,18,1.17,1.17,0,0,0,0,1,18,2,1,3,1,37,2,21010
2012,5,,3,17,1.12,1.12,0,0,0,0,1,1,2,1,4,1,52,1,21004
2012,5,,4,3,1.12,1.12,0,0,0,0,1,1,2,3,3,1,33,1,21004
2012,5,,3,8,1.19,1.19,0,0,0,0,2,1,2,1,4,1,27,2,21001
2012,5,,3,0,1.19,1.19,0,0,0,0,1,1,2,3,2,1,37,1,21001
2012,5,,1,18,1,0,1,0,0,0,1,1,1,1,8,2,56,1,13031
2012,5,,6,13,1.24,1.24,0,0,0,0,2,1,2,1,3,2,59,2,13008
2012,5,,3,19,0,0,0,0,0,0,1,2,2,1,7,2,54,2,13010
2012,5,,3,9,1.32,1.32,0,0,0,0,1,1,2,1,4,1,22,2,25110
2012,5,,4,9,1.3,1.3,0,0,0,0,1,22,2,1,5,1,11,2,25023
2012,5,,7,8,1,1,0,0,0,0,2,1,2,1,3,2,25,1,25015
2012,5,,7,21,1.07,1.07,0,0,0,0,1,1,2,1,6,2,44,1,24107
2012,5,,4,7,1,1,0,0,0,0,1,1,1,1,3,2,50,2,24062
2012,5,,7,11,0,0,0,0,0,0,1,1,2,1,3,2,25,2,24014
2012,5,,7,20,1,1,0,0,0,0,1,1,1,1,4,2,52,1,23088
2012,5,,6,21,1,1,0,0,0,0,1,1,1,1,8,2,56,1,23047
2012,5,,3,12,1.27,1.27,0,0,0,0,1,1,2,1,2,1,21,2,23027
2012,5,,3,18,1.21,1.21,0,0,0,0,1,18,2,1,2,2,72,1,23045
2012,5,,5,12,0,0,0,0,0,0,1,1,2,1,3,2,62,2,23033
2012,5,,7,20,1.02,1.02,0,0,0,0,1,24,2,1,8,1,22,1,92140
2012,5,,3,19,1,1,0,0,0,0,2,1,1,1,3,2,12,1,92141
2012,5,,7,4,0,0,0,0,0,0,1,1,2,3,3,1,21,1,71069
2012,5,,7,21,0,0,0,0,0,0,1,1,2,1,3,2,22,2,72038
2012,5,,3,21,1.14,1.14,0,0,0,0,1,1,2,2,2,1,53,1,53083
2012,5,,7,20,1.07,1.07,0,0,0,0,1,22,2,1,5,1,13,1,61079
2012,5,,2,21,1.12,1.12,0,0,0,0,2,4,2,1,4,2,36,2,45063
2012,5,,2,14,1.24,1.24,0,0,0,0,1,16,2,1,4,1,18,1,13053
2012,5,,6,9,0,0,0,0,0,0,1,2,2,1,7,2,20,1,92003
2012,5,,3,14,1.46,1.46,0,0,0,0,1,14,2,1,8,2,49,1,92094
2012,5,,1,19,0,0,0,0,0,0,1,1,2,1,3,2,44,1,81015
2012,5,,4,19,0,0,0,0,0,0,1,1,2,1,2,2,35,1,72025
2012,5,,5,9,1.12,1.12,0,0,0,0,1,18,2,1,4,1,13,1,71024
2012,5,,3,11,0,0,0,0,0,0,1,6,2,1,4,2,35,1,71053
2012,5,,4,18,1.16,1.16,0,0,0,0,1,1,2,1,3,2,21,2,71022
2012,5,,4,14,1.16,1.16,0,0,0,0,1,1,2,1,4,2,31,2,71022
2012,5,,7,18,1.13,0,1.13,0,0,0,2,13,2,1,4,2,23,1,64056
2012,5,,2,11,0,0,0,0,0,0,1,1,2,1,4,1,75,2,63079
2012,5,,7,15,1.21,1.21,0,0,0,0,2,1,2,1,3,2,47,2,63012
2012,5,,7,17,1.14,1.14,0,0,0,0,1,1,2,1,7,1,72,1,63035
2012,5,,4,17,0,0,0,0,0,0,1,10,2,1,5,1,32,1,62063
2012,5,,2,21,0,0,0,0,0,0,1,1,2,1,4,2,45,1,61031
2012,5,,5,14,0,0,0,0,0,0,1,4,2,1,3,1,45,1,62015
2012,5,,2,19,0,0,0,0,0,0,1,1,2,1,4,2,45,1,56078
2012,5,,3,20,1.17,1.17,0,0,0,0,1,15,2,1,3,1,16,1,55004
2012,5,,1,10,1.11,1.11,0,0,0,0,1,22,2,1,5,1,59,2,53053
2012,5,,2,16,1,1,0,0,0,0,2,1,2,1,7,2,11,2,52021
2012,5,,6,23,1.2,1.2,0,0,0,0,1,1,2,3,4,2,24,1,46024
2012,5,,6,14,1.2,1.2,0,0,0,0,1,16,2,1,4,1,19,1,46003
2012,5,,4,19,1.15,1.15,0,0,0,0,1,4,2,1,4,2,47,2,44081
2012,5,,6,22,1.2,1.2,0,0,0,0,2,16,2,1,4,1,16,2,45035
2012,5,,7,7,1.15,1.15,0,0,0,0,1,4,2,1,4,1,40,1,44081
2012,5,,2,18,0,0,0,0,0,0,1,,1,1,3,2,,,44040
2012,5,,5,16,1.18,1.18,0,0,0,0,2,1,2,1,3,1,51,1,44021
2012,5,,2,15,0,0,0,0,0,0,1,19,2,1,3,2,66,1,44021
2012,5,,6,9,1.25,1.25,0,0,0,0,1,18,2,1,3,1,69,1,44012
2012,5,,4,2,0,0,0,0,0,0,1,1,2,4,5,1,23,1,44021
2012,5,,5,10,0,0,0,0,0,0,1,1,2,1,4,1,29,2,43018
2012,5,,6,7,1.09,1.09,0,0,0,0,1,1,2,1,7,1,23,1,43010
2012,5,,2,13,1.19,1.19,0,0,0,0,2,1,2,1,4,2,8,2,41081
2012,5,,3,13,1.24,1.24,0,0,0,0,1,18,2,1,4,1,52,2,42006
2012,5,,6,17,1.19,1.19,0,0,0,0,1,18,2,1,4,2,37,1,41002
2012,5,,3,16,1.24,1.24,0,0,0,0,1,18,2,1,6,1,15,1,36010
2012,5,,7,20,1.24,1.24,0,0,0,0,1,18,2,1,4,2,12,1,36008
2012,5,,5,16,1.24,0,1.24,0,0,0,1,1,2,1,3,2,40,2,36008
2012,5,,4,20,1.24,1.24,0,0,0,0,1,1,2,1,2,2,24,2,36015
2012,5,,1,18,0,0,0,0,0,0,1,1,2,1,4,1,30,1,34022
2012,5,,1,5,1.12,0,1.12,0,0,0,1,1,2,3,8,2,26,1,32006
2012,5,,4,18,1.12,1.12,0,0,0,0,1,1,2,2,4,2,74,1,33037
2012,5,,4,14,1.14,1.14,0,0,0,0,2,1,2,1,3,1,26,2,31043
2012,5,,2,13,0,0,0,0,0,0,1,6,2,1,4,2,37,1,31022
2012,6,,4,18,1.12,1.12,0,0,0,0,2,1,2,1,4,1,45,2,33011
2012,6,,6,10,1.12,1.12,0,0,0,0,1,18,2,1,4,2,13,1,32011
2012,6,,2,18,1.12,1.12,0,0,0,0,1,1,2,1,2,2,79,2,33021
2012,6,,6,18,1.22,1.22,0,0,0,0,1,1,2,1,3,1,35,2,34022
2012,6,,1,13,1.41,0,1.41,0,0,0,1,1,2,1,7,,50,2,35011
2012,6,,5,11,1.24,1.24,0,0,0,0,1,1,2,1,8,,51,1,36010
2012,6,,5,19,0,0,0,0,0,0,1,1,2,1,4,1,20,2,36015
2012,6,,6,10,0,0,0,0,0,0,1,1,2,1,4,1,70,1,38014
2012,6,,6,10,0,0,0,0,0,0,1,4,2,1,4,1,53,1,38014
2012,6,,3,9,1.17,1.17,0,0,0,0,1,18,2,1,2,1,13,1,37015
2012,6,,7,11,0,0,0,0,0,0,1,4,2,1,3,2,20,1,41018
2012,6,,2,9,1.18,1.18,0,0,0,0,1,18,2,1,4,1,22,2,44021
2012,6,,6,16,0,0,0,0,0,0,1,1,2,1,4,2,44,2,44043
2012,6,,3,20,0,0,0,0,0,0,1,1,2,1,4,1,52,2,46014
2012,6,,1,18,1,1,0,0,0,0,1,1,1,1,3,2,45,1,46021
2012,6,,6,0,1.11,1.11,0,0,0,0,2,1,2,3,7,1,19,1,52011
2012,6,,6,8,1,0,1,0,0,0,2,1,1,2,7,2,25,1,51009
2012,6,,7,23,0,0,0,0,0,0,1,1,2,3,2,1,26,1,52012
2012,6,,3,13,1,0,0,0,1,1,1,14,2,1,4,1,35,1,53053
2012,6,,1,9,1.11,1.11,0,0,0,0,2,1,2,1,2,2,10,1,52063
2012,6,,2,16,1,1,0,0,0,0,2,1,1,1,3,2,40,2,52063
2012,6,,7,17,1.09,1.09,0,0,0,0,1,14,2,1,4,2,57,1,52025
2012,6,,2,15,0,0,0,0,0,0,1,4,2,1,3,,35,1,53070
2012,6,,5,17,1.16,1.16,0,0,0,0,1,14,2,1,4,1,38,1,61072
2012,6,,4,4,1.14,1.14,0,0,0,0,2,1,2,3,7,1,18,1,62027
2012,6,,7,12,1.13,1.13,0,0,0,0,1,1,2,1,7,1,38,1,62063
2012,6,,7,6,1.23,1.23,0,0,0,0,2,4,2,1,4,1,38,1,62093
2012,6,,6,22,1.13,1.13,0,0,0,0,1,15,2,1,4,1,21,1,62063
2012,6,,1,17,0,0,0,0,0,0,1,1,2,1,,2,52,1,73066
2012,6,,5,8,1.09,1.09,0,0,0,0,1,2,2,1,3,1,47,2,91005
2012,6,,4,12,1.06,1.06,0,0,0,0,1,2,2,1,8,2,44,1,84035
2012,6,,6,13,0,0,0,0,0,0,1,1,2,1,4,,52,2,92094
2012,6,,5,15,0,0,0,0,0,0,1,4,2,1,2,,34,1,92087
2012,6,,3,12,1.14,1.14,0,0,0,0,1,18,2,1,4,,16,2,91059
2012,6,,7,13,1,1,0,0,0,0,1,1,2,1,3,2,21,1,53084
2012,6,,4,19,1.11,0,1.11,0,0,0,1,18,2,1,2,1,47,2,56087
2012,6,,2,11,0,0,0,0,0,0,1,4,2,1,3,,64,1,71070
2012,6,,1,16,0,0,0,0,0,0,1,1,2,1,3,2,43,2,72039
2012,6,,4,11,0,0,0,0,0,0,1,7,2,1,2,1,25,1,23102
2012,6,,5,7,1,1,0,0,0,0,1,1,1,1,3,2,21,1,23105
2012,6,,1,13,1.27,1.27,0,0,0,0,1,2,2,1,2,,68,2,23097
2012,6,,6,14,1.23,1.23,0,0,0,0,1,18,2,1,2,1,37,1,24062
2012,6,,4,15,1.23,1.23,0,0,0,0,1,18,2,1,4,1,64,1,24062
2012,6,,2,10,1,1,0,0,0,0,1,1,1,1,3,2,,1,24055
2012,6,,3,18,1,1,0,0,0,0,2,1,1,1,7,2,22,1,24107
2012,6,,5,13,1.42,1.42,0,0,0,0,1,1,2,1,3,2,38,1,24104
2012,6,,2,18,1.2,1.2,0,0,0,0,2,1,2,1,4,2,19,2,25044
2012,6,,6,15,1.32,1.32,0,0,0,0,1,15,2,1,4,1,24,1,13040
2012,6,,5,10,0,0,0,0,0,0,1,4,2,1,3,2,39,1,13040
2012,6,,3,20,0,0,0,0,0,0,1,1,2,1,3,1,21,2,13037
2012,6,,6,19,1.17,1.17,0,0,0,0,1,,2,1,,1,64,1,21011
2012,6,,2,5,0,0,0,0,0,0,1,1,2,3,4,1,,,21015
2012,6,,5,13,1.43,1.43,0,0,0,0,1,22,2,1,5,1,76,2,21014
2012,6,,4,22,1.19,1.19,0,0,0,0,1,4,2,2,3,1,34,1,21013
2012,6,,2,17,0,0,0,0,0,0,1,4,2,1,2,2,25,2,31005
2012,6,,2,16,1.21,1.21,0,0,0,0,1,22,2,1,5,1,78,2,31005
2012,6,,3,0,1.23,1.23,0,0,0,0,2,1,2,3,7,1,10,1,11002
2012,6,,6,11,0,0,0,0,0,0,1,1,2,1,4,1,73,1,11002
2012,6,,3,17,0,0,0,0,0,0,1,4,2,1,4,1,56,1,11021
2012,6,,2,18,1.27,1.27,0,0,0,0,1,16,2,1,4,2,16,1,11009
2012,6,,1,15,1.27,1.27,0,0,0,0,1,18,2,1,4,2,76,1,11039
2012,6,,1,21,0,0,0,0,0,0,1,1,2,1,4,1,44,1,11002
2012,6,,6,14,0,0,0,0,0,0,1,1,2,1,3,1,40,1,11002
2012,7,,1,10,1.1,1.1,0,0,0,0,1,1,2,1,6,2,71,1,25120
2012,7,,1,17,0,0,0,0,0,0,1,10,2,1,4,1,55,2,11002
2012,7,,3,23,1,0,1,0,0,0,1,1,2,3,4,2,51,1,11001
2012,7,,2,9,0,0,0,0,0,0,1,10,2,1,4,1,27,2,11002
2012,7,,3,17,1.23,1.23,0,0,0,0,1,22,2,1,5,1,70,2,11002
2012,7,,2,19,1.23,1.23,0,0,0,0,2,11,2,1,3,1,9,2,11002
2012,7,,6,4,1.21,1.21,0,0,0,0,1,18,2,3,6,1,20,1,31005
2012,7,,3,16,0,0,0,0,0,0,1,1,2,1,4,1,22,1,21014
2012,7,,5,17,1.17,1.17,0,0,0,0,1,18,2,1,5,1,58,2,21012
2012,7,,1,16,0,0,0,0,0,0,1,1,2,1,4,1,,,21009
2012,7,,4,5,0,0,0,0,0,0,1,1,2,,6,1,19,1,21009
2012,7,,7,8,0,0,0,0,0,0,1,6,1,1,3,2,53,1,13019
2012,7,,7,5,1.2,1.2,0,0,0,0,1,1,2,1,7,2,26,1,13029
2012,7,,4,20,1.12,1.12,0,0,0,0,1,18,2,1,2,1,92,1,13016
2012,7,,5,21,0,0,0,0,0,0,1,1,2,1,2,2,,,13011
2012,7,,2,15,0,0,0,0,0,0,1,6,2,1,5,2,65,1,12029
2012,7,,1,18,1.3,1.3,0,0,0,0,1,1,2,1,3,2,49,1,25107
2012,7,,2,17,1,0,0,1,0,1,1,14,2,1,3,2,26,1,25031
2012,7,,7,15,0,0,0,0,0,0,1,1,2,1,4,,47,1,24104
2012,7,,6,17,1.2,1.2,0,0,0,0,2,1,2,1,7,2,46,1,24134
2012,7,,1,9,0,0,0,0,0,0,1,1,2,1,2,2,80,1,24062
2012,7,,6,8,1.31,0,1.31,0,0,0,1,1,2,1,6,2,29,1,23088
2012,7,,7,11,1.15,1.15,0,0,0,0,1,1,2,1,3,2,84,1,23032
2012,7,,2,18,1.11,1.11,0,0,0,0,2,2,2,1,3,1,12,2,92142
2012,7,,4,18,1.12,1.12,0,0,0,0,1,1,2,1,1,2,22,1,72039
2012,7,,1,16,1.14,1.14,0,0,0,0,1,1,2,1,2,2,45,1,53083
2012,7,,6,23,1,1,0,0,0,0,1,2,1,3,3,2,40,1,37020
2012,7,,6,23,1,1,0,0,0,0,1,1,1,3,3,2,42,1,37020
2012,7,,3,10,1,1,0,0,0,0,2,1,2,1,7,2,63,2,93014
2012,7,,2,17,0,0,0,0,0,0,1,1,2,1,7,2,42,1,83028
2012,7,,1,9,1.08,1.08,0,0,0,0,1,1,2,1,3,2,25,2,83034
2012,7,,6,15,1.15,1.15,0,0,0,0,2,1,2,1,7,,22,2,81015
2012,7,,7,3,1.12,1.12,0,0,0,0,2,1,2,3,4,1,18,1,73083
2012,7,,7,18,1.2,1.2,0,0,0,0,1,1,2,1,4,2,57,2,72020
2012,7,,6,22,0,0,0,0,0,0,1,1,2,1,4,2,24,2,72003
2012,7,,5,18,1.16,1.16,0,0,0,0,1,1,2,,4,,70,2,71022
2012,7,,3,12,1.16,1.16,0,0,0,0,1,1,2,1,4,2,28,2,71022
2012,7,,2,8,1.21,1.21,0,0,0,0,1,1,2,1,2,2,48,1,63001
2012,7,,7,2,1,0,1,0,0,0,2,1,1,3,7,2,65,2,63035
2012,7,,3,9,0,0,0,0,0,0,1,4,1,1,3,2,20,2,61072
2012,7,,2,16,0,0,0,0,0,0,1,4,2,1,5,1,30,1,57081
2012,7,,6,0,1.08,1.08,0,0,0,0,1,1,2,3,8,2,22,2,56016
2012,7,,1,1,1.08,1.08,0,0,0,0,1,1,2,3,7,1,59,1,56016
2012,7,,6,6,1.06,1.06,0,0,0,0,1,1,2,1,7,1,27,1,57027
2012,7,,5,11,1.18,1.18,0,0,0,0,1,1,2,1,4,1,59,1,55022
2012,7,,7,18,1.11,1.11,0,0,0,0,1,1,2,1,4,1,41,2,52043
2012,7,,7,18,1.11,1.11,0,0,0,0,1,1,2,1,2,1,30,1,52011
2012,7,,5,18,1.12,1.12,0,0,0,0,1,15,2,,3,,16,1,51014
2012,7,,2,0,0,0,0,0,0,0,1,1,2,3,3,1,18,1,46020
2012,7,,2,19,1.25,1.25,0,0,0,0,1,2,2,1,1,2,33,1,44072
2012,7,,6,11,1,0,0,0,1,1,1,22,2,1,5,1,13,1,44064
2012,7,,6,23,0,0,0,0,0,0,1,2,2,3,4,2,24,1,44034
2012,7,,4,0,0,0,0,0,0,0,1,23,2,3,2,1,62,2,44021
2012,7,,4,19,0,0,0,0,0,0,1,1,2,,4,,32,2,42026
2012,7,,3,11,0,0,0,0,0,0,1,1,2,1,3,1,69,1,43002
2012,7,,3,19,1.2,1.2,0,0,0,0,1,15,2,1,4,1,29,2,43005
2012,7,,6,10,1.13,1.13,0,0,0,0,1,2,2,1,2,1,48,2,42008
2012,7,,2,16,0,0,0,0,0,0,1,15,2,1,5,1,25,1,34022
2012,7,,6,12,1.12,1.12,0,0,0,0,1,15,2,1,4,1,53,2,33011
2012,7,,7,12,1.11,1.11,0,0,0,0,1,18,2,1,3,1,42,2,31022
2012,7,,7,15,1.14,1.14,0,0,0,0,1,16,2,1,4,1,17,1,31043
2012,7,,7,17,0,0,0,0,0,0,1,18,2,1,4,2,20,1,31012
2012,8,,5,17,1.11,1.11,0,0,0,0,2,16,2,1,4,2,18,1,31040
2012,8,,1,9,1,1,0,0,0,0,1,2,1,1,3,2,26,2,31022
2012,8,,4,18,0,0,0,0,0,0,1,14,2,1,4,1,,,34022
2012,8,,1,7,1.12,1.12,0,0,0,0,1,18,2,1,4,2,50,1,33021
2012,8,,3,18,1.12,1.12,0,0,0,0,2,1,2,1,2,2,74,2,33037
2012,8,,5,13,1.32,1.32,0,0,0,0,1,1,2,1,3,1,40,1,35013
2012,8,,1,13,1.17,1.17,0,0,0,0,2,1,2,1,3,2,41,2,35005
2012,8,,4,16,1.24,0,1.24,0,0,0,1,14,2,1,3,1,37,1,36015
2012,8,,2,19,1.17,1.17,0,0,0,0,1,1,2,1,4,2,78,1,37015
2012,8,,4,15,0,0,0,0,0,0,1,1,2,1,4,1,45,1,38008
2012,8,,5,14,0,0,0,0,0,0,1,1,2,1,4,2,86,1,42023
2012,8,,7,19,1.13,1.13,0,0,0,0,2,1,2,1,7,2,16,1,42023
2012,8,,6,18,1.12,1.12,0,0,0,0,2,2,2,1,3,2,67,2,44001
2012,8,,7,19,0,0,0,0,0,0,1,1,1,1,3,2,18,1,43010
2012,8,,2,6,1.18,1.18,0,0,0,0,2,4,2,3,3,2,35,1,44021
2012,8,,1,18,1,0,1,0,0,0,1,1,1,1,7,2,25,2,44021
2012,8,,5,1,0,0,0,0,0,0,1,4,2,3,3,2,30,1,44011
2012,8,,5,12,1,1,0,0,0,0,2,1,2,1,3,2,63,2,44021
2012,8,,1,10,0,0,0,0,0,0,1,15,2,1,5,,,,44021
2012,8,,4,4,1.15,1.15,0,0,0,0,1,1,2,3,7,2,21,1,44034
2012,8,,6,13,0,0,0,0,0,0,1,1,1,1,1,,55,1,44043
2012,8,,5,0,1,0,0,0,1,1,1,1,2,3,7,2,29,1,45057
2012,8,,2,22,1.2,1.2,0,0,0,0,2,1,2,3,7,2,43,2,45017
2012,8,,5,15,0,0,0,0,0,0,1,1,2,1,4,1,74,1,46021
2012,8,,5,14,0,0,0,0,0,0,1,1,2,1,2,1,73,2,46021
2012,8,,4,22,1.2,0,1.2,0,0,0,1,13,2,3,4,2,31,1,46020
2012,8,,5,14,0,0,0,0,0,0,1,1,2,1,2,1,28,1,52011
2012,8,,1,18,0,0,0,0,0,0,1,1,2,1,4,1,25,2,52011
2012,8,,2,21,1.11,1.11,0,0,0,0,1,1,2,1,7,1,58,1,53053
2012,8,,6,5,1,1,0,0,0,0,1,1,1,3,3,2,20,1,53053
2012,8,,6,12,1.17,1.17,0,0,0,0,1,1,2,1,2,1,70,2,52055
2012,8,,6,19,1.18,1.18,0,0,0,0,2,1,2,1,4,1,43,2,55022
2012,8,,3,17,0,0,0,0,0,0,1,1,2,1,3,1,41,2,54007
2012,8,,5,17,0,0,0,0,0,0,1,1,2,,2,,48,2,62032
2012,8,,4,14,1.11,1.11,0,0,0,0,1,22,2,1,5,1,79,2,61031
2012,8,,1,15,1.16,1.16,0,0,0,0,1,15,2,1,4,1,16,1,62096
2012,8,,6,15,1.13,1.13,0,0,0,0,1,16,2,1,3,1,,,62063
2012,8,,3,16,0,0,0,0,0,0,1,1,2,1,5,1,23,2,63079
2012,8,,1,10,1.16,1.16,0,0,0,0,2,1,2,1,2,2,0,2,71011
2012,8,,1,17,1.17,1.17,0,0,0,0,1,1,2,1,3,2,36,1,71004
2012,8,,6,8,1.16,1.16,0,0,0,0,1,1,2,1,7,2,27,1,71016
2012,8,,6,12,0,0,0,0,0,0,1,1,2,1,2,1,55,2,71016
2012,8,,6,15,1.16,1.16,0,0,0,0,2,1,2,1,2,1,11,2,71047
2012,8,,7,12,0,0,0,0,0,0,1,1,2,1,4,2,28,2,71037
2012,8,,7,1,1.22,1.22,0,0,0,0,1,16,2,3,8,1,28,1,71053
2012,8,,6,17,1.14,0,1.14,0,0,0,1,18,2,1,6,2,46,1,72030
2012,8,,7,11,1.14,1.14,0,0,0,0,1,18,2,1,6,2,52,1,72030
2012,8,,1,15,1.12,1.12,0,0,0,0,1,7,2,1,4,2,62,1,72029
2012,8,,3,14,1.12,1.12,0,0,0,0,1,18,2,1,2,2,31,1,72025
2012,8,,4,11,0,0,0,0,0,0,1,1,2,1,3,2,18,1,73042
2012,8,,7,23,1.16,1.16,0,0,0,0,2,1,2,3,4,1,17,2,73042
2012,8,,2,10,1.14,1.14,0,0,0,0,2,2,2,1,8,,17,2,91030
2012,8,,7,11,0,0,0,0,0,0,1,2,2,1,5,1,47,1,91114
2012,8,,4,9,1.11,1.11,0,0,0,0,1,1,2,,6,,43,1,92101
2012,8,,6,13,1.14,1.14,0,0,0,0,1,2,2,1,7,2,61,2,93022
2012,8,,1,15,0,0,0,0,0,0,1,1,2,1,5,1,29,1,53082
2012,8,,5,12,0,0,0,0,0,0,1,2,2,1,5,1,25,1,92142
2012,8,,3,10,1,1,0,0,0,0,1,7,2,1,1,2,52,1,23045
2012,8,,7,5,1.27,1.27,0,0,0,0,1,16,2,3,8,2,19,1,23086
2012,8,,3,8,1.27,1.27,0,0,0,0,1,1,2,1,2,1,27,2,23086
2012,8,,7,22,0,0,0,0,0,0,1,1,2,3,2,2,42,1,23062
2012,8,,4,0,1,0,0,0,1,1,1,13,2,,6,,23,1,24020
2012,8,,1,15,1.2,1.2,0,0,0,0,1,1,2,1,3,1,46,1,24020
2012,8,,4,16,1.23,1.23,0,0,0,0,1,18,2,1,3,1,27,1,24062
2012,8,,2,16,0,0,0,0,0,0,1,1,2,1,3,2,63,1,24062
2012,8,,5,15,1.07,1.07,0,0,0,0,1,18,2,1,4,2,61,2,24107
2012,8,,5,20,1.14,1.14,0,0,0,0,2,2,2,2,4,2,48,2,24130
2012,8,,5,20,0,0,0,0,0,0,1,7,2,2,4,2,54,1,24130
2012,8,,1,8,1.32,1.32,0,0,0,0,1,1,2,1,4,2,43,2,13004
2012,8,,5,18,1.43,1.43,0,0,0,0,2,2,2,1,2,1,19,,21006
2012,8,,5,12,0,0,0,0,0,0,1,1,2,1,3,1,34,1,21006
2012,8,,7,0,1.17,1.17,0,0,0,0,1,1,2,1,2,1,25,2,21012
2012,8,,1,22,0,0,0,0,0,0,1,4,2,2,4,1,27,1,11029
2012,8,,2,18,1.23,1.23,0,0,0,0,1,18,2,1,4,1,42,1,11013
2012,8,,7,15,1.23,1.23,0,0,0,0,1,24,2,1,2,2,34,2,11013
2012,8,,4,17,1,1,0,0,0,0,1,2,1,1,1,2,33,1,11013
2012,8,,4,8,1.33,1.33,0,0,0,0,1,18,2,1,4,1,53,1,11050
2012,8,,7,5,1.14,1.14,0,0,0,0,1,2,2,3,6,1,29,1,12021
2012,8,,7,20,0,0,0,0,0,0,1,15,2,1,2,1,29,1,11002
2012,8,,4,23,1.23,1.23,0,0,0,0,1,22,2,3,5,1,24,1,11002
2012,8,,2,10,1.23,1.23,0,0,0,0,1,22,2,1,5,1,59,1,11002
2012,8,,3,17,0,0,0,0,0,0,1,4,2,1,3,1,52,1,11002
2012,9,,1,17,1,1,0,0,0,0,1,2,1,1,3,2,35,2,11002
2012,9,,6,4,1.23,1.23,0,0,0,0,2,1,2,3,4,1,23,2,11002
2012,9,,4,16,1.23,1.23,0,0,0,0,2,1,2,1,4,1,32,2,11002
2012,9,,7,1,1.23,1.23,0,0,0,0,1,16,2,3,4,1,26,1,11002
2012,9,,4,10,1.23,1.23,0,0,0,0,1,13,2,1,2,1,31,1,11002
2012,9,,6,16,1.14,1.14,0,0,0,0,1,18,2,1,7,2,41,1,12014
2012,9,,1,20,0,0,0,0,0,0,1,1,2,1,4,2,19,1,12014
2012,9,,2,20,0,0,0,0,0,0,1,16,2,1,2,1,33,1,11044
2012,9,,5,17,1.27,0,1.27,0,0,0,1,16,2,1,4,1,16,1,11009
2012,9,,3,10,0,0,0,0,0,0,1,1,2,1,4,1,22,1,11002
2012,9,,5,8,0,0,0,0,0,0,1,1,2,1,5,1,46,2,21015
2012,9,,6,12,0,0,0,0,0,0,1,14,2,1,3,,42,1,21019
2012,9,,1,20,1.12,1.12,0,0,0,0,1,18,2,3,8,1,16,1,21009
2012,9,,2,9,1.12,1.12,0,0,0,0,1,22,2,1,5,1,29,2,21009
2012,9,,4,19,1.12,1.12,0,0,0,0,1,1,2,1,4,1,35,1,21009