year,month,monthDay,weekDay,hour,numVictims,numSlightlyInjured,numSeverelyInjured,numMortallyInjured,numDiedWithin24Hours,numDiedWithin30Days,victimType,roadUserType,roadType,lightConditions,collisionType,areaType,age,sex,municipality
2012,9,,5,10,1.12,1.12,0,0,0,0,1,13,2,1,4,1,45,1,21004
2012,9,,6,4,1.43,1.43,0,0,0,0,2,1,2,,7,,21,1,21006
2012,9,,5,17,0,0,0,0,0,0,1,1,2,1,4,1,49,2,21004
2012,9,,1,11,1.12,1.12,0,0,0,0,1,1,2,1,3,1,33,1,21004
2012,9,,3,13,1.2,1.2,0,0,0,0,1,18,2,1,2,1,51,2,13029
2012,9,,7,10,2.4,2.4,0,0,0,0,1,18,2,1,4,2,50,1,13010
2012,9,,7,6,1.18,1.18,0,0,0,0,1,1,2,4,7,2,37,2,25072
2012,9,,5,19,1.18,1.18,0,0,0,0,2,1,2,1,6,1,7,2,25072
2012,9,,6,20,1.23,1.23,0,0,0,0,1,1,2,1,4,2,43,1,24062
2012,9,,6,15,1.14,1.14,0,0,0,0,2,1,2,1,4,2,16,1,24059
2012,9,,3,18,1.15,1.15,0,0,0,0,1,1,2,1,4,2,24,2,24001
2012,9,,1,16,1.15,1.15,0,0,0,0,1,2,2,1,3,2,57,1,23098
2012,9,,3,19,1.08,1.08,0,0,0,0,1,13,2,1,4,2,38,1,23077
2012,9,,1,11,0,0,0,0,0,0,1,4,2,1,5,,32,1,54010
2012,9,,7,23,1.08,1.08,0,0,0,0,1,2,2,4,7,2,48,1,82037
2012,9,,1,17,0,0,0,0,0,0,1,1,2,,3,,25,2,62122
2012,9,,3,18,1.06,1.06,0,0,0,0,2,4,2,1,4,2,16,1,57095
2012,9,,4,18,1.1,1.1,0,0,0,0,1,1,2,1,2,2,24,1,57094
2012,9,,6,8,1.11,1.11,0,0,0,0,1,14,2,,4,,38,1,92048
2012,9,,4,18,1.08,1.08,0,0,0,0,1,1,2,1,7,2,64,1,83028
2012,9,,4,23,1.15,1.15,0,0,0,0,2,2,2,3,8,1,20,1,81004
2012,9,,7,18,1,1,0,0,0,0,1,2,1,1,7,2,51,2,73066
2012,9,,5,16,1.12,1.12,0,0,0,0,1,1,2,1,3,1,37,2,72029
2012,9,,7,17,1.16,1.16,0,0,0,0,2,1,2,1,3,2,36,2,71022
2012,9,,5,17,1.16,1.16,0,0,0,0,1,18,2,1,4,1,55,2,71016
2012,9,,2,16,1.17,1.17,0,0,0,0,1,7,2,1,3,2,20,1,71004
2012,9,,6,18,0,0,0,0,0,0,1,1,2,1,2,2,20,1,71004
2012,9,,2,9,1.13,1.13,0,0,0,0,1,13,2,1,4,1,44,1,62099
2012,9,,2,16,0,0,0,0,0,0,1,4,2,1,4,1,38,1,62096
2012,9,,7,19,1,0,0,0,1,1,1,18,2,1,4,1,11,1,62003
2012,9,,5,17,1.12,1.12,0,0,0,0,1,15,2,1,8,1,22,2,57081
2012,9,,7,20,1.06,0,1.06,0,0,0,1,2,2,1,4,2,33,1,57018
2012,9,,5,0,0,0,0,0,0,0,1,2,2,3,4,1,,,53053
2012,9,,1,5,1.14,1.14,0,0,0,0,1,1,2,3,7,1,45,1,52015
2012,9,,5,11,1.11,0,1.11,0,0,0,1,1,2,1,3,1,47,1,52011
2012,9,,1,15,0,0,0,0,0,0,1,1,2,1,7,1,27,1,52012
2012,9,,2,9,1.11,1.11,0,0,0,0,1,1,2,1,4,1,49,2,52011
2012,9,,6,15,1.11,1.11,0,0,0,0,1,1,2,1,4,1,38,2,52011
2012,9,,6,8,1.11,1.11,0,0,0,0,2,1,2,2,1,1,20,1,52011
2012,9,,6,19,0,0,0,0,0,0,1,1,2,1,4,1,,,51009
2012,9,,2,10,1.2,1.2,0,0,0,0,1,22,2,1,5,1,76,2,46024
2012,9,,7,15,0,0,0,0,0,0,1,22,2,1,5,2,,,46024
2012,9,,2,9,1.25,1.25,0,0,0,0,1,6,2,1,8,2,39,1,44080
2012,9,,5,13,0,0,0,0,0,0,1,1,2,1,4,2,41,2,45035
2012,9,,4,17,1.2,1.2,0,0,0,0,1,18,2,1,4,1,18,1,46003
2012,9,,6,19,0,0,0,0,0,0,1,4,2,1,4,1,22,1,45017
2012,9,,2,16,1.21,1.21,0,0,0,0,1,2,2,1,3,2,50,1,44052
2012,9,,1,16,0,0,0,0,0,0,1,1,2,1,1,,23,1,44021
2012,9,,3,13,1,1,0,0,0,0,1,2,2,1,3,2,44,1,43002
2012,9,,1,23,1.07,1.07,0,0,0,0,1,16,2,3,8,2,38,1,42025
2012,9,,5,12,1.24,1.24,0,0,0,0,1,16,2,1,4,1,81,1,42006
2012,9,,3,16,1.13,1.13,0,0,0,0,1,18,2,1,2,1,48,1,42008
2012,9,,6,14,0,0,0,0,0,0,1,1,2,1,3,1,36,1,41002
2012,9,,7,14,1.19,1.19,0,0,0,0,1,1,2,1,7,2,44,2,41002
2012,9,,7,20,1.22,1.22,0,0,0,0,1,1,2,2,4,1,66,2,34022
2012,9,,1,15,1.14,1.14,0,0,0,0,1,18,2,1,4,1,30,2,31043
2012,9,,5,12,0,0,0,0,0,0,1,1,2,1,4,1,34,1,31033
2012,9,,4,2,1,0,1,0,0,0,1,2,1,4,3,2,35,1,31022
2012,10,,5,18,1.11,1.11,0,0,0,0,1,13,2,1,4,2,32,1,31022
2012,10,,5,4,1,1,0,0,0,0,1,7,1,,7,,38,1,31022
2012,10,,5,16,1.18,1.18,0,0,0,0,1,18,2,1,8,1,62,2,34013
2012,10,,5,9,1.12,1.12,0,0,0,0,1,1,2,1,8,2,73,2,33011
2012,10,,5,20,0,0,0,0,0,0,1,1,2,3,3,2,73,1,34002
2012,10,,4,5,1.24,0,1.24,0,0,0,1,1,2,3,7,1,20,1,34027
2012,10,,5,9,0,0,0,0,0,0,1,1,2,1,4,1,68,2,34022
2012,10,,4,13,1.24,1.24,0,0,0,0,1,1,2,1,2,1,19,2,36008
2012,10,,1,9,1.17,1.17,0,0,0,0,1,1,2,1,4,2,28,2,37015
2012,10,,3,16,1.12,1.12,0,0,0,0,1,18,2,1,4,2,37,1,44001
2012,10,,3,15,1.21,1.21,0,0,0,0,2,4,2,1,3,2,49,1,42028
2012,10,,6,21,0,0,0,0,0,0,1,1,2,3,4,1,23,1,44021
2012,10,,6,13,0,0,0,0,0,0,1,1,2,1,4,2,24,1,44021
2012,10,,7,18,0,0,0,0,0,0,1,1,2,1,4,1,42,2,44021
2012,10,,5,19,1.18,0,1.18,0,0,0,1,16,2,1,2,1,48,1,44021
2012,10,,1,12,1.18,1.18,0,0,0,0,1,14,2,1,4,1,75,1,44021
2012,10,,4,16,1.18,1.18,0,0,0,0,1,16,2,1,4,2,16,1,44021
2012,10,,3,13,0,0,0,0,0,0,1,1,2,1,4,1,86,1,44021
2012,10,,7,15,1.15,1.15,0,0,0,0,2,1,2,1,3,2,17,1,44034
2012,10,,1,18,0,0,0,0,0,0,1,2,2,1,4,2,25,2,44043
2012,10,,1,17,1.21,1.21,0,0,0,0,1,18,2,1,2,1,56,1,44043
2012,10,,3,16,1.14,1.14,0,0,0,0,1,21,2,1,5,1,74,2,46014
2012,10,,2,17,1.14,1.14,0,0,0,0,2,1,2,1,7,1,4,2,52015
2012,10,,7,17,1.13,1.13,0,0,0,0,2,1,2,1,2,1,26,2,52012
2012,10,,7,19,1.11,1.11,0,0,0,0,1,1,2,1,4,1,27,1,52011
2012,10,,1,15,1,1,0,0,0,0,1,1,1,1,3,2,79,1,52063
2012,10,,6,1,1.12,1.12,0,0,0,0,1,1,2,3,8,2,46,1,57081
2012,10,,1,18,0,0,0,0,0,0,1,1,2,1,5,1,63,1,57064
2012,10,,3,21,1,0,0,0,1,1,1,1,2,,2,,63,1,57018
2012,10,,1,16,0,0,0,0,0,0,1,1,2,1,5,1,23,1,57081
2012,10,,2,17,0,0,0,0,0,0,1,1,2,1,5,1,25,1,62063
2012,10,,6,0,0,0,0,0,0,0,1,1,2,3,4,1,19,1,71020
2012,10,,5,15,0,0,0,0,0,0,1,1,2,1,4,2,38,1,71016
2012,10,,3,22,1.12,1.12,0,0,0,0,1,18,2,3,3,2,15,1,71037
2012,10,,5,8,0,0,0,0,0,0,1,4,2,2,4,1,46,1,73083
2012,10,,6,17,1.46,1.46,0,0,0,0,1,22,2,,5,,31,2,92094
2012,10,,4,8,1.09,1.09,0,0,0,0,1,22,2,3,5,1,10,1,91034
2012,10,,7,8,1.24,1.24,0,0,0,0,1,1,2,1,2,1,41,2,13053
2012,10,,5,16,1.09,1.09,0,0,0,0,2,1,2,1,7,,9,1,52048
2012,10,,6,22,1.13,1.13,0,0,0,0,2,1,2,3,7,2,16,1,93056
2012,10,,3,20,1.16,1.16,0,0,0,0,2,1,2,4,4,2,7,2,62121
2012,10,,2,17,1.1,1.1,0,0,0,0,2,1,2,,4,,5,2,57094
2012,10,,2,16,1.12,1.12,0,0,0,0,1,1,2,1,3,2,43,1,72039
2012,10,,6,14,1.09,1.09,0,0,0,0,1,1,2,1,3,2,38,1,23062
2012,10,,3,14,1.06,1.06,0,0,0,0,1,18,2,1,4,1,44,2,23094
2012,10,,1,8,1.2,1.2,0,0,0,0,1,15,2,1,4,2,49,1,24028
2012,10,,2,18,0,0,0,0,0,0,1,4,2,,4,,20,1,25014
2012,10,,1,8,1.24,1.24,0,0,0,0,1,22,2,,5,,2,2,25014
2012,10,,7,16,1.2,1.2,0,0,0,0,2,1,2,1,3,2,13,2,12030
2012,10,,4,16,0,0,0,0,0,0,1,1,2,1,4,1,89,1,12029
2012,10,,1,16,1.11,1.11,0,0,0,0,1,16,2,1,,2,57,1,13003
2012,10,,3,14,1.31,1.31,0,0,0,0,1,1,2,1,4,1,80,2,12025
2012,10,,3,16,0,0,0,0,0,0,1,1,2,1,4,1,54,1,12025
2012,10,,5,21,0,0,0,0,0,0,1,1,2,3,4,2,22,1,13008
2012,10,,1,16,0,0,0,0,0,0,1,1,2,1,4,,22,2,13011
2012,10,,5,17,0,0,0,0,0,0,1,1,2,1,4,1,22,2,13029
2012,10,,1,9,1.19,1.19,0,0,0,0,1,22,2,1,5,1,31,2,21001
2012,10,,5,16,0,0,0,0,0,0,1,2,2,1,4,1,37,1,21001
2012,10,,5,16,0,0,0,0,0,0,1,1,2,1,3,1,35,1,21004
2012,10,,3,6,1,0,0,0,1,1,1,1,2,3,7,1,20,1,21004
2012,10,,6,11,1.17,1.17,0,0,0,0,1,13,2,1,4,1,52,1,21010
2012,10,,3,14,1.17,1.17,0,0,0,0,1,22,2,1,5,1,83,2,21012
2012,10,,5,21,0,0,0,0,0,0,1,1,2,3,3,1,33,1,21012
2012,10,,3,10,0,0,0,0,0,0,1,18,2,1,4,1,42,1,21015
2012,10,,4,9,0,0,0,0,0,0,1,1,2,1,4,1,29,1,21018
2012,10,,1,12,0,0,0,0,0,0,1,1,2,1,4,1,,,11002
2012,10,,4,11,0,0,0,0,0,0,1,1,2,1,3,1,64,2,11008
2012,10,,5,19,0,0,0,0,0,0,1,1,2,2,4,2,25,2,11053
2012,10,,2,9,0,0,0,0,0,0,1,1,2,,4,,32,1,12021
2012,10,,5,18,0,0,0,0,0,0,1,1,1,1,3,2,30,1,11002
2012,10,,4,17,1.23,1.23,0,0,0,0,1,4,2,1,1,2,56,1,11002
2012,10,,1,18,0,0,0,0,0,0,1,10,2,1,4,1,42,1,11002
2012,11,,6,15,0,0,0,0,0,0,1,1,2,1,5,1,44,2,25121
2012,11,,2,10,1.23,1.23,0,0,0,0,1,18,2,1,4,1,60,2,11002
2012,11,,4,0,1.23,1.23,0,0,0,0,1,1,2,3,4,2,57,1,11002
2012,11,,7,4,1,1,0,0,0,0,1,2,1,3,3,2,58,1,11002
2012,11,,2,9,0,0,0,0,0,0,1,1,2,1,7,1,21,2,11056
2012,11,,2,10,1,1,0,0,0,0,1,1,1,1,3,2,18,1,11037
2012,11,,3,12,1.26,1.26,0,0,0,0,1,18,2,1,3,1,14,2,11008
2012,11,,3,11,1.16,1.16,0,0,0,0,1,1,2,1,4,1,68,2,11016
2012,11,,2,18,1.23,1.23,0,0,0,0,1,24,2,3,4,2,31,1,11024
2012,11,,4,14,1.21,1.21,0,0,0,0,2,5,2,1,2,2,19,2,31005
2012,11,,3,16,0,0,0,0,0,0,1,1,2,1,2,1,69,1,21016
2012,11,,4,7,1.24,1.24,0,0,0,0,1,22,2,,5,,62,1,21019
2012,11,,4,18,0,0,0,0,0,0,1,1,2,1,4,1,21,1,21013
2012,11,,7,1,1.17,1.17,0,0,0,0,1,1,2,3,4,1,18,1,21012
2012,11,,4,9,0,0,0,0,0,0,1,4,2,,5,1,,,21004
2012,11,,5,20,0,0,0,0,0,0,1,2,2,3,5,1,66,1,21002
2012,11,,7,15,1.32,1.32,0,0,0,0,1,1,2,1,3,2,24,2,13040
2012,11,,2,21,1.2,1.2,0,0,0,0,1,17,2,3,2,1,47,1,13029
2012,11,,6,20,1.24,1.24,0,0,0,0,1,1,2,,4,,35,1,13008
2012,11,,1,11,1.3,1.3,0,0,0,0,1,18,2,1,2,1,52,1,12029
2012,11,,3,13,1.14,1.14,0,0,0,0,1,2,2,1,3,2,78,1,25043
2012,11,,7,22,1.1,1.1,0,0,0,0,1,1,2,3,4,2,53,2,25084
2012,11,,7,2,0,0,0,0,0,0,1,2,2,,4,,,,25014
2012,11,,5,13,0,0,0,0,0,0,1,1,2,1,3,1,25,1,23088
2012,11,,4,6,1.09,1.09,0,0,0,0,1,1,2,4,4,2,54,1,23033
2012,11,,6,20,0,0,0,0,0,0,1,1,2,3,4,1,19,1,23016
2012,11,,3,8,2.14,2.14,0,0,0,0,2,1,2,2,8,2,43,1,61079
2012,11,,2,22,0,0,0,0,0,0,1,9,2,4,3,2,28,1,33041
2012,11,,7,10,1.18,1.18,0,0,0,0,1,18,2,1,4,2,44,1,32030
2012,11,,6,22,0,0,0,0,0,0,1,1,2,3,5,1,47,1,92094
2012,11,,5,20,1.46,1.46,0,0,0,0,1,1,2,3,2,2,51,2,92094
2012,11,,2,13,1.09,1.09,0,0,0,0,1,2,2,1,8,2,27,2,91141
2012,11,,3,11,0,0,0,0,0,0,1,1,2,1,4,1,24,1,73107
2012,11,,5,20,1,1,0,0,0,0,2,1,1,3,7,2,27,2,71016
2012,11,,5,22,1.19,1.19,0,0,0,0,1,1,2,3,4,1,47,1,62118
2012,11,,1,4,1.19,1.19,0,0,0,0,2,1,2,3,7,1,18,1,62118
2012,11,,4,5,0,0,0,0,0,0,1,1,2,3,4,1,37,1,62063
2012,11,,5,0,1,1,0,0,0,0,1,1,1,3,3,2,47,2,62032
2012,11,,7,3,1.18,1.18,0,0,0,0,2,2,2,3,6,1,21,2,55022
2012,11,,4,22,1.11,1.11,0,0,0,0,2,15,2,,8,,33,2,53053
2012,11,,2,9,1.09,1.09,0,0,0,0,1,14,2,1,4,1,39,1,52025
2012,11,,6,19,1.12,1.12,0,0,0,0,1,1,2,3,2,2,27,2,53044
2012,11,,5,20,1.17,1.17,0,0,0,0,1,24,2,3,4,1,17,1,52055
2012,11,,5,18,0,0,0,0,0,0,1,1,2,3,2,2,65,2,51009
2012,11,,2,16,1.29,1.29,0,0,0,0,1,18,2,1,3,1,42,2,46021
2012,11,,5,20,1.2,1.2,0,0,0,0,2,1,2,,4,,19,1,46003
2012,11,,2,10,0,0,0,0,0,0,1,2,2,1,3,2,24,1,45017
2012,11,,6,10,1.2,1.2,0,0,0,0,1,18,2,1,4,1,52,2,45035
2012,11,,3,8,1,1,0,0,0,0,1,1,1,1,3,2,51,2,44021
2012,11,,4,9,0,0,0,0,0,0,1,1,1,1,7,2,39,1,44021
2012,11,,7,7,0,0,0,0,0,0,1,1,2,3,4,1,62,2,44021
2012,11,,1,16,0,0,0,0,0,0,1,1,2,1,2,1,58,1,44021
2012,11,,5,9,0,0,0,0,0,0,1,1,2,1,4,1,26,2,44021
2012,11,,3,13,1.12,1.12,0,0,0,0,1,4,2,1,2,2,30,1,44001
2012,11,,6,15,0,0,0,0,0,0,1,1,2,1,3,,30,1,41081
2012,11,,4,22,1.24,0,1.24,0,0,0,2,1,2,3,7,2,18,1,36008
2012,11,,4,12,1.17,1.17,0,0,0,0,1,1,2,1,4,1,57,2,35006
2012,11,,4,12,0,0,0,0,0,0,1,4,2,1,4,1,23,1,35006
2012,11,,3,17,0,0,0,0,0,0,1,1,2,1,4,2,76,1,34022
2012,11,,6,9,1.12,1.12,0,0,0,0,1,4,2,1,4,1,34,2,32006
2012,11,,7,6,1.16,1.16,0,0,0,0,2,1,2,3,7,1,25,2,34003
2012,11,,5,18,1.12,0,1.12,0,0,0,1,13,2,3,4,2,23,1,32003
2012,12,,7,11,1.17,1.17,0,0,0,0,1,1,2,1,4,2,25,2,31033
2012,12,,3,15,1.12,1.12,0,0,0,0,2,1,2,1,4,2,13,2,33011
2012,12,,7,15,1,0,1,0,0,0,1,1,1,1,7,2,35,1,34022
2012,12,,4,20,1.16,1.16,0,0,0,0,1,1,2,3,4,2,22,1,34042
2012,12,,3,15,1.41,1.41,0,0,0,0,1,1,2,1,7,2,43,1,35011
2012,12,,1,8,0,0,0,0,0,0,1,1,2,4,3,2,40,2,36012
2012,12,,7,16,1.19,1.19,0,0,0,0,2,1,2,1,4,1,18,2,41002
2012,12,,2,18,0,0,0,0,0,0,1,4,2,3,3,1,54,1,42025
2012,12,,7,22,1.19,1.19,0,0,0,0,2,2,2,4,3,2,61,1,41081
2012,12,,5,19,1.13,1.13,0,0,0,0,1,18,2,3,2,2,74,2,42008
2012,12,,5,19,1.12,1.12,0,0,0,0,1,22,2,3,5,1,45,2,44001
2012,12,,6,18,1.15,1.15,0,0,0,0,1,1,2,3,4,2,31,2,43018
2012,12,,2,18,1.07,1.07,0,0,0,0,1,2,2,3,3,1,34,1,42025
2012,12,,6,23,0,0,0,0,0,0,1,1,2,3,5,1,26,2,44021
2012,12,,7,19,1.18,1.18,0,0,0,0,2,1,2,3,2,1,6,2,44021
2012,12,,4,18,1.18,1.18,0,0,0,0,1,1,2,2,1,2,43,2,44021
2012,12,,2,11,0,0,0,0,0,0,1,1,2,1,4,1,83,1,44034
2012,12,,6,10,1,1,0,0,0,0,2,1,1,1,7,2,34,1,44043
2012,12,,3,13,0,0,0,0,0,0,1,1,2,1,3,1,41,1,46021
2012,12,,3,13,0,0,0,0,0,0,1,1,2,1,1,1,59,2,46021
2012,12,,6,12,0,0,0,0,0,0,1,1,2,1,3,2,26,2,46020
2012,12,,7,20,1.11,1.11,0,0,0,0,2,1,2,3,4,1,23,2,53053
2012,12,,6,15,1.11,1.11,0,0,0,0,1,16,2,1,6,,17,1,53053
2012,12,,1,20,1,0,0,0,1,1,1,1,1,3,2,2,34,1,52055
2012,12,,6,20,0,0,0,0,0,0,1,1,2,3,5,2,22,1,57081
2012,12,,7,0,1.11,1.11,0,0,0,0,1,1,2,4,7,1,23,2,61031
2012,12,,2,8,0,0,0,0,0,0,1,1,2,3,3,1,43,2,62063
2012,12,,4,17,1.14,1.14,0,0,0,0,1,22,2,1,5,1,17,2,62108
2012,12,,1,19,0,0,0,0,0,0,1,1,2,3,4,1,47,2,62096
2012,12,,7,11,1.05,1.05,0,0,0,0,1,1,2,1,7,2,44,1,63048
2012,12,,7,23,0,0,0,0,0,0,1,6,1,3,7,2,59,1,63067
2012,12,,3,15,1.16,1.16,0,0,0,0,1,2,2,1,4,2,28,2,71016
2012,12,,2,13,1,1,0,0,0,0,1,6,1,1,3,2,51,1,71037
2012,12,,4,6,1.22,1.22,0,0,0,0,1,1,2,3,7,2,23,1,71053
2012,12,,1,15,0,0,0,0,0,0,1,1,2,1,4,2,33,1,72029
2012,12,,1,8,1.2,1.2,0,0,0,0,1,14,2,2,4,2,64,1,72020
2012,12,,1,0,0,0,0,0,0,0,1,1,2,3,2,1,43,2,83034
2012,12,,3,18,1.08,1.08,0,0,0,0,1,1,2,3,3,2,82,1,83012
2012,12,,7,7,0,0,0,0,0,0,1,1,2,4,5,2,62,1,92097
2012,12,,7,5,1,0,0,0,1,1,1,1,2,,8,,34,1,53084
2012,12,,3,15,0,0,0,0,0,0,1,1,2,1,3,2,35,1,72039
2012,12,,7,11,1,1,0,0,0,0,2,1,2,1,4,2,21,2,23002
2012,12,,7,13,1.19,1.19,0,0,0,0,1,1,2,1,4,2,84,1,72041
2012,12,,5,12,1.2,1.2,0,0,0,0,1,15,2,1,4,1,44,2,24020
2012,12,,7,16,1.12,1.12,0,0,0,0,2,1,2,1,4,,30,2,23103
2012,12,,3,18,0,0,0,0,0,0,1,1,2,3,4,2,35,2,24001
2012,12,,6,16,1.23,1.23,0,0,0,0,1,22,2,1,5,1,57,1,24062
2012,12,,5,8,1.19,1.19,0,0,0,0,1,22,2,3,5,2,12,2,25112
2012,12,,6,15,0,0,0,0,0,0,1,1,2,1,3,2,68,1,13037
2012,12,,2,19,1.12,1.12,0,0,0,0,1,22,2,3,5,1,34,2,21004
2012,12,,3,12,0,0,0,0,0,0,1,1,2,1,4,1,56,1,21001
2012,12,,1,9,1.12,1.12,0,0,0,0,1,2,2,1,4,1,29,1,21004
2012,12,,1,23,1.12,1.12,0,0,0,0,1,22,2,3,5,1,29,2,21004
2012,12,,1,15,0,0,0,0,0,0,1,1,2,1,5,1,80,1,21001
2012,12,,6,15,0,0,0,0,0,0,1,1,2,1,5,1,53,1,21014
2012,12,,4,11,1.43,1.43,0,0,0,0,1,1,2,1,1,1,27,1,21015
2012,12,,4,19,0,0,0,0,0,0,1,4,1,3,3,2,49,1,31003
2012,12,,2,12,1.24,1.24,0,0,0,0,1,1,2,1,4,1,36,2,21019
2012,12,,5,13,1.43,1.43,0,0,0,0,1,1,2,1,4,1,34,2,21015
2012,12,,4,22,0,0,0,0,0,0,1,1,2,3,3,2,20,1,11007
2012,12,,2,10,1.33,1.33,0,0,0,0,1,22,2,1,5,1,44,2,11029
2012,12,,1,20,1.27,1.27,0,0,0,0,1,18,2,4,4,1,15,1,11055
2012,12,,7,15,1,1,0,0,0,0,1,1,1,1,7,2,57,1,11035
2012,12,,3,18,1.14,0,1.14,0,0,0,1,22,2,3,5,2,24,1,12014
2012,12,,2,19,0,0,0,0,0,0,1,2,2,3,3,1,33,1,11002
2012,12,,5,18,0,0,0,0,0,0,1,1,2,3,4,1,31,2,11002
2012,12,,7,5,1.23,1.23,0,0,0,0,2,1,2,3,2,2,40,2,11002
2012,12,,1,20,0,0,0,0,0,0,1,4,2,3,3,1,39,1,11002
2012,12,,5,10,1.23,1.23,0,0,0,0,1,18,2,1,4,1,51,2,11002
2013,1,,3,7,1,1,0,0,0,0,2,1,2,3,7,2,56,1,11002
2013,1,,3,13,1,1,0,0,0,0,1,1,2,1,4,2,54,1,11002
2013,1,,4,19,0,0,0,0,0,0,1,1,2,3,2,1,54,1,11002
2013,1,,2,12,1,1,0,0,0,0,1,4,2,1,3,1,55,1,11052
2013,1,,4,12,0,0,0,0,0,0,1,1,2,1,4,1,60,1,11050
2013,1,,3,17,0,0,0,0,0,0,1,1,2,1,4,1,36,2,11029
2013,1,,5,18,1.22,1.22,0,0,0,0,1,16,2,2,4,2,72,1,11002
2013,1,,2,11,1.22,0,1.22,0,0,0,1,22,2,1,5,1,34,2,31005
2013,1,,1,15,0,0,0,0,0,0,1,1,2,1,3,1,37,2,31005
2013,1,,2,2,1.18,1.18,0,0,0,0,1,1,2,3,4,1,24,1,21012
2013,1,,6,22,0,0,0,0,0,0,1,1,2,3,4,1,32,1,21004
2013,1,,5,13,1.12,1.12,0,0,0,0,1,1,2,1,4,1,28,1,21004
2013,1,,1,9,0,0,0,0,0,0,1,1,2,2,5,1,31,2,21001
2013,1,,6,22,1.35,1.35,0,0,0,0,1,18,2,3,2,2,16,2,13040
2013,1,,5,9,1.06,1.06,0,0,0,0,1,1,2,1,4,2,31,2,13025
2013,1,,1,16,0,0,0,0,0,0,1,1,2,1,2,2,28,2,13008
2013,1,,7,17,1.21,1.21,0,0,0,0,1,18,2,1,4,1,6,1,13014
2013,1,,1,16,1.23,0,1.23,0,0,0,1,22,2,1,5,1,14,1,13011
2013,1,,3,10,0,0,0,0,0,0,1,1,2,1,4,1,55,2,24062
2013,1,,1,17,1.09,1.09,0,0,0,0,1,15,2,1,4,1,16,1,92137
2013,1,,7,13,0,0,0,0,0,0,1,1,2,1,4,,36,1,91034
2013,1,,7,14,0,0,0,0,0,0,1,1,2,1,7,,38,1,91141
2013,1,,1,9,1.13,1.13,0,0,0,0,1,22,2,,5,,12,1,92048
2013,1,,7,12,1,0,0,1,0,1,1,1,2,1,7,1,25,2,91005
2013,1,,7,17,0,0,0,0,0,0,1,1,2,1,4,1,37,2,71022
2013,1,,5,13,0,0,0,0,0,0,1,1,2,1,3,2,29,1,71022
2013,1,,1,16,1.14,1.14,0,0,0,0,1,16,2,1,4,2,34,1,71011
2013,1,,1,17,1.1,1.1,0,0,0,0,1,1,2,2,7,2,77,2,62096
2013,1,,6,16,1,1,0,0,0,0,2,1,1,1,4,2,22,2,62063
2013,1,,7,12,1.16,1.16,0,0,0,0,1,1,2,1,8,1,28,1,62063
2013,1,,2,20,1.13,1.13,0,0,0,0,1,1,2,3,7,2,34,1,62027
2013,1,,7,19,0,0,0,0,0,0,1,1,2,3,4,1,36,2,56011
2013,1,,7,19,1.16,1.16,0,0,0,0,1,1,2,3,8,1,36,1,52012
2013,1,,7,14,1.33,1.33,0,0,0,0,1,1,2,1,3,1,64,2,46024
2013,1,,4,14,1.18,1.18,0,0,0,0,1,15,2,1,4,1,55,2,45035
2013,1,,6,2,0,0,0,0,0,0,1,1,2,3,4,1,24,2,44036
2013,1,,2,8,0,0,0,0,0,0,1,,2,2,5,1,,,44021
2013,1,,3,9,1.21,1.21,0,0,0,0,1,1,2,1,3,1,32,2,44021
2013,1,,1,8,1.2,1.2,0,0,0,0,1,1,2,3,3,2,52,1,44019
2013,1,,3,18,0,0,0,0,0,0,1,1,2,1,4,1,20,2,42011
2013,1,,7,20,1,1,0,0,0,0,1,1,1,3,8,2,22,2,42010
2013,1,,2,17,0,0,0,0,0,0,1,1,2,1,5,1,62,1,42008
2013,1,,3,11,1.19,1.19,0,0,0,0,1,22,2,1,5,1,64,1,41002
2013,1,,1,17,1.16,1.16,0,0,0,0,1,16,2,1,,1,16,1,35013
2013,1,,3,22,1.09,0,1.09,0,0,0,1,16,2,3,7,1,17,1,35002
2013,1,,1,6,1,0,1,0,0,0,1,4,1,4,7,2,26,1,34041
2013,1,,6,16,0,0,0,0,0,0,1,1,2,1,,1,,,34022
2013,1,,3,18,0,0,0,0,0,0,1,7,2,2,2,2,31,1,33029
2013,2,,4,17,1.14,1.14,0,0,0,0,1,1,2,1,2,2,63,1,32003
2013,2,,4,21,0,0,0,0,0,0,1,7,1,3,3,2,32,1,34022
2013,2,,5,11,1.23,0,1.23,0,0,0,1,16,2,1,8,1,49,2,34042
2013,2,,4,18,0,0,0,0,0,0,1,11,2,2,5,1,43,1,35011
2013,2,,2,17,0,0,0,0,0,0,1,1,2,1,3,1,,,36015
2013,2,,7,6,0,0,0,0,0,0,1,1,2,3,,1,52,2,36015
2013,2,,7,6,1,0,1,0,0,0,1,2,2,3,8,2,23,1,43018