year,month,monthDay,weekDay,hour,numVictims,numSlightlyInjured,numSeverelyInjured,numMortallyInjured,numDiedWithin24Hours,numDiedWithin30Days,victimType,roadUserType,roadType,lightConditions,collisionType,areaType,age,sex,municipality
2013,2,,3,6,0,0,0,0,0,0,1,1,2,2,3,1,31,1,44021
2013,2,,7,14,1.21,1.21,0,0,0,0,1,1,2,1,4,1,24,1,44021
2013,2,,2,18,0,0,0,0,0,0,1,1,2,2,4,1,21,1,44021
2013,2,,6,20,0,0,0,0,0,0,1,1,2,3,3,2,26,2,44064
2013,2,,1,11,0,0,0,0,0,0,1,6,2,1,3,2,51,1,44040
2013,2,,4,23,1,1,0,0,0,0,1,2,1,3,7,2,42,1,52011
2013,2,,2,6,1.1,1.1,0,0,0,0,1,1,2,3,8,1,53,1,52011
2013,2,,2,19,1,1,0,0,0,0,1,4,1,3,7,2,27,2,52055
2013,2,,3,21,1.06,1.06,0,0,0,0,1,4,2,3,7,2,54,1,56005
2013,2,,6,13,1.11,1.11,0,0,0,0,2,2,2,1,2,2,7,1,61048
2013,2,,3,13,1.16,1.16,0,0,0,0,1,1,2,1,3,1,23,2,62063
2013,2,,5,17,1.1,1.1,0,0,0,0,1,1,2,1,4,1,26,,62096
2013,2,,1,23,1.1,1.1,0,0,0,0,2,2,2,3,7,1,48,1,62096
2013,2,,4,0,0,0,0,0,0,0,1,1,2,,3,,48,1,64056
2013,2,,2,14,0,0,0,0,0,0,1,2,2,1,4,2,35,1,71053
2013,2,,5,11,1.1,1.1,0,0,0,0,1,1,2,1,3,2,47,2,73006
2013,2,,7,20,1.17,1.17,0,0,0,0,1,2,2,3,4,1,59,2,91030
2013,2,,7,20,1.1,1.1,0,0,0,0,1,1,2,,7,,34,2,93022
2013,2,,1,19,1,0,1,0,0,0,2,2,2,4,2,2,11,1,53084
2013,2,,3,14,0,0,0,0,0,0,1,1,2,1,3,,37,2,53082
2013,2,,2,17,0,0,0,0,0,0,1,1,2,1,4,1,29,1,62120
2013,2,,4,11,0,0,0,0,0,0,1,7,2,1,4,,28,1,11057
2013,2,,1,20,0,0,0,0,0,0,1,1,2,,2,,30,2,23052
2013,2,,5,20,1.13,1.13,0,0,0,0,1,1,2,3,4,1,27,1,23025
2013,2,,5,2,0,0,0,0,0,0,1,2,2,3,7,2,24,1,23101
2013,2,,2,18,0,0,0,0,0,0,1,1,2,2,2,1,32,2,24062
2013,2,,2,10,1,1,0,0,0,0,1,1,1,1,3,2,67,1,24062
2013,2,,1,12,0,0,0,0,0,0,1,1,2,1,3,1,28,1,24045
2013,2,,1,8,1,1,0,0,0,0,1,14,1,2,4,2,35,1,24086
2013,2,,7,21,0,0,0,0,0,0,1,1,2,3,4,1,40,2,25031
2013,2,,3,19,0,0,0,0,0,0,1,2,1,4,3,2,48,1,13025
2013,2,,7,4,0,0,0,0,0,0,1,1,2,3,4,1,33,1,21004
2013,2,,1,17,0,0,0,0,0,0,1,1,2,1,5,1,29,2,21004
2013,2,,1,20,1.26,1.26,0,0,0,0,1,2,2,3,4,1,31,1,21001
2013,2,,4,15,0,0,0,0,0,0,1,10,2,1,4,1,24,2,21004
2013,2,,5,17,1.26,1.26,0,0,0,0,1,14,2,1,4,1,41,1,21001
2013,2,,2,11,0,0,0,0,0,0,1,1,2,1,1,1,31,2,21012
2013,2,,6,6,1.22,1.22,0,0,0,0,1,18,2,3,6,1,22,1,31005
2013,2,,1,11,0,0,0,0,0,0,1,4,2,1,3,2,27,1,12021
2013,2,,3,17,1,0,0,0,1,1,2,1,2,1,2,2,81,2,12021
2013,2,,2,8,0,0,0,0,0,0,1,2,2,1,4,2,54,1,11002
2013,3,,2,10,1.22,0,1.22,0,0,0,1,18,2,1,4,1,36,1,11002
2013,3,,7,22,0,0,0,0,0,0,1,1,2,3,4,1,57,1,11002
2013,3,,1,16,0,0,0,0,0,0,1,1,2,1,4,1,43,1,11002
2013,3,,5,19,0,0,0,0,0,0,1,1,2,3,3,1,25,1,11002
2013,3,,1,16,0,0,0,0,0,0,1,1,2,1,4,2,33,1,12025
2013,3,,3,19,1.23,1.23,0,0,0,0,1,1,2,4,4,2,25,2,11024
2013,3,,5,20,1.22,1.22,0,0,0,0,2,1,2,3,4,1,20,1,11002
2013,3,,3,23,1.25,1.25,0,0,0,0,1,1,2,3,8,2,23,2,11004
2013,3,,6,16,1.22,1.22,0,0,0,0,2,1,2,1,3,,16,1,11002
2013,3,,6,5,1.22,1.22,0,0,0,0,1,16,2,3,6,1,20,1,31005
2013,3,,5,19,1.04,1.04,0,0,0,0,1,1,2,2,4,1,22,1,31004
2013,3,,4,20,0,0,0,0,0,0,1,1,2,2,4,1,46,1,21018
2013,3,,6,16,0,0,0,0,0,0,1,2,2,1,4,,26,1,21018
2013,3,,5,23,0,0,0,0,0,0,1,2,2,3,7,1,,,21004
2013,3,,3,15,0,0,0,0,0,0,1,10,2,1,8,1,48,1,21004
2013,3,,7,7,0,0,0,0,0,0,1,1,2,1,3,1,34,1,21004
2013,3,,1,16,0,0,0,0,0,0,1,1,2,1,5,1,30,1,21001
2013,3,,5,3,1.12,1.12,0,0,0,0,1,1,2,3,3,1,26,1,21004
2013,3,,2,15,0,0,0,0,0,0,1,1,2,1,,1,24,2,21003
2013,3,,5,9,0,0,0,0,0,0,1,4,2,1,4,2,44,1,13016
2013,3,,1,5,0,0,0,0,0,0,1,4,1,4,5,2,41,1,13001
2013,3,,4,17,0,0,0,0,0,0,1,1,2,1,4,2,75,1,12025
2013,3,,5,8,0,0,0,0,0,0,1,1,2,,1,,35,1,25072
2013,3,,1,20,0,0,0,0,0,0,1,1,2,3,5,2,47,1,24062
2013,3,,3,10,1.24,1.24,0,0,0,0,1,1,2,1,3,1,41,2,24062
2013,3,,6,14,0,0,0,0,0,0,1,1,2,1,5,1,56,1,23016
2013,3,,3,3,1,1,0,0,0,0,1,2,1,3,7,2,41,1,92140
2013,3,,3,13,0,0,0,0,0,0,1,1,2,1,4,2,70,2,72038
2013,3,,6,18,1.17,1.17,0,0,0,0,2,1,2,1,2,1,4,2,72039
2013,3,,1,13,1.12,1.12,0,0,0,0,1,1,2,1,4,1,29,2,61080
2013,3,,3,14,1.13,1.13,0,0,0,0,2,1,2,1,4,,78,1,92101
2013,3,,4,18,1,1,0,0,0,0,1,1,2,1,2,2,33,1,92094
2013,3,,7,13,1,0,0,0,1,1,2,1,2,1,7,2,17,1,91054
2013,3,,6,7,1.5,1.5,0,0,0,0,1,6,2,,8,,39,1,92094
2013,3,,1,17,1.17,1.17,0,0,0,0,1,1,2,1,3,2,34,2,73042
2013,3,,3,19,0,0,0,0,0,0,1,1,2,1,,2,27,1,73032
2013,3,,2,12,0,0,0,0,0,0,1,1,2,1,5,1,70,1,73006
2013,3,,5,9,0,0,0,0,0,0,1,1,2,1,3,1,30,1,71022
2013,3,,7,6,1,0,1,0,0,0,2,1,2,3,7,2,20,1,63084
2013,3,,6,19,1.11,1.11,0,0,0,0,2,2,2,3,2,1,4,1,63079
2013,3,,4,9,1.11,1.11,0,0,0,0,2,2,2,1,2,1,15,1,63020
2013,3,,4,22,1.24,1.24,0,0,0,0,1,1,2,3,4,1,46,2,62051
2013,3,,2,21,0,0,0,0,0,0,1,1,2,3,4,1,44,1,62063
2013,3,,2,18,1,1,0,0,0,0,1,1,1,1,3,2,43,1,62063
2013,3,,3,18,1.16,1.16,0,0,0,0,2,14,2,1,4,1,40,2,62063
2013,3,,1,10,1.16,1.16,0,0,0,0,1,1,2,1,3,1,39,1,62063
2013,3,,5,21,1.15,1.15,0,0,0,0,2,1,2,3,6,1,30,1,55022
2013,3,,5,15,0,0,0,0,0,0,1,1,2,1,4,1,47,2,54007
2013,3,,4,19,0,0,0,0,0,0,1,1,2,2,4,1,50,2,52011
2013,3,,1,10,1.15,1.15,0,0,0,0,1,1,2,1,2,1,25,1,51004
2013,3,,5,19,1.2,1.2,0,0,0,0,1,16,2,,4,,34,1,46021
2013,3,,7,17,1.11,1.11,0,0,0,0,1,1,2,,4,,24,2,45059
2013,3,,4,13,1.06,1.06,0,0,0,0,1,1,2,1,4,1,30,2,44072
2013,3,,1,1,0,0,0,0,0,0,1,1,2,3,7,2,50,1,44034
2013,3,,4,13,1.21,1.21,0,0,0,0,1,1,2,1,3,1,42,2,44021
2013,3,,4,22,1.21,1.21,0,0,0,0,1,18,2,3,2,1,22,2,44021
2013,3,,1,9,1.21,0,1.21,0,0,0,1,1,2,1,4,2,48,1,44021
2013,3,,4,16,0,0,0,0,0,0,1,1,2,1,4,1,49,1,42028
2013,3,,1,19,1.18,1.18,0,0,0,0,2,1,2,1,3,1,15,2,42023
2013,3,,6,16,0,0,0,0,0,0,1,18,2,1,5,1,51,1,42006
2013,3,,6,19,0,0,0,0,0,0,1,4,2,1,3,1,42,1,41018
2013,3,,1,22,1.18,1.18,0,0,0,0,1,1,2,3,2,1,31,1,41011
2013,3,,6,15,1.13,1.13,0,0,0,0,1,1,2,1,3,2,29,2,36011
2013,3,,7,22,1.19,1.19,0,0,0,0,1,18,2,3,6,2,40,1,36015
2013,3,,7,3,0,0,0,0,0,0,1,1,2,3,3,2,47,1,35006
2013,3,,1,9,0,0,0,0,0,0,1,1,2,1,4,1,80,1,35005
2013,3,,7,15,0,0,0,0,0,0,1,5,2,1,4,1,54,1,35011
2013,3,,5,20,1.26,0,1.26,0,0,0,1,1,2,3,2,2,58,2,34013
2013,3,,6,9,1.26,1.26,0,0,0,0,1,18,2,1,2,1,27,1,34013
2013,4,,1,15,1.2,1.2,0,0,0,0,2,1,2,1,3,2,5,2,31040
2013,4,,3,20,1.14,1.14,0,0,0,0,1,1,2,1,7,2,25,1,32006
2013,4,,1,18,0,0,0,0,0,0,1,1,2,1,3,1,33,2,33011
2013,4,,5,18,0,0,0,0,0,0,1,1,2,1,4,1,27,2,34022
2013,4,,1,18,1.23,1.23,0,0,0,0,2,1,2,1,3,1,7,1,34040
2013,4,,7,11,0,0,0,0,0,0,1,4,2,1,4,1,44,2,34022
2013,4,,1,17,1.22,1.22,0,0,0,0,1,14,2,1,3,1,65,1,35014
2013,4,,7,9,0,0,0,0,0,0,1,1,1,1,7,2,37,2,35014
2013,4,,6,16,1,1,0,0,0,0,2,1,1,1,1,2,45,2,38014
2013,4,,5,17,1,1,0,0,0,0,2,1,1,1,7,2,14,2,41002
2013,4,,2,18,1.19,1.19,0,0,0,0,1,16,2,1,4,1,16,1,41002
2013,4,,1,18,1.08,1.08,0,0,0,0,1,1,2,1,3,1,84,2,38025
2013,4,,3,20,1.28,1.28,0,0,0,0,1,1,2,1,,2,24,2,42011
2013,4,,5,9,0,0,0,0,0,0,1,18,2,1,,1,14,1,42011
2013,4,,7,13,1.2,1.2,0,0,0,0,1,14,2,1,3,2,60,1,42003
2013,4,,6,14,1.23,1.23,0,0,0,0,1,2,2,1,3,2,69,1,41081
2013,4,,2,15,1.2,1.2,0,0,0,0,2,1,2,1,4,2,9,1,42028
2013,4,,1,7,1.2,1.2,0,0,0,0,1,1,2,3,3,2,23,1,43002
2013,4,,2,4,0,0,0,0,0,0,1,1,1,,3,,20,1,44034
2013,4,,1,18,0,0,0,0,0,0,1,1,1,1,3,2,47,1,45017
2013,4,,4,23,1.2,1.2,0,0,0,0,1,1,2,3,7,1,22,1,46021
2013,4,,7,20,1.2,1.2,0,0,0,0,1,1,2,1,4,1,40,1,46021
2013,4,,4,21,1.04,1.04,0,0,0,0,1,1,2,3,2,1,18,1,51008
2013,4,,6,15,0,0,0,0,0,0,1,10,2,1,3,1,32,1,52012
2013,4,,1,20,0,0,0,0,0,0,1,1,2,1,4,1,23,1,52011
2013,4,,5,9,0,0,0,0,0,0,1,4,2,1,4,1,27,1,52063
2013,4,,5,19,1.17,1.17,0,0,0,0,1,1,2,1,3,2,40,2,53044
2013,4,,1,19,1.15,1.15,0,0,0,0,1,2,2,1,4,2,54,1,53070
2013,4,,1,18,1.19,1.19,0,0,0,0,1,2,2,1,2,2,33,2,55040
2013,4,,5,23,0,0,0,0,0,0,1,1,1,3,3,2,21,1,62032
2013,4,,5,19,0,0,0,0,0,0,1,1,2,1,4,1,32,1,62022
2013,4,,7,17,0,0,0,0,0,0,1,1,2,1,4,1,43,1,62063
2013,4,,6,12,1.16,1.16,0,0,0,0,1,13,2,1,8,1,33,2,62063
2013,4,,4,17,0,0,0,0,0,0,1,2,1,1,1,2,33,2,62063
2013,4,,3,8,1,1,0,0,0,0,2,1,1,1,3,2,18,2,62063
2013,4,,3,23,0,0,0,0,0,0,1,1,2,,4,,51,1,64074
2013,4,,2,11,1.14,1.14,0,0,0,0,1,18,2,1,4,2,73,1,71057
2013,4,,1,19,1.14,1.14,0,0,0,0,1,1,2,1,7,2,20,2,71022
2013,4,,1,13,1.12,1.12,0,0,0,0,1,1,2,1,2,1,76,1,72025
2013,4,,5,14,1.09,1.09,0,0,0,0,1,1,2,1,4,1,70,1,84029
2013,4,,6,16,1.12,1.12,0,0,0,0,1,14,2,1,8,2,32,1,91015
2013,4,,6,10,1.06,1.06,0,0,0,0,1,1,2,1,4,1,30,2,83034
2013,4,,4,12,1.17,1.17,0,0,0,0,1,4,2,1,3,2,39,1,91030
2013,4,,3,17,0,0,0,0,0,0,1,1,1,1,4,2,29,2,41082
2013,4,,4,19,1.21,1.21,0,0,0,0,1,1,2,1,4,2,47,1,56085
2013,4,,7,20,1.22,1.22,0,0,0,0,2,1,2,,4,,10,1,23047
2013,4,,7,18,1.21,1.21,0,0,0,0,2,1,2,1,4,2,26,2,23027
2013,4,,7,16,1.15,1.15,0,0,0,0,1,1,2,1,4,1,57,2,24016
2013,4,,3,13,1.11,1.11,0,0,0,0,1,1,2,1,4,2,37,2,24008
2013,4,,2,15,1.23,1.23,0,0,0,0,1,2,2,1,4,2,65,1,25014
2013,4,,2,11,1.09,1.09,0,0,0,0,2,15,2,1,8,1,16,1,25072
2013,4,,2,17,0,0,0,0,0,0,1,1,2,1,3,2,22,1,13029
2013,4,,3,15,1.35,1.35,0,0,0,0,1,18,2,1,3,1,57,2,13040
2013,4,,7,1,1.35,1.35,0,0,0,0,1,22,2,3,5,1,58,1,13040
2013,4,,7,19,0,0,0,0,0,0,1,1,2,1,4,1,27,1,13025
2013,4,,6,18,1.21,1.21,0,0,0,0,2,1,2,1,4,2,22,1,13037
2013,4,,2,17,1.12,1.12,0,0,0,0,1,1,2,1,3,1,27,2,21004
2013,4,,2,12,0,0,0,0,0,0,1,1,2,1,4,1,27,2,21004
2013,4,,3,22,0,0,0,0,0,0,1,1,2,3,3,1,36,1,21001
2013,4,,2,20,0,0,0,0,0,0,1,1,2,1,3,1,41,1,21004
2013,4,,4,18,1.12,1.12,0,0,0,0,1,18,2,1,4,1,32,1,21009
2013,4,,2,9,1.42,1.42,0,0,0,0,2,11,2,1,3,1,24,2,21015
2013,4,,5,11,0,0,0,0,0,0,1,1,2,1,4,2,32,2,31005
2013,4,,2,19,1,1,0,0,0,0,2,1,2,1,3,2,0,2,11002
2013,4,,7,7,1,0,0,0,1,1,2,12,1,1,7,2,31,1,11035
2013,4,,6,17,0,0,0,0,0,0,1,1,2,1,4,1,45,1,11018
2013,4,,7,7,1,1,0,0,0,0,2,12,1,1,7,2,49,,11035
2013,4,,5,13,0,0,0,0,0,0,1,18,2,1,3,1,32,1,11038
2013,4,,4,7,0,0,0,0,0,0,1,7,1,2,3,2,38,1,11052
2013,4,,4,7,0,0,0,0,0,0,1,7,1,2,3,2,49,1,11052
2013,4,,7,7,3,2,1,0,0,0,2,12,1,1,7,2,15,,11035
2013,4,,2,16,1.22,1.22,0,0,0,0,1,1,2,1,3,1,23,2,11002
2013,4,,4,1,0,0,0,0,0,0,1,1,2,3,2,2,66,2,11002
2013,5,,7,13,0,0,0,0,0,0,1,1,2,1,4,1,41,2,11002
2013,5,,2,17,0,0,0,0,0,0,1,1,2,1,4,1,35,2,11002
2013,5,,5,1,0,0,0,0,0,0,1,1,2,3,3,1,25,1,11002
2013,5,,1,17,1.31,1.31,0,0,0,0,2,1,2,,3,,6,2,12007
2013,5,,1,9,0,0,0,0,0,0,1,1,2,1,4,2,28,2,11040
2013,5,,2,17,0,0,0,0,0,0,1,1,2,1,3,1,78,1,11018
2013,5,,3,16,0,0,0,0,0,0,1,1,1,1,4,1,18,1,11002
2013,5,,3,14,1.42,1.42,0,0,0,0,1,4,2,1,3,,26,1,21015
2013,5,,4,15,1.18,1.18,0,0,0,0,1,22,2,1,5,1,80,1,21012
2013,5,,1,11,1.35,1.35,0,0,0,0,1,1,2,1,7,1,20,2,13031
2013,5,,3,20,1.35,1.35,0,0,0,0,2,1,2,1,4,2,17,,13040
2013,5,,3,9,0,0,0,0,0,0,1,2,2,1,3,1,59,2,25044
2013,5,,6,21,0,0,0,0,0,0,1,1,2,1,4,1,33,2,25112
2013,5,,6,19,0,0,0,0,0,0,1,1,2,1,3,2,29,2,24104
2013,5,,4,20,1.2,1.2,0,0,0,0,1,1,2,1,3,2,28,1,23086
2013,5,,4,18,1.17,1.17,0,0,0,0,1,18,2,1,4,1,54,2,23094
2013,5,,1,11,1.06,1.06,0,0,0,0,2,1,2,1,4,2,52,,83055
2013,5,,1,19,1.5,1.5,0,0,0,0,1,18,2,1,4,1,13,1,92094
2013,5,,3,12,1.06,1.06,0,0,0,0,2,2,2,1,1,,52,2,91034
2013,5,,3,17,1.13,1.13,0,0,0,0,2,2,2,1,4,2,41,2,92087
2013,5,,7,12,1.13,1.13,0,0,0,0,1,1,2,1,7,,59,1,92087
2013,5,,4,10,0,0,0,0,0,0,1,2,2,1,3,1,58,1,81001
2013,5,,2,18,1.1,1.1,0,0,0,0,2,4,2,1,3,2,23,2,73040
2013,5,,3,9,1.11,1.11,0,0,0,0,1,24,2,1,4,1,51,2,72020
2013,5,,3,19,1.11,1.11,0,0,0,0,1,1,2,1,7,2,19,2,72020
2013,5,,5,17,0,0,0,0,0,0,1,1,2,1,4,2,50,2,72025
2013,5,,6,15,1.15,1.15,0,0,0,0,1,14,2,1,8,2,52,1,71053
2013,5,,3,3,0,0,0,0,0,0,1,1,2,3,2,2,52,2,71016
2013,5,,4,17,1.14,1.14,0,0,0,0,2,4,2,1,1,2,30,1,71022
2013,5,,5,16,0,0,0,0,0,0,1,1,2,1,3,2,36,1,71016
2013,5,,5,18,1.14,1.14,0,0,0,0,1,2,2,1,3,2,39,1,71011
2013,5,,5,10,1.14,0,1.14,0,0,0,1,1,2,1,2,2,25,1,71011
2013,5,,7,14,0,0,0,0,0,0,1,2,2,1,4,,41,2,63079
2013,5,,5,17,1,1,0,0,0,0,1,4,1,1,4,2,41,1,63035
2013,5,,6,18,1.12,1.12,0,0,0,0,1,1,2,,2,,48,2,63035
2013,5,,5,12,1.16,1.16,0,0,0,0,1,1,2,1,4,1,25,2,62063
2013,5,,4,3,0,0,0,0,0,0,1,1,2,3,3,1,35,2,62063
2013,5,,4,8,1,1,0,0,0,0,1,1,1,1,4,2,39,1,62003
2013,5,,7,6,0,0,0,0,0,0,1,1,2,3,3,2,19,1,57072
2013,5,,4,16,1.06,1.06,0,0,0,0,1,14,2,1,3,2,40,1,56016
2013,5,,6,20,1.15,1.15,0,0,0,0,2,1,2,,8,,23,2,53070
2013,5,,7,16,1.13,1.13,0,0,0,0,1,14,2,1,2,1,21,1,54007
2013,5,,6,23,1.13,1.13,0,0,0,0,1,1,2,4,8,1,45,2,54007
2013,5,,3,19,0,0,0,0,0,0,1,1,2,1,2,1,38,1,53053
2013,5,,2,12,0,0,0,0,0,0,1,1,2,1,4,1,53,1,52011
2013,5,,2,8,0,0,0,0,0,0,1,4,1,1,3,2,19,1,46025
2013,5,,1,13,0,0,0,0,0,0,1,1,2,1,4,2,38,1,46021
2013,5,,2,15,0,0,0,0,0,0,1,1,2,1,4,2,83,1,46020
2013,5,,1,18,0,0,0,0,0,0,1,1,2,1,4,1,49,1,45059
2013,5,,7,22,1.21,1.21,0,0,0,0,1,16,2,3,3,1,18,1,44021
2013,5,,6,17,0,0,0,0,0,0,1,1,2,1,4,1,20,1,44021
2013,5,,4,11,1.21,1.21,0,0,0,0,1,22,2,1,5,1,46,2,44021
2013,5,,2,16,1.21,1.21,0,0,0,0,2,1,2,1,3,1,74,2,44021
2013,5,,1,16,1.21,1.21,0,0,0,0,2,12,2,1,4,,59,2,44021
2013,5,,5,9,0,0,0,0,0,0,1,1,1,1,3,2,23,1,44021
2013,5,,1,16,1.24,1.24,0,0,0,0,1,16,2,1,4,2,17,1,43007
2013,5,,1,17,0,0,0,0,0,0,1,10,2,1,4,1,33,1,41081
2013,5,,2,14,1.19,1.19,0,0,0,0,1,13,2,1,4,1,36,2,41002
2013,5,,1,12,0,0,0,0,0,0,1,1,2,1,2,,63,1,41048
2013,5,,5,11,1.18,1.18,0,0,0,0,1,1,2,1,3,1,49,1,41011
2013,5,,6,19,1.19,1.19,0,0,0,0,1,22,2,1,5,1,19,2,41002
2013,5,,5,19,1,1,0,0,0,0,1,1,2,1,7,2,27,1,34022
2013,5,,5,18,1.14,1.14,0,0,0,0,1,10,2,1,4,1,34,1,32010
2013,5,,2,13,1.23,1.23,0,0,0,0,1,14,2,1,8,1,35,1,34002
2013,5,,5,11,0,0,0,0,0,0,1,1,2,1,2,2,54,1,31022
2013,6,,4,18,0,0,0,0,0,0,1,1,2,1,4,1,48,1,32006
2013,6,,5,17,0,0,0,0,0,0,1,18,2,1,2,2,,,34025
2013,6,,7,15,1,1,0,0,0,0,1,2,2,1,4,1,41,2,34023
2013,6,,5,0,1.16,1.16,0,0,0,0,1,1,2,4,4,2,80,2,35013
2013,6,,7,16,1.22,1.22,0,0,0,0,1,13,2,1,8,1,24,1,35006
2013,6,,4,16,1.15,1.15,0,0,0,0,1,18,2,1,4,1,58,1,42025
2013,6,,6,7,0,0,0,0,0,0,1,9,2,1,3,1,21,1,42023
2013,6,,7,10,0,0,0,0,0,0,1,24,2,1,2,1,64,1,41081
2013,6,,5,12,0,0,0,0,0,0,1,1,2,1,4,1,25,2,42006
2013,6,,3,15,1.2,1.2,0,0,0,0,2,14,2,1,3,1,36,2,42028
2013,6,,1,22,1.2,1.2,0,0,0,0,1,1,2,1,7,1,48,2,44019
2013,6,,5,17,0,0,0,0,0,0,1,1,2,1,4,1,30,1,44021
2013,6,,1,22,1.17,1.17,0,0,0,0,1,16,2,1,7,1,26,1,44013
2013,6,,7,21,1,1,0,0,0,0,2,1,1,1,2,2,23,2,44021
2013,6,,2,9,0,0,0,0,0,0,1,1,2,,4,,36,2,44021
2013,6,,2,22,1.21,1.21,0,0,0,0,1,18,2,1,3,1,15,2,44021
2013,6,,1,15,0,0,0,0,0,0,1,1,2,1,4,2,42,2,46014
2013,6,,5,21,1.2,1.2,0,0,0,0,1,18,2,1,2,1,20,1,46021
2013,6,,6,2,1,1,0,0,0,0,2,1,2,3,7,2,20,2,52011
2013,6,,4,23,1.1,0,1.1,0,0,0,1,1,2,3,4,1,28,1,52011
2013,6,,6,5,0,0,0,0,0,0,1,1,1,,7,,33,1,52043
2013,6,,6,17,0,0,0,0,0,0,1,1,2,1,2,1,24,1,53070
2013,6,,2,17,0,0,0,0,0,0,1,1,2,1,4,1,24,1,55022
2013,6,,4,23,1,0,0,0,1,1,1,1,1,4,7,2,49,1,57081
2013,6,,1,15,1,1,0,0,0,0,1,2,1,1,3,2,52,1,57081
2013,6,,4,18,0,0,0,0,0,0,1,1,2,1,5,1,24,1,62003
2013,6,,4,9,1.11,1.11,0,0,0,0,1,1,2,,4,,39,2,61010
2013,6,,2,23,0,0,0,0,0,0,1,1,2,3,4,1,51,2,62063
2013,6,,7,19,0,0,0,0,0,0,1,1,2,1,4,1,39,1,62063
2013,6,,1,9,1.16,1.16,0,0,0,0,1,1,2,1,7,1,41,1,62063
2013,6,,5,20,0,0,0,0,0,0,1,1,2,1,4,1,33,1,62063
2013,6,,4,15,1,1,0,0,0,0,1,1,1,1,3,2,52,1,62051
2013,6,,3,0,0,0,0,0,0,0,1,1,2,3,4,1,21,1,62108
2013,6,,2,13,1.1,1.1,0,0,0,0,1,14,2,1,2,1,50,1,62096
2013,6,,3,3,2.22,2.22,0,0,0,0,2,1,2,3,,1,19,2,63079
2013,6,,6,7,1.11,1.11,0,0,0,0,1,2,2,1,7,1,23,1,63079
2013,6,,3,18,1.08,1.08,0,0,0,0,1,1,2,,4,,52,1,63073
2013,6,,6,16,0,0,0,0,0,0,1,1,2,1,4,2,50,1,63067
2013,6,,5,16,0,0,0,0,0,0,1,1,2,1,4,2,59,2,71004
2013,6,,4,11,1.14,1.14,0,0,0,0,1,18,2,1,3,1,68,1,71022
2013,6,,5,13,1.14,1.14,0,0,0,0,1,1,2,1,3,2,33,1,71016
2013,6,,3,20,1.14,1.14,0,0,0,0,1,18,2,1,4,2,34,1,71066
2013,6,,4,1,1.14,1.14,0,0,0,0,2,1,2,3,8,1,21,1,71057
2013,6,,3,18,1.1,1.1,0,0,0,0,1,1,2,1,4,1,46,1,71034
2013,6,,4,18,1.12,1.12,0,0,0,0,1,1,2,1,4,1,85,2,72003
2013,6,,5,18,0,0,0,0,0,0,1,9,2,1,6,1,57,1,93088
2013,6,,6,6,1.04,1.04,0,0,0,0,1,,2,,7,2,36,1,57094
2013,6,,5,10,0,0,0,0,0,0,1,6,2,1,2,2,24,1,37020
2013,6,,5,8,1.2,1.2,0,0,0,0,1,18,2,,4,,44,1,23099
2013,6,,5,14,0,0,0,0,0,0,1,1,2,1,3,2,48,1,25014
2013,6,,2,10,0,0,0,0,0,0,1,2,2,1,4,1,20,1,12025
2013,6,,6,17,1.23,1.23,0,0,0,0,1,18,2,1,5,1,56,1,12026
2013,6,,7,15,0,0,0,0,0,0,1,16,2,1,4,1,40,1,13014
2013,6,,3,1,1.35,1.35,0,0,0,0,2,4,2,3,4,1,18,2,13004
2013,6,,1,10,0,0,0,0,0,0,1,2,2,1,5,1,50,2,13037
2013,6,,5,20,0,0,0,0,0,0,1,1,2,1,5,1,24,1,21004
2013,6,,6,19,1.26,1.26,0,0,0,0,1,16,2,1,4,1,20,1,21001
2013,6,,4,17,1.04,1.04,0,0,0,0,1,22,2,1,8,1,64,1,31004
2013,6,,3,9,0,0,0,0,0,0,1,1,2,1,3,2,49,2,31003
2013,6,,6,17,1.22,1.22,0,0,0,0,1,1,2,1,3,1,36,2,31005
2013,6,,7,1,1.22,1.22,0,0,0,0,1,1,2,3,7,1,44,1,31005
2013,6,,2,15,1.22,1.22,0,0,0,0,1,18,2,1,4,1,70,2,31005
2013,6,,4,9,1.25,1.25,0,0,0,0,1,18,2,1,4,1,54,1,11005
2013,6,,6,15,1.22,1.22,0,0,0,0,2,1,2,1,3,1,17,1,11002
2013,6,,7,20,0,0,0,0,0,0,1,1,1,1,1,2,29,1,11035
2013,6,,3,19,1.25,1.25,0,0,0,0,1,18,2,1,2,1,16,1,11029
2013,6,,5,15,0,0,0,0,0,0,1,1,2,1,4,1,,,12014
2013,6,,2,11,0,0,0,0,0,0,1,17,2,1,3,1,86,1,12002
2013,6,,2,11,1.23,1.23,0,0,0,0,2,17,2,1,3,1,82,2,12002
2013,6,,1,18,0,0,0,0,0,0,1,7,2,1,4,2,36,1,11002
2013,6,,5,17,1.22,1.22,0,0,0,0,1,22,2,1,5,1,34,1,11002
2013,6,,7,22,0,0,0,0,0,0,1,2,2,1,3,1,27,1,11002
2013,6,,7,18,0,0,0,0,0,0,1,22,2,1,5,1,28,2,11002
2013,6,,1,9,0,0,0,0,0,0,1,1,2,1,5,1,27,2,11002
2013,6,,4,15,1.22,1.22,0,0,0,0,1,24,2,1,3,1,59,1,11002