year,month,monthDay,weekDay,hour,numVictims,numSlightlyInjured,numSeverelyInjured,numMortallyInjured,numDiedWithin24Hours,numDiedWithin30Days,victimType,roadUserType,roadType,lightConditions,collisionType,areaType,age,sex,municipality
2013,7,,2,12,1.29,1.29,0,0,0,0,2,1,2,1,2,1,20,2,12009
2013,7,,4,13,1.12,1.12,0,0,0,0,1,18,2,1,2,1,56,1,11035
2013,7,,2,13,0,0,0,0,0,0,1,1,2,1,4,1,21,1,11002
2013,7,,3,5,1.25,1.25,0,0,0,0,2,1,2,,7,,22,1,21017
2013,7,,2,15,0,0,0,0,0,0,1,1,2,1,4,1,77,2,21015
2013,7,,2,12,1.12,1.12,0,0,0,0,1,14,2,1,4,1,39,1,21004
2013,7,,7,9,0,0,0,0,0,0,1,1,2,1,3,1,36,1,21004
2013,7,,7,2,0,0,0,0,0,0,1,1,2,3,3,1,49,1,21004
2013,7,,3,14,0,0,0,0,0,0,1,2,2,1,3,1,47,1,21004
2013,7,,6,18,0,0,0,0,0,0,1,1,2,1,3,1,34,1,21004
2013,7,,2,16,0,0,0,0,0,0,1,1,2,1,4,1,19,2,21002
2013,7,,6,6,1.06,1.06,0,0,0,0,1,1,2,2,3,2,53,2,13025
2013,7,,4,11,0,0,0,0,0,0,1,1,2,1,3,2,20,1,13029
2013,7,,3,16,0,0,0,0,0,0,1,1,2,1,3,2,26,1,13011
2013,7,,1,15,1.15,1.15,0,0,0,0,1,22,2,1,5,,64,,25112
2013,7,,1,11,1.1,1.1,0,0,0,0,1,1,2,1,4,1,66,1,25107
2013,7,,5,13,1.23,1.23,0,0,0,0,2,2,2,1,3,1,20,2,25014
2013,7,,4,13,1.11,0,1.11,0,0,0,1,15,2,1,4,2,52,2,24135
2013,7,,6,23,1.19,0,1.19,0,0,0,1,14,2,3,3,2,33,1,24048
2013,7,,7,18,1.3,1.3,0,0,0,0,1,22,2,1,5,2,17,1,24038
2013,7,,3,14,1,1,0,0,0,0,1,1,2,1,3,2,24,2,23102
2013,7,,1,13,1,1,0,0,0,0,1,1,1,1,7,2,25,2,24008
2013,7,,5,18,1.15,1.15,0,0,0,0,1,18,2,1,4,1,21,1,23081
2013,7,,7,20,0,0,0,0,0,0,1,1,1,1,3,2,34,1,23045
2013,7,,1,17,1,0,0,0,1,1,1,1,2,1,2,2,39,2,23032
2013,7,,3,14,1.11,1.11,0,0,0,0,1,18,2,1,4,1,10,1,23016
2013,7,,1,11,1,0,0,0,1,1,1,1,2,1,4,2,48,1,72040
2013,7,,4,13,1.15,1.15,0,0,0,0,2,1,2,1,6,2,46,2,57095
2013,7,,5,19,1.04,1.04,0,0,0,0,1,2,2,1,8,2,61,1,57094
2013,7,,4,13,1.12,1.12,0,0,0,0,1,1,2,1,7,2,18,1,45063
2013,7,,3,16,1.06,0,1.06,0,0,0,1,1,2,1,4,2,60,1,83049
2013,7,,1,14,0,0,0,0,0,0,1,4,2,1,4,,34,1,81015
2013,7,,7,10,1,1,0,0,0,0,1,1,1,1,3,2,34,1,73066
2013,7,,5,15,0,0,0,0,0,0,1,4,2,1,2,2,41,1,72020
2013,7,,2,17,0,0,0,0,0,0,1,1,2,1,4,2,70,2,71017
2013,7,,6,12,0,0,0,0,0,0,1,13,2,1,2,1,31,1,71017
2013,7,,7,23,1,1,0,0,0,0,1,1,2,,7,,21,,63072
2013,7,,2,12,0,0,0,0,0,0,1,14,2,1,8,,36,1,63067
2013,7,,4,14,0,0,0,0,0,0,1,1,2,1,4,1,53,1,62093
2013,7,,1,19,1.16,1.16,0,0,0,0,1,1,2,1,4,1,21,1,62063
2013,7,,7,16,1.13,1.13,0,0,0,0,1,15,2,1,8,1,31,1,62027
2013,7,,7,19,0,0,0,0,0,0,1,1,2,1,4,1,66,2,56051
2013,7,,6,20,1.21,1.21,0,0,0,0,1,15,2,1,2,1,43,1,56022
2013,7,,5,0,1.15,1.15,0,0,0,0,1,1,2,3,4,1,25,1,55022
2013,7,,3,11,0,0,0,0,0,0,1,1,2,1,3,1,30,1,52018
2013,7,,3,15,0,0,0,0,0,0,1,7,1,1,3,2,44,,52015
2013,7,,5,23,1.16,1.16,0,0,0,0,2,1,2,3,4,1,33,2,52012
2013,7,,7,20,0,0,0,0,0,0,1,2,2,1,4,1,52,1,52011
2013,7,,6,0,1.2,1.2,0,0,0,0,1,13,2,3,3,1,40,1,46025
2013,7,,7,20,1.1,1.1,0,0,0,0,1,18,2,1,4,1,15,2,52011
2013,7,,1,20,0,0,0,0,0,0,1,2,2,1,4,1,24,1,45041
2013,7,,2,15,0,0,0,0,0,0,1,1,2,1,4,2,31,1,44036
2013,7,,7,11,0,0,0,0,0,0,1,1,2,1,1,2,49,1,44021
2013,7,,2,22,0,0,0,0,0,0,1,24,2,1,3,1,30,1,44021
2013,7,,5,19,1.17,1.17,0,0,0,0,1,2,2,1,2,1,37,2,44013
2013,7,,2,12,0,0,0,0,0,0,1,1,1,1,1,2,59,1,44001
2013,7,,1,20,1,1,0,0,0,0,1,1,1,1,3,2,32,1,44001
2013,7,,3,16,1,0,0,1,0,1,2,4,1,1,3,2,21,1,43005
2013,7,,4,17,0,0,0,0,0,0,1,1,2,1,3,1,66,2,41002
2013,7,,1,7,1,1,0,0,0,0,2,1,1,1,7,2,4,2,41002
2013,7,,6,3,1.13,1.13,0,0,0,0,1,22,2,4,5,2,21,1,37015
2013,7,,4,17,0,0,0,0,0,0,1,1,2,1,4,2,82,1,38025
2013,7,,5,13,1.16,1.16,0,0,0,0,1,22,2,1,5,1,59,1,38008
2013,7,,7,4,1.16,1.16,0,0,0,0,1,1,2,3,7,1,21,1,35013
2013,7,,2,18,1.23,0,1.23,0,0,0,1,14,2,1,4,2,32,1,36010
2013,7,,3,11,1.19,1.19,0,0,0,0,1,18,2,1,,1,74,2,36015
2013,7,,5,23,1.23,1.23,0,0,0,0,1,1,2,3,2,1,32,1,34002
2013,7,,3,11,1.17,1.17,0,0,0,0,1,18,2,1,2,1,9,1,33021
2013,7,,1,5,1.2,1.2,0,0,0,0,1,1,2,3,7,2,25,1,31043
2013,7,,5,10,0,0,0,0,0,0,1,1,2,1,4,2,70,1,31006
2013,7,,6,18,0,0,0,0,0,0,1,6,1,,3,,,,31022
2013,7,,7,19,1.2,0,1.2,0,0,0,1,14,2,1,4,1,37,1,31040
2013,8,,6,19,1.22,1.22,0,0,0,0,1,18,2,1,8,1,58,2,35006
2013,8,,4,20,0,0,0,0,0,0,1,1,2,1,4,1,41,2,36015
2013,8,,2,17,0,0,0,0,0,0,1,1,2,1,3,1,50,1,41002
2013,8,,4,14,0,0,0,0,0,0,1,4,2,1,4,1,29,1,38016
2013,8,,4,18,0,0,0,0,0,0,1,1,2,1,4,1,24,1,41002
2013,8,,2,18,0,0,0,0,0,0,1,7,1,1,4,2,60,1,44001
2013,8,,2,14,1.13,1.13,0,0,0,0,1,1,2,1,3,,36,2,43018
2013,8,,1,12,1.13,1.13,0,0,0,0,1,15,2,1,4,,42,1,43018
2013,8,,4,16,1.24,1.24,0,0,0,0,1,7,1,1,3,2,32,1,43007
2013,8,,5,15,1.21,1.21,0,0,0,0,1,13,2,1,3,1,19,1,44021
2013,8,,4,11,1.17,1.17,0,0,0,0,1,18,2,1,6,,41,1,44052
2013,8,,2,10,1.17,1.17,0,0,0,0,1,1,2,1,1,,38,1,44043
2013,8,,5,16,0,0,0,0,0,0,1,22,2,1,5,1,,,44021
2013,8,,4,8,1.2,1.2,0,0,0,0,1,18,2,1,4,2,23,2,46014
2013,8,,2,16,1.33,0,1.33,0,0,0,1,1,2,1,7,2,62,2,46020
2013,8,,6,13,1.33,0,1.33,0,0,0,1,18,2,1,4,1,5,1,46020
2013,8,,3,12,1.2,1.2,0,0,0,0,1,1,2,1,3,2,25,2,46021
2013,8,,5,21,1.04,0,1.04,0,0,0,1,13,2,1,7,1,18,1,51008
2013,8,,5,17,1.15,1.15,0,0,0,0,1,1,2,1,3,2,68,1,53053
2013,8,,6,20,1.15,1.15,0,0,0,0,1,1,2,1,4,1,75,2,55022
2013,8,,1,6,0,0,0,0,0,0,1,1,2,3,4,1,68,1,55022
2013,8,,2,22,1.06,1.06,0,0,0,0,1,1,2,2,7,1,55,1,56005
2013,8,,3,21,0,0,0,0,0,0,1,1,2,1,3,2,23,1,56016
2013,8,,3,1,1.1,1.1,0,0,0,0,2,1,2,3,7,1,25,1,56011
2013,8,,5,17,0,0,0,0,0,0,1,1,2,1,4,2,61,2,61024
2013,8,,6,3,1,0,1,0,0,0,2,1,1,3,7,2,16,1,62051
2013,8,,2,15,0,0,0,0,0,0,1,1,1,1,1,2,37,2,63079
2013,8,,7,10,0,0,0,0,0,0,1,2,2,1,7,1,36,1,63058
2013,8,,3,12,1.08,1.08,0,0,0,0,1,1,2,1,4,,59,1,63049
2013,8,,6,19,0,0,0,0,0,0,1,1,2,1,3,1,44,1,71034
2013,8,,5,1,1.13,1.13,0,0,0,0,1,1,2,3,2,1,31,1,92087
2013,8,,7,19,0,0,0,0,0,0,1,2,1,1,4,2,60,1,85046
2013,8,,6,0,1.16,1.16,0,0,0,0,2,1,2,3,2,2,30,1,71070
2013,8,,1,15,1,1,0,0,0,0,2,1,1,1,3,2,27,1,23016
2013,8,,7,4,0,0,0,0,0,0,1,1,2,3,4,2,50,1,92142
2013,8,,7,4,1,1,0,0,0,0,2,1,2,3,7,2,3,2,23003
2013,8,,3,8,0,0,0,0,0,0,1,1,2,1,3,1,37,2,23044
2013,8,,4,0,1.17,1.17,0,0,0,0,1,1,2,3,3,1,29,1,23094
2013,8,,4,17,1,1,0,0,0,0,1,2,1,1,1,2,40,1,23094
2013,8,,7,12,1.12,1.12,0,0,0,0,2,1,2,1,2,,2,1,23060
2013,8,,6,16,1,1,0,0,0,0,1,1,2,1,1,2,39,1,25014
2013,8,,3,22,1.15,1.15,0,0,0,0,2,1,2,3,7,2,25,1,25118
2013,8,,2,15,0,0,0,0,0,0,1,1,2,1,4,1,24,1,25072
2013,8,,6,13,1.2,1.2,0,0,0,0,1,1,2,1,4,2,36,2,13001
2013,8,,2,20,1,1,0,0,0,0,1,1,1,1,3,2,41,1,12040
2013,8,,4,17,0,0,0,0,0,0,1,1,2,1,2,1,40,2,12025
2013,8,,2,18,1.31,1.31,0,0,0,0,2,1,2,1,3,2,36,2,12030
2013,8,,3,13,1.25,1.25,0,0,0,0,1,18,2,1,2,1,49,2,13008
2013,8,,5,15,1.26,1.26,0,0,0,0,1,18,2,1,4,1,,,21001
2013,8,,4,14,1,1,0,0,0,0,2,1,2,1,4,2,62,2,21001
2013,8,,6,0,0,0,0,0,0,0,1,1,2,3,3,1,26,1,21004
2013,8,,5,18,0,0,0,0,0,0,1,1,2,1,4,1,34,1,21005
2013,8,,4,12,0,0,0,0,0,0,1,1,2,1,4,1,60,2,21004
2013,8,,3,11,1.12,1.12,0,0,0,0,1,13,2,1,,1,40,1,21009
2013,8,,1,16,0,0,0,0,0,0,1,1,2,1,3,1,40,1,21010
2013,8,,4,18,0,0,0,0,0,0,1,22,2,1,5,1,,,31005
2013,8,,4,18,1.22,1.22,0,0,0,0,1,18,2,1,4,1,6,1,11002
2013,8,,5,15,1.22,1.22,0,0,0,0,2,15,2,1,4,1,21,2,11002
2013,8,,6,2,1.15,1.15,0,0,0,0,1,4,2,3,7,2,25,1,11016
2013,8,,7,13,0,0,0,0,0,0,1,1,1,1,1,2,42,2,11035
2013,8,,1,17,1,0,1,0,0,0,1,6,1,1,1,2,26,1,11056
2013,8,,3,14,1.22,1.22,0,0,0,0,2,2,2,1,3,2,35,2,11002
2013,8,,5,17,0,0,0,0,0,0,1,1,2,1,5,1,24,2,11002
2013,8,,2,21,1.22,1.22,0,0,0,0,1,18,2,1,4,1,57,1,11002
2013,8,,2,16,1.22,1.22,0,0,0,0,1,18,2,1,4,1,52,1,11002
2013,8,,1,9,0,0,0,0,0,0,1,1,2,1,4,1,40,1,11002
2013,9,,3,17,1.22,1.22,0,0,0,0,1,22,2,1,5,1,60,1,11002
2013,9,,6,21,1.22,1.22,0,0,0,0,1,22,2,3,5,1,49,2,11002
2013,9,,4,17,1,1,0,0,0,0,1,2,2,1,3,2,33,1,11002
2013,9,,6,19,1.22,1.22,0,0,0,0,2,1,2,1,4,1,23,1,11002
2013,9,,4,8,0,0,0,0,0,0,1,2,2,1,4,1,60,1,11023
2013,9,,5,9,1.25,1.25,0,0,0,0,2,1,2,1,4,1,54,2,11004
2013,9,,7,4,0,0,0,0,0,0,1,7,1,4,3,2,56,1,31003
2013,9,,1,17,1.26,1.26,0,0,0,0,1,22,2,1,5,1,31,2,21013
2013,9,,5,17,0,0,0,0,0,0,1,2,2,1,5,1,26,2,21009
2013,9,,6,16,0,0,0,0,0,0,1,1,2,1,4,,52,1,21001
2013,9,,7,6,0,0,0,0,0,0,1,1,2,3,8,1,25,1,21001
2013,9,,3,14,0,0,0,0,0,0,1,1,2,1,2,1,40,2,13031
2013,9,,4,18,1.25,1.25,0,0,0,0,1,1,2,1,2,2,24,2,13021
2013,9,,5,9,0,0,0,0,0,0,1,1,2,1,4,2,46,1,13008
2013,9,,7,15,0,0,0,0,0,0,1,1,1,1,1,2,72,2,13008
2013,9,,4,15,1.42,1.42,0,0,0,0,2,16,2,1,4,1,19,1,12025
2013,9,,4,9,0,0,0,0,0,0,1,1,2,,4,,31,1,12029
2013,9,,6,10,0,0,0,0,0,0,1,1,2,1,4,,40,1,25112
2013,9,,1,1,1.08,0,1.08,0,0,0,1,1,2,3,7,1,22,1,25037
2013,9,,7,5,0,0,0,0,0,0,1,1,2,3,7,2,55,1,24109
2013,9,,1,9,1.2,1.2,0,0,0,0,1,1,2,1,2,2,38,2,24133
2013,9,,4,17,1.2,1.2,0,0,0,0,1,18,2,1,4,1,44,1,24109
2013,9,,6,8,1.24,1.24,0,0,0,0,1,1,1,1,3,2,43,1,24062
2013,9,,2,9,1.24,0,1.24,0,0,0,1,18,2,2,2,2,12,1,24062
2013,9,,2,18,1.15,1.15,0,0,0,0,1,1,2,1,4,1,46,1,24011
2013,9,,1,11,1,1,0,0,0,0,2,1,2,1,4,2,88,1,23025
2013,9,,4,19,1.16,1.16,0,0,0,0,1,1,2,1,4,2,37,1,71070
2013,9,,1,13,0,0,0,0,0,0,1,4,2,1,5,1,61,1,62120
2013,9,,3,13,1.11,1.11,0,0,0,0,1,1,2,1,7,2,46,1,61081
2013,9,,5,6,1,0,0,0,1,1,2,1,1,3,3,2,28,1,92094
2013,9,,5,9,0,0,0,0,0,0,1,1,2,1,5,1,21,2,72020
2013,9,,3,0,0,0,0,0,0,0,1,1,2,3,4,2,,,71053
2013,9,,2,14,1.12,1.12,0,0,0,0,1,2,2,1,7,1,22,2,63084
2013,9,,7,7,1.11,1.11,0,0,0,0,1,2,2,2,7,1,28,1,63076
2013,9,,2,12,1.08,1.08,0,0,0,0,2,1,2,1,6,2,34,2,63049
2013,9,,2,14,1.16,1.16,0,0,0,0,1,22,2,1,5,1,20,2,62063
2013,9,,1,8,1.16,0,1.16,0,0,0,1,22,2,1,5,1,84,1,62063
2013,9,,3,21,0,0,0,0,0,0,1,1,2,,4,,64,1,62063
2013,9,,1,19,0,0,0,0,0,0,1,2,2,2,3,1,24,1,62051
2013,9,,4,18,0,0,0,0,0,0,1,2,2,1,5,1,72,1,62011
2013,9,,7,20,1.06,0,1.06,0,0,0,1,14,2,1,8,2,22,1,56016
2013,9,,5,12,1.15,1.15,0,0,0,0,2,15,2,1,4,1,15,2,55022
2013,9,,4,10,0,0,0,0,0,0,1,6,1,1,3,2,51,1,53065
2013,9,,5,20,1,1,0,0,0,0,1,1,2,2,7,2,55,2,53053
2013,9,,3,8,1.1,1.1,0,0,0,0,1,1,2,1,3,2,45,2,52025
2013,9,,3,20,0,0,0,0,0,0,1,1,2,3,3,1,33,2,52011
2013,9,,2,21,0,0,0,0,0,0,1,1,2,3,2,1,35,1,51009
2013,9,,1,2,1,1,0,0,0,0,1,1,2,3,7,2,54,1,52010
2013,9,,2,21,1.33,0,1.33,0,0,0,1,18,2,2,4,2,50,1,46024
2013,9,,1,15,1.06,1.06,0,0,0,0,1,18,2,1,4,2,78,2,44049
2013,9,,3,10,0,0,0,0,0,0,1,4,2,1,4,2,69,1,44048
2013,9,,6,16,0,0,0,0,0,0,1,1,1,1,7,2,18,1,44043
2013,9,,5,14,0,0,0,0,0,0,1,1,2,1,4,2,18,1,44021
2013,9,,2,22,1.21,1.21,0,0,0,0,1,13,2,3,4,1,19,1,44021
2013,9,,5,12,0,0,0,0,0,0,1,1,2,1,4,,32,1,44021
2013,9,,3,16,1.21,1.21,0,0,0,0,1,1,2,1,4,1,30,1,44021
2013,9,,7,14,0,0,0,0,0,0,1,23,2,1,4,2,44,1,41081
2013,9,,6,0,1.18,1.18,0,0,0,0,1,22,2,3,5,1,20,2,42008
2013,9,,7,19,1.17,1.17,0,0,0,0,1,2,2,,3,,22,2,41048
2013,9,,5,14,1.19,1.19,0,0,0,0,1,14,2,1,,1,51,1,36008
2013,9,,2,9,0,0,0,0,0,0,1,1,2,1,4,1,33,2,34042
2013,9,,6,19,1.26,1.26,0,0,0,0,2,1,2,,4,,11,2,34009
2013,9,,4,20,1.23,1.23,0,0,0,0,1,18,2,1,6,2,44,1,34003
2013,9,,3,15,1.2,1.2,0,0,0,0,1,18,2,1,7,1,58,1,31043
2013,9,,7,14,0,0,0,0,0,0,1,1,2,1,2,1,76,1,31042
2013,10,,5,0,0,0,0,0,0,0,1,1,2,3,4,1,27,1,35011
2013,10,,6,22,2.46,2.46,0,0,0,0,1,18,2,,3,,20,1,34041
2013,10,,4,20,1.1,1.1,0,0,0,0,1,18,2,3,4,2,29,2,36007
2013,10,,2,16,1.19,1.19,0,0,0,0,2,1,2,1,4,1,24,1,36015
2013,10,,5,14,1.08,1.08,0,0,0,0,2,3,2,1,3,2,37,2,38002
2013,10,,6,11,0,0,0,0,0,0,1,1,2,1,4,2,28,1,37018
2013,10,,4,16,1.23,1.23,0,0,0,0,1,1,2,1,4,,21,2,41027
2013,10,,4,21,0,0,0,0,0,0,1,1,2,3,3,1,51,1,41081
2013,10,,4,21,0,0,0,0,0,0,1,1,2,3,5,1,57,2,42006
2013,10,,5,7,1.25,1.25,0,0,0,0,1,1,2,3,7,2,28,1,44001
2013,10,,1,23,1.05,1.05,0,0,0,0,1,1,2,3,1,1,73,2,43010
2013,10,,3,23,0,0,0,0,0,0,1,1,2,3,5,1,25,2,44021
2013,10,,5,13,1.21,1.21,0,0,0,0,1,18,2,1,4,1,20,2,44021
2013,10,,2,12,1.21,1.21,0,0,0,0,1,22,2,1,5,1,37,2,44021
2013,10,,1,21,1.21,1.21,0,0,0,0,1,18,2,,4,,51,1,44021
2013,10,,4,12,1.21,1.21,0,0,0,0,1,1,2,1,3,1,76,1,44021
2013,10,,5,16,0,0,0,0,0,0,1,1,2,1,5,1,49,2,44073
2013,10,,3,16,1,1,0,0,0,0,2,1,1,1,3,2,39,2,46013
2013,10,,3,13,1.33,1.33,0,0,0,0,1,18,2,1,3,1,15,1,46024
2013,10,,2,16,1.2,1.2,0,0,0,0,1,1,2,1,7,2,32,2,46021
2013,10,,3,22,1.2,1.2,0,0,0,0,1,1,2,3,2,1,35,1,46025
2013,10,,1,19,0,0,0,0,0,0,1,1,2,,4,,,,52015
2013,10,,1,21,1.23,1.23,0,0,0,0,2,1,2,3,3,1,14,2,52063
2013,10,,4,17,1.17,0,1.17,0,0,0,1,14,2,1,4,2,48,1,55039
2013,10,,2,10,1.15,1.15,0,0,0,0,1,2,2,1,7,1,32,2,55022
2013,10,,7,19,1.16,1.16,0,0,0,0,1,18,2,3,4,1,59,1,62063
2013,10,,4,19,1.24,1.24,0,0,0,0,2,1,2,3,3,1,11,1,62051
2013,10,,3,9,0,0,0,0,0,0,1,1,2,1,5,1,80,1,62063
2013,10,,3,18,0,0,0,0,0,0,1,1,1,1,3,2,32,1,71004
2013,10,,2,11,0,0,0,0,0,0,1,9,2,1,5,,54,1,64015
2013,10,,2,8,0,0,0,0,0,0,1,1,2,3,4,2,32,1,71022
2013,10,,4,13,0,0,0,0,0,0,1,4,2,1,2,2,28,1,71034
2013,10,,4,20,1.15,1.15,0,0,0,0,1,15,2,3,2,2,27,1,71037
2013,10,,4,0,1.27,1.27,0,0,0,0,1,1,2,4,7,2,19,1,85039
2013,10,,3,18,0,0,0,0,0,0,1,1,2,1,4,2,40,2,83034
2013,10,,2,20,1.09,1.09,0,0,0,0,1,1,2,4,7,2,21,1,84059
2013,10,,2,19,0,0,0,0,0,0,1,1,2,1,3,1,35,1,92094
2013,10,,6,21,1,1,0,0,0,0,2,4,2,3,4,2,18,1,91059
2013,10,,7,20,1.5,1.5,0,0,0,0,1,1,2,,7,1,75,1,92094
2013,10,,1,18,1.17,1.17,0,0,0,0,1,18,2,1,4,2,13,1,72039
2013,10,,4,17,1.09,1.09,0,0,0,0,1,22,2,1,5,1,3,1,92137
2013,10,,4,17,0,0,0,0,0,0,1,1,2,1,5,1,42,1,92137
2013,10,,5,18,0,0,0,0,0,0,1,1,2,1,6,1,30,1,23077
2013,10,,3,14,0,0,0,0,0,0,1,1,2,1,4,1,41,1,24041
2013,10,,6,11,1.2,1.2,0,0,0,0,1,18,2,1,4,2,63,1,24107
2013,10,,4,13,1.12,1.12,0,0,0,0,1,18,2,1,4,1,31,1,21004
2013,10,,4,19,1.25,1.25,0,0,0,0,1,13,2,2,4,1,40,2,21002
2013,10,,4,22,1.2,1.2,0,0,0,0,2,1,2,3,3,1,23,2,21005
2013,10,,4,22,0,0,0,0,0,0,1,1,2,3,3,1,18,1,21005
2013,10,,1,16,1.42,1.42,0,0,0,0,2,1,2,1,3,1,85,2,21014
2013,10,,2,8,1.18,1.18,0,0,0,0,1,14,2,3,4,1,37,1,21010
2013,10,,3,16,0,0,0,0,0,0,1,10,2,1,8,1,28,1,21009
2013,10,,5,12,1.42,1.42,0,0,0,0,1,1,2,1,3,1,55,1,21015
2013,10,,3,7,0,0,0,0,0,0,1,1,1,4,3,2,26,2,31003
2013,10,,2,19,1.25,1.25,0,0,0,0,1,18,2,,2,,47,1,21016
2013,10,,3,18,1.42,1.42,0,0,0,0,1,18,2,1,,1,33,2,21015
2013,10,,6,10,0,0,0,0,0,0,1,1,2,1,2,1,40,2,21018
2013,10,,1,11,0,0,0,0,0,0,1,1,2,1,5,1,66,1,31005
2013,10,,5,22,0,0,0,0,0,0,1,1,2,3,3,2,56,1,31005
2013,10,,4,4,0,0,0,0,0,0,1,1,2,3,,1,54,1,31005
2013,10,,7,18,1.15,1.15,0,0,0,0,1,1,2,1,2,2,18,1,11022
2013,10,,6,20,0,0,0,0,0,0,1,1,2,3,3,1,32,1,11002
2013,10,,2,18,0,0,0,0,0,0,1,1,2,,4,,30,1,11002
2013,10,,2,9,1.22,1.22,0,0,0,0,1,18,2,1,4,1,29,2,11002
2013,10,,2,7,1.22,1.22,0,0,0,0,1,1,2,1,3,1,37,2,11002
2013,11,,5,19,0,0,0,0,0,0,1,2,2,3,5,1,59,2,11002
2013,11,,1,7,1.22,1.22,0,0,0,0,1,18,2,2,2,1,53,1,11002
2013,11,,5,0,1,1,0,0,0,0,1,1,1,3,3,2,43,1,11002
2013,11,,5,16,1.22,0,1.22,0,0,0,1,18,2,1,4,1,35,1,11002
2013,11,,7,4,1.15,0,1.15,0,0,0,1,1,2,3,7,2,35,1,12014
2013,11,,5,1,1.25,1.25,0,0,0,0,1,1,2,3,7,1,49,1,11037
2013,11,,3,18,0,0,0,0,0,0,1,1,2,4,2,1,47,1,11040
2013,11,,3,18,1.22,1.22,0,0,0,0,1,22,2,3,5,1,45,1,11008
2013,11,,3,0,1,1,0,0,0,0,1,2,2,3,7,2,32,1,11024
2013,11,,7,20,1.22,1.22,0,0,0,0,1,1,2,2,3,1,22,2,11002
2013,11,,2,15,1.22,0,1.22,0,0,0,1,18,2,1,6,1,73,1,11002
2013,11,,1,10,0,0,0,0,0,0,1,1,2,1,4,1,20,1,11002
2013,11,,4,12,1.22,1.22,0,0,0,0,1,15,2,1,4,1,16,1,31005
2013,11,,1,17,1.22,1.22,0,0,0,0,1,18,2,,4,,20,2,31005
2013,11,,4,9,1.42,1.42,0,0,0,0,2,1,2,,4,,26,2,21015
2013,11,,6,3,1.12,1.12,0,0,0,0,1,1,2,3,3,1,20,1,21004
2013,11,,4,15,1.12,1.12,0,0,0,0,1,16,2,1,4,1,44,1,21004
2013,11,,7,21,0,0,0,0,0,0,1,1,2,3,4,1,38,1,13014
2013,11,,5,17,0,0,0,0,0,0,1,1,2,2,4,2,,,13011
2013,11,,5,18,1.25,1.25,0,0,0,0,1,18,2,2,4,1,19,2,13008
2013,11,,3,17,0,0,0,0,0,0,1,,2,1,3,1,,,12030
2013,11,,6,18,0,0,0,0,0,0,1,1,2,,1,,22,2,25119
2013,11,,6,21,1.09,1.09,0,0,0,0,2,15,2,3,4,1,20,2,25072
2013,11,,6,4,0,0,0,0,0,0,1,1,2,3,2,2,20,1,25044
2013,11,,3,8,0,0,0,0,0,0,1,1,2,3,5,1,31,2,25015
2013,11,,4,19,1.24,1.24,0,0,0,0,1,18,2,3,,1,18,1,24062
2013,11,,2,19,0,0,0,0,0,0,1,1,2,3,3,1,66,1,24062
2013,11,,5,8,1.24,1.24,0,0,0,0,1,18,2,2,4,2,58,1,24062
2013,11,,1,20,1.24,1.24,0,0,0,0,1,16,2,3,2,1,16,2,24062
2013,11,,4,13,1.17,1.17,0,0,0,0,1,15,2,1,4,1,41,2,24020
2013,11,,4,16,1.17,1.17,0,0,0,0,1,1,2,1,3,2,51,1,23094
2013,11,,2,6,1.13,1.13,0,0,0,0,1,1,2,3,2,2,46,1,23062
2013,11,,4,17,1.15,1.15,0,0,0,0,1,1,2,1,6,2,28,1,23038
2013,11,,1,14,1.08,1.08,0,0,0,0,2,2,1,1,3,2,37,1,92141
2013,11,,6,20,1.1,1.1,0,0,0,0,1,1,2,3,4,2,32,2,72038
2013,11,,5,0,1.17,1.17,0,0,0,0,2,1,2,,7,,18,2,72039
2013,11,,1,2,1.17,1.17,0,0,0,0,2,1,2,,7,,35,2,57093
2013,11,,2,20,1.08,1.08,0,0,0,0,1,1,2,3,2,2,61,2,32030
2013,11,,1,5,0,0,0,0,0,0,1,1,2,3,7,1,23,1,85045
2013,11,,3,1,1.13,1.13,0,0,0,0,1,1,2,3,7,1,24,1,73083
2013,11,,5,14,1.14,1.14,0,0,0,0,1,1,2,1,7,2,19,2,71067
2013,11,,4,20,1.14,1.14,0,0,0,0,1,1,2,3,3,2,46,1,71016
2013,11,,4,15,1.08,1.08,0,0,0,0,2,1,2,1,4,,19,1,64076
2013,11,,5,19,1.13,1.13,0,0,0,0,1,1,2,3,4,1,23,2,62079
2013,11,,1,18,0,0,0,0,0,0,1,2,2,3,5,2,48,2,62060
2013,11,,6,14,0,0,0,0,0,0,1,1,2,1,5,1,50,1,62063
2013,11,,3,18,0,0,0,0,0,0,1,1,2,3,5,1,19,1,62009
2013,11,,6,7,0,0,0,0,0,0,1,1,2,3,3,2,,,56022
2013,11,,5,22,1.17,1.17,0,0,0,0,2,1,2,3,7,1,25,2,57003
2013,11,,2,16,1,1,0,0,0,0,1,4,1,1,7,2,20,1,54007