year,month,monthDay,weekDay,hour,numVictims,numSlightlyInjured,numSeverelyInjured,numMortallyInjured,numDiedWithin24Hours,numDiedWithin30Days,victimType,roadUserType,roadType,lightConditions,collisionType,areaType,age,sex,municipality
2013,11,,5,8,0,0,0,0,0,0,1,7,2,1,4,2,36,1,52043
2013,11,,3,14,1,1,0,0,0,0,1,1,1,1,3,2,40,1,52021
2013,11,,3,14,1.1,1.1,0,0,0,0,2,15,2,1,4,1,51,2,52011
2013,11,,1,16,1.15,1.15,0,0,0,0,1,1,2,1,8,2,22,2,51004
2013,11,,4,9,1.18,1.18,0,0,0,0,1,15,2,,3,,16,1,45057
2013,11,,6,15,0,0,0,0,0,0,1,1,2,1,5,,39,1,44021
2013,11,,1,13,0,0,0,0,0,0,1,1,2,1,3,,26,1,44021
2013,11,,3,20,1.17,1.17,0,0,0,0,1,1,2,3,4,1,23,2,41034
2013,11,,3,19,0,0,0,0,0,0,1,1,2,3,2,1,47,1,35011
2013,11,,7,23,1,0,0,0,1,1,1,1,2,3,6,2,48,1,34023
2013,11,,7,5,1.22,1.22,0,0,0,0,1,1,2,,4,,56,2,31033
2013,12,,2,15,0,0,0,0,0,0,1,4,2,1,4,1,30,1,31043
2013,12,,5,19,1.23,1.23,0,0,0,0,2,1,2,3,3,1,13,2,34042
2013,12,,4,1,0,0,0,0,0,0,1,1,2,3,3,1,25,1,35013
2013,12,,2,13,1.09,1.09,0,0,0,0,1,1,2,1,4,1,19,2,35002
2013,12,,1,17,1.28,1.28,0,0,0,0,1,1,2,2,7,1,21,1,42011
2013,12,,5,11,1.21,1.21,0,0,0,0,1,18,2,1,4,1,12,2,44021
2013,12,,5,19,1.17,1.17,0,0,0,0,1,16,2,3,4,2,23,2,44043
2013,12,,4,12,0,0,0,0,0,0,1,1,2,1,4,1,52,2,52011
2013,12,,3,9,1.17,1.17,0,0,0,0,1,1,2,1,3,2,33,2,53044
2013,12,,4,16,1.13,1.13,0,0,0,0,1,1,2,1,7,2,21,2,54007
2013,12,,5,19,1.18,1.18,0,0,0,0,1,22,2,3,5,1,33,2,53068
2013,12,,5,10,1.15,1.15,0,0,0,0,1,1,2,1,4,,68,2,53065
2013,12,,7,4,1.13,0,1.13,0,0,0,1,1,2,3,7,2,54,1,54007
2013,12,,2,8,0,0,0,0,0,0,1,1,2,2,8,2,40,2,56078
2013,12,,2,13,1.21,1.21,0,0,0,0,2,1,2,1,3,,15,2,62038
2013,12,,3,14,1,1,0,0,0,0,1,1,1,1,3,2,54,2,62063
2013,12,,3,13,1.16,1.16,0,0,0,0,1,22,2,1,5,1,17,2,62063
2013,12,,3,3,1.11,1.11,0,0,0,0,1,1,2,3,4,1,52,2,63079
2013,12,,2,20,0,0,0,0,0,0,1,1,2,3,2,1,48,1,63061
2013,12,,2,12,1.23,1.23,0,0,0,0,1,1,2,1,3,1,34,2,63001
2013,12,,7,19,0,0,0,0,0,0,1,2,2,4,4,2,51,2,73001
2013,12,,1,8,1.12,1.12,0,0,0,0,1,18,2,2,4,2,45,2,72029
2013,12,,2,13,1.06,1.06,0,0,0,0,1,1,2,1,3,1,23,1,82032
2013,12,,2,18,1.06,0,1.06,0,0,0,1,1,2,3,4,1,35,1,83012
2013,12,,4,16,0,0,0,0,0,0,1,1,2,1,,1,,,83034
2013,12,,2,13,1.16,1.16,0,0,0,0,1,1,2,1,2,,42,2,91072
2013,12,,1,9,1.13,1.13,0,0,0,0,1,1,2,,7,,26,2,92045
2013,12,,3,15,1.17,0,1.17,0,0,0,1,1,2,1,3,2,57,2,33041
2013,12,,2,19,1.08,1.08,0,0,0,0,2,1,2,3,2,2,1,1,32030
2013,12,,6,11,1.15,1.15,0,0,0,0,1,22,2,1,5,,72,2,53082
2013,12,,3,13,1.18,1.18,0,0,0,0,2,1,2,1,4,1,49,2,62120
2013,12,,4,18,0,0,0,0,0,0,1,3,2,3,5,2,25,1,23047
2013,12,,6,18,1.21,1.21,0,0,0,0,1,1,2,3,3,1,60,2,23027
2013,12,,1,8,1.13,1.13,0,0,0,0,2,1,2,3,4,2,2,1,23025
2013,12,,3,19,0,0,0,0,0,0,1,1,1,3,1,2,49,1,24016
2013,12,,1,17,1.24,1.24,0,0,0,0,1,18,2,2,8,1,80,1,24062
2013,12,,7,13,0,0,0,0,0,0,1,1,2,1,4,2,48,2,24094
2013,12,,6,0,0,0,0,0,0,0,1,1,2,3,4,2,46,1,12026
2013,12,,5,15,0,0,0,0,0,0,1,1,2,1,7,1,56,1,13012
2013,12,,1,1,1.06,1.06,0,0,0,0,1,4,2,3,7,2,56,2,13025
2013,12,,5,15,1.2,1.2,0,0,0,0,1,22,2,1,5,,24,2,21005
2013,12,,3,9,1.12,1.12,0,0,0,0,2,1,2,1,2,1,56,2,21004
2013,12,,2,7,0,0,0,0,0,0,1,1,2,3,5,1,31,1,21008
2013,12,,1,10,1.12,1.12,0,0,0,0,1,18,2,1,5,1,64,1,21009
2013,12,,6,16,1.12,1.12,0,0,0,0,1,22,2,1,5,1,33,2,21009
2013,12,,1,8,1.42,1.42,0,0,0,0,1,13,2,1,2,1,37,1,21015
2013,12,,1,22,0,0,0,0,0,0,1,1,2,3,4,2,25,1,11035
2013,12,,2,14,0,0,0,0,0,0,1,1,2,1,4,2,51,1,11016
2013,12,,2,22,1.22,1.22,0,0,0,0,1,1,2,3,3,2,55,1,11008
2013,12,,3,13,0,0,0,0,0,0,1,1,2,1,5,1,33,1,11013
2013,12,,3,3,1,1,0,0,0,0,1,1,1,4,7,2,28,1,11037
2013,12,,2,7,1.22,1.22,0,0,0,0,1,22,2,3,5,1,32,1,11002
2013,12,,3,21,1.22,1.22,0,0,0,0,1,1,2,3,2,1,30,1,11002
2014,1,1,3,16,1,1,0,0,0,0,2,1,2,1,3,1,39,2,21004
2014,1,1,3,8,1,1,0,0,0,0,2,1,2,1,7,2,29,2,34040
2014,1,2,4,17,1,1,0,0,0,0,1,1,2,3,3,1,60,1,31043
2014,1,3,5,20,1,0,1,0,0,0,1,16,2,3,4,1,18,1,11029
2014,1,4,6,1,1,1,0,0,0,0,1,1,2,3,7,1,23,1,83034
2014,1,7,2,9,1,1,0,0,0,0,1,22,2,1,5,1,4,1,13004
2014,1,8,3,15,1,1,0,0,0,0,1,1,2,1,3,2,62,1,41082
2014,1,10,5,13,1,1,0,0,0,0,1,1,2,1,4,1,49,1,34022
2014,1,11,6,18,1,0,1,0,0,0,1,18,2,,4,,37,2,12007
2014,1,11,6,16,1,0,1,0,0,0,1,22,2,1,5,1,83,1,62063
2014,1,13,1,21,1,0,0,1,0,1,1,15,2,3,4,1,25,2,11002
2014,1,13,1,9,1,1,0,0,0,0,2,2,2,2,2,1,13,2,24109
2014,1,13,1,7,1,1,0,0,0,0,2,1,2,3,3,2,21,2,34023
2014,1,15,3,17,1,1,0,0,0,0,1,1,2,1,1,2,,1,12025
2014,1,15,3,12,1,1,0,0,0,0,1,1,2,1,3,,36,2,91005
2014,1,16,4,12,1,0,1,0,0,0,1,1,2,1,4,2,70,2,31033
2014,1,16,4,13,1,1,0,0,0,0,1,22,2,1,,,32,1,23088
2014,1,17,5,17,1,1,0,0,0,0,1,15,2,2,2,1,17,1,25110
2014,1,17,5,13,1,1,0,0,0,0,1,1,2,1,7,1,54,1,44012
2014,1,18,6,10,1,0,1,0,0,0,1,18,2,1,4,1,16,1,44021
2014,1,18,6,23,1,1,0,0,0,0,1,1,2,3,3,1,21,2,24062
2014,1,19,7,5,1,1,0,0,0,0,1,1,2,,7,,24,1,92003
2014,1,19,7,19,1,1,0,0,0,0,1,22,2,1,5,1,23,2,62063
2014,1,20,1,9,1,1,0,0,0,0,1,6,1,3,3,2,47,1,43002
2014,1,20,1,11,1,1,0,0,0,0,1,22,2,1,,,54,2,63003
2014,1,20,1,11,1,1,0,0,0,0,1,18,2,1,4,,14,1,62122
2014,1,21,2,23,1,1,0,0,0,0,2,1,2,3,6,1,22,1,55022
2014,1,23,4,8,1,1,0,0,0,0,1,1,2,2,4,1,39,2,25014
2014,1,24,5,10,1,1,0,0,0,0,1,22,2,1,5,2,30,2,51017
2014,1,24,5,20,1,1,0,0,0,0,1,1,2,3,3,2,50,1,91059
2014,1,26,7,20,1,1,0,0,0,0,1,22,2,,,,55,2,21015
2014,1,31,5,7,1,1,0,0,0,0,1,1,,3,7,2,27,1,45064
2014,2,2,7,11,1,0,1,0,0,0,2,1,2,1,2,2,67,2,43002
2014,2,3,1,10,1,1,0,0,0,0,1,18,2,1,3,1,27,1,23088
2014,2,4,2,12,1,1,0,0,0,0,1,4,2,1,2,2,35,1,44021
2014,2,6,4,20,1,1,0,0,0,0,1,1,1,3,4,2,81,1,11052
2014,2,6,4,12,1,1,0,0,0,0,1,2,2,1,4,1,38,2,44021
2014,2,9,7,6,1,1,0,0,0,0,1,1,2,,,,31,1,31043
2014,2,11,2,16,1,1,0,0,0,0,1,16,2,1,4,1,30,1,25072
2014,2,12,3,19,1,1,0,0,0,0,1,22,2,2,5,1,44,1,11013
2014,2,13,4,14,1,1,0,0,0,0,1,22,2,1,5,1,32,1,13013
2014,2,13,4,16,1,1,0,0,0,0,3,24,2,1,4,1,38,2,21001
2014,2,14,5,10,1,1,0,0,0,0,1,1,1,1,3,2,26,1,57064
2014,2,14,5,19,1,1,0,0,0,0,1,22,2,3,5,1,51,2,44021
2014,2,15,6,4,1,1,0,0,0,0,1,1,2,3,7,2,18,1,36006
2014,2,15,6,16,1,1,0,0,0,0,1,2,2,1,3,2,72,1,51008
2014,2,15,6,13,1,1,0,0,0,0,1,1,2,1,2,1,35,1,23002
2014,2,16,7,21,1,1,0,0,0,0,1,18,2,4,7,1,73,1,12040
2014,2,16,7,7,1,1,0,0,0,0,1,1,1,4,3,2,20,2,25110
2014,2,17,1,11,1,1,0,0,0,0,2,1,2,1,7,,47,2,13014
2014,2,17,1,3,1,1,0,0,0,0,2,1,2,3,7,2,20,1,13049
2014,2,17,1,14,1,1,0,0,0,0,1,18,2,1,,2,27,1,12025
2014,2,18,2,9,1,1,0,0,0,0,1,2,2,1,4,2,24,1,25044
2014,2,18,2,9,1,1,0,0,0,0,1,1,2,1,4,1,33,2,23003
2014,2,18,2,17,1,1,0,0,0,0,1,18,2,1,4,1,55,1,41002
2014,2,20,4,15,1,1,0,0,0,0,1,18,2,1,4,2,56,1,72041
2014,2,20,4,11,1,1,0,0,0,0,1,16,2,1,4,1,23,2,44036
2014,2,23,7,19,1,1,0,0,0,0,1,13,2,1,4,1,56,1,56044
2014,2,24,1,17,1,1,0,0,0,0,1,22,2,1,5,1,66,1,21012
2014,2,24,1,14,1,1,0,0,0,0,2,1,2,1,3,1,19,1,46003
2014,2,25,2,16,1,1,0,0,0,0,1,22,2,1,5,1,4,1,13029
2014,2,26,3,23,1,1,0,0,0,0,2,2,2,3,4,1,19,1,21011
2014,2,26,3,17,1,1,0,0,0,0,1,1,1,1,3,2,44,1,43002
2014,2,27,4,21,1,1,0,0,0,0,1,1,2,3,4,1,30,2,34022
2014,2,27,4,0,1,1,0,0,0,0,1,1,2,4,7,2,24,1,83028
2014,2,28,5,18,1,1,0,0,0,0,1,1,2,1,3,2,59,1,13040
2014,3,1,6,5,1,1,0,0,0,0,1,1,2,,4,,20,1,41048
2014,3,2,7,19,1,1,0,0,0,0,2,14,2,2,3,2,42,2,34023
2014,3,3,1,6,1,1,0,0,0,0,1,1,2,3,4,2,52,1,12040
2014,3,3,1,11,1,1,0,0,0,0,1,22,2,1,5,1,74,2,12025
2014,3,4,2,14,1,1,0,0,0,0,1,1,2,1,4,2,46,2,71020
2014,3,5,3,17,1,1,0,0,0,0,2,2,1,1,4,2,41,2,31022
2014,3,5,3,18,1,1,0,0,0,0,1,18,2,1,4,1,12,1,72030
2014,3,5,3,22,1,1,0,0,0,0,1,1,2,3,3,2,56,2,11057
2014,3,5,3,8,1,1,0,0,0,0,1,1,2,1,4,1,41,2,11005
2014,3,7,5,11,1,1,0,0,0,0,1,14,2,1,8,,61,1,55023
2014,3,8,6,13,1,1,0,0,0,0,2,1,2,1,7,1,66,2,92094
2014,3,8,6,13,1,0,1,0,0,0,1,1,2,1,2,2,28,2,34013
2014,3,9,7,8,1,1,0,0,0,0,1,2,2,2,7,1,41,1,56022
2014,3,9,7,9,1,1,0,0,0,0,1,2,2,1,8,1,26,1,57003
2014,3,9,7,14,1,1,0,0,0,0,1,18,2,1,,1,57,2,13010
2014,3,10,1,18,1,1,0,0,0,0,1,16,2,1,4,2,17,1,72021
2014,3,10,1,10,1,1,0,0,0,0,1,18,2,1,6,1,16,1,45041
2014,3,12,3,12,1,1,0,0,0,0,1,1,1,1,4,2,48,2,92094
2014,3,13,4,9,1,1,0,0,0,0,1,1,2,1,3,2,40,2,35005
2014,3,14,5,11,1,1,0,0,0,0,1,18,2,1,4,1,35,2,21013
2014,3,14,5,16,1,1,0,0,0,0,1,1,2,1,,1,56,1,21016
2014,3,14,5,16,1,1,0,0,0,0,1,7,1,1,7,2,45,1,13025
2014,3,14,5,9,1,1,0,0,0,0,1,1,2,1,2,2,52,2,72038
2014,3,14,5,9,1,1,0,0,0,0,1,1,2,1,2,2,18,1,72038
2014,3,14,5,18,1,1,0,0,0,0,1,14,2,,4,,23,1,63004
2014,3,14,5,18,1,1,0,0,0,0,1,18,2,1,5,1,24,1,52011
2014,3,15,6,4,1,1,0,0,0,0,2,1,2,3,7,1,20,2,13011
2014,3,17,1,14,1,1,0,0,0,0,1,13,2,1,,,29,1,21005
2014,3,18,2,8,1,1,0,0,0,0,1,16,2,1,4,1,17,2,31033
2014,3,19,3,16,1,1,0,0,0,0,1,1,2,1,6,1,35,1,62051
2014,3,20,4,18,1,1,0,0,0,0,1,14,2,1,3,2,54,1,71070
2014,3,20,4,16,1,1,0,0,0,0,1,15,2,1,4,1,42,1,71016
2014,3,21,5,11,1,1,0,0,0,0,1,15,2,1,,1,23,2,41002
2014,3,21,5,1,1,1,0,0,0,0,1,1,2,4,4,2,18,2,23039
2014,3,24,1,8,1,1,0,0,0,0,1,18,2,1,4,2,42,1,13010
2014,3,26,3,9,1,1,0,0,0,0,1,1,2,1,3,1,38,2,63046
2014,3,27,4,9,1,1,0,0,0,0,2,10,2,,4,,13,2,62063
2014,3,31,1,18,1,1,0,0,0,0,1,18,2,,2,,25,2,11029
2014,4,1,2,19,1,1,0,0,0,0,1,22,2,1,5,1,27,2,57081
2014,4,1,2,17,1,1,0,0,0,0,1,18,2,1,4,2,23,1,42025
2014,4,1,2,11,1,1,0,0,0,0,1,1,2,1,7,1,91,2,36015
2014,4,2,3,17,1,1,0,0,0,0,1,18,2,,,,32,2,11002
2014,4,3,4,18,1,1,0,0,0,0,1,1,2,1,4,1,38,1,11007
2014,4,3,4,17,1,1,0,0,0,0,1,1,2,,4,,55,2,57081
2014,4,5,6,17,1,1,0,0,0,0,1,22,2,1,,1,71,2,21004
2014,4,5,6,20,1,1,0,0,0,0,1,22,2,1,5,1,58,1,21004
2014,4,5,6,11,1,1,0,0,0,0,2,15,2,1,4,2,17,2,73083
2014,4,5,6,11,1,1,0,0,0,0,2,10,2,1,4,,80,2,62063
2014,4,5,6,0,1,1,0,0,0,0,2,1,1,3,3,2,12,2,53065
2014,4,7,1,13,1,0,1,0,0,0,1,18,2,1,2,1,55,1,11002
2014,4,8,2,15,1,1,0,0,0,0,1,1,2,1,2,1,44,1,52011
2014,4,8,2,22,1,1,0,0,0,0,1,2,2,,,,36,2,21006
2014,4,9,3,16,1,1,0,0,0,0,1,22,2,1,5,1,52,1,44021
2014,4,11,5,13,1,1,0,0,0,0,1,1,2,1,4,1,47,2,11005
2014,4,11,5,17,1,1,0,0,0,0,1,1,2,1,2,2,24,2,13021
2014,4,12,6,1,1,1,0,0,0,0,1,18,2,3,4,1,25,2,44021
2014,4,12,6,4,1,1,0,0,0,0,1,1,2,3,7,2,30,1,13003
2014,4,14,1,1,1,1,0,0,0,0,1,1,2,3,7,2,21,2,71022
2014,4,14,1,16,1,1,0,0,0,0,1,13,1,1,4,2,42,1,23033
2014,4,16,3,20,1,1,0,0,0,0,1,1,2,,4,,55,1,45059
2014,4,16,3,15,1,1,0,0,0,0,1,22,2,1,5,2,10,1,71016
2014,4,16,3,7,1,1,0,0,0,0,1,14,1,,,,28,1,23062
2014,4,20,7,13,1,1,0,0,0,0,1,18,2,1,4,1,51,2,12026
2014,4,21,1,18,1,1,0,0,0,0,1,22,2,1,5,1,27,2,12025
2014,4,21,1,15,1,1,0,0,0,0,2,1,2,1,4,2,64,2,71020
2014,4,22,2,17,1,1,0,0,0,0,1,18,2,1,4,1,57,1,44021
2014,4,23,3,17,1,1,0,0,0,0,1,1,2,1,4,2,87,1,53039
2014,4,23,3,14,1,1,0,0,0,0,1,1,2,1,4,2,28,1,42006
2014,4,23,3,16,1,0,1,0,0,0,1,1,1,1,,,32,1,35011
2014,4,24,4,17,1,1,0,0,0,0,1,14,2,,4,,37,1,35013
2014,4,24,4,13,1,1,0,0,0,0,1,2,1,1,,,25,2,23094
2014,4,24,4,21,1,1,0,0,0,0,1,14,2,1,4,1,20,1,21008
2014,4,25,5,11,1,1,0,0,0,0,1,2,2,1,4,1,26,2,21001
2014,4,25,5,13,1,1,0,0,0,0,1,1,2,1,2,1,37,1,63058
2014,4,26,6,14,1,1,0,0,0,0,1,18,2,1,3,1,83,1,45041
2014,4,26,6,16,1,1,0,0,0,0,2,1,2,1,3,2,11,1,53053
2014,4,27,7,2,1,1,0,0,0,0,2,1,2,3,3,2,21,1,56001
2014,4,27,7,15,1,1,0,0,0,0,1,22,2,1,5,1,11,1,56011
2014,4,28,1,19,1,1,0,0,0,0,1,4,1,1,3,2,40,1,61072
2014,4,28,1,14,1,1,0,0,0,0,2,1,2,1,7,2,26,1,61043
2014,4,28,1,17,1,1,0,0,0,0,1,1,2,1,7,2,63,,72004
2014,4,28,1,18,1,1,0,0,0,0,1,1,2,1,3,2,26,1,23016
2014,4,28,1,20,1,1,0,0,0,0,1,22,2,,,,38,2,13021
2014,4,28,1,15,1,1,0,0,0,0,1,24,2,1,,1,88,1,11002
2014,4,29,2,19,1,1,0,0,0,0,1,14,2,1,4,2,23,1,11002
2014,4,29,2,2,1,1,0,0,0,0,1,4,2,4,3,1,30,1,92142
2014,4,29,2,19,1,1,0,0,0,0,1,1,2,1,2,1,43,2,44043
2014,4,30,3,16,1,1,0,0,0,0,1,2,2,1,7,,56,1,25107
2014,5,1,4,22,1,1,0,0,0,0,1,16,2,3,3,1,24,1,21003
2014,5,1,4,1,1,1,0,0,0,0,1,1,2,3,7,2,20,1,36019
2014,5,4,7,14,1,1,0,0,0,0,1,18,2,1,4,2,66,1,13025
2014,5,4,7,10,1,0,1,0,0,0,1,18,2,1,4,2,62,2,13011
2014,5,6,2,17,1,1,0,0,0,0,1,22,2,1,5,1,68,2,42006
2014,5,6,2,14,1,1,0,0,0,0,1,1,2,1,3,1,30,2,43018
2014,5,6,2,12,1,1,0,0,0,0,1,16,2,1,2,1,18,1,51004
2014,5,7,3,13,1,1,0,0,0,0,1,18,2,1,4,1,21,2,44021
2014,5,8,4,22,1,1,0,0,0,0,1,1,1,1,7,2,18,2,25068
2014,5,9,5,23,1,1,0,0,0,0,2,1,2,3,4,2,35,1,92142
2014,5,9,5,17,1,1,0,0,0,0,1,18,2,1,,,13,1,63084
2014,5,9,5,16,1,1,0,0,0,0,1,1,2,1,4,2,44,1,52010
2014,5,10,6,12,1,1,0,0,0,0,1,1,2,1,7,,65,2,41048
2014,5,10,6,14,1,1,0,0,0,0,1,1,2,1,4,1,21,2,42006
2014,5,10,6,19,1,1,0,0,0,0,1,1,2,1,4,2,71,1,52063
2014,5,12,1,8,1,1,0,0,0,0,1,18,2,1,4,2,10,1,44019
2014,5,14,3,8,1,1,0,0,0,0,1,18,2,1,2,1,34,1,11002
2014,5,15,4,20,1,1,0,0,0,0,2,1,2,2,3,2,20,2,12021
2014,5,15,4,15,1,1,0,0,0,0,1,1,2,1,4,1,62,2,11002
2014,5,15,4,15,1,0,1,0,0,0,1,14,2,1,4,2,32,1,23094
2014,5,16,5,5,1,1,0,0,0,0,2,1,2,3,4,1,49,2,23086
2014,5,16,5,12,1,1,0,0,0,0,1,18,2,1,,1,42,2,21016
2014,5,17,6,5,1,1,0,0,0,0,1,1,1,4,7,2,25,1,46021
2014,5,17,6,4,1,1,0,0,0,0,1,1,2,3,3,2,24,1,43010
2014,5,18,7,19,1,1,0,0,0,0,2,1,2,,4,,19,1,93010
2014,5,20,2,6,1,1,0,0,0,0,1,1,2,1,6,1,22,1,37007
2014,5,20,2,10,1,1,0,0,0,0,1,1,1,1,,,56,2,44049
2014,5,20,2,19,1,1,0,0,0,0,1,1,2,1,3,1,21,2,52011
2014,5,20,2,13,1,1,0,0,0,0,1,1,2,1,3,2,41,1,72041
2014,5,21,3,13,1,1,0,0,0,0,1,18,2,1,2,,12,1,23002
2014,5,21,3,14,1,1,0,0,0,0,1,15,2,1,2,,16,2,23062
2014,5,21,3,19,1,0,0,0,1,1,1,1,2,1,2,2,20,2,35005
2014,5,22,4,23,1,1,0,0,0,0,1,1,2,3,6,2,58,1,46020
2014,5,22,4,15,1,1,0,0,0,0,2,2,2,1,2,1,74,2,84009
2014,5,23,5,13,1,0,0,1,0,1,1,13,2,1,4,1,19,1,21001
2014,5,23,5,17,1,1,0,0,0,0,1,18,2,1,4,1,37,1,13040
2014,5,23,5,15,1,1,0,0,0,0,1,18,2,1,4,,21,2,24062
2014,5,23,5,21,1,1,0,0,0,0,1,4,2,1,7,2,44,2,23002
2014,5,23,5,20,1,1,0,0,0,0,1,1,2,1,4,2,29,1,53039
2014,5,23,5,15,1,1,0,0,0,0,1,18,2,1,2,2,28,2,34003
2014,5,24,6,16,1,1,0,0,0,0,2,1,2,1,2,,21,2,44021
2014,5,24,6,22,1,1,0,0,0,0,1,1,2,1,2,1,29,2,21004
2014,5,26,1,19,1,1,0,0,0,0,1,1,2,1,3,2,32,2,32010
2014,5,26,1,16,1,1,0,0,0,0,2,16,2,1,4,1,20,1,44021
2014,5,26,1,16,1,0,1,0,0,0,1,1,2,1,3,,64,2,44021
2014,5,26,1,18,1,1,0,0,0,0,1,1,2,,,,21,2,11009
2014,5,27,2,18,1,1,0,0,0,0,1,18,2,1,,1,20,2,12030
2014,5,27,2,17,1,1,0,0,0,0,1,13,2,1,8,2,51,1,91114
2014,5,28,3,0,1,1,0,0,0,0,1,13,2,3,4,1,50,1,23086
2014,5,28,3,20,1,0,1,0,0,0,1,1,2,1,2,2,45,1,24045
2014,5,29,4,3,1,1,0,0,0,0,1,1,2,3,8,1,20,1,53053
2014,5,31,6,20,1,1,0,0,0,0,1,1,2,,,,20,1,92138
2014,5,31,6,10,1,1,0,0,0,0,1,18,2,1,1,2,39,1,61019
2014,6,1,7,1,1,1,0,0,0,0,1,1,2,3,4,2,38,1,34023
2014,6,1,7,17,1,1,0,0,0,0,2,1,2,1,3,1,40,2,44021
2014,6,1,7,13,1,1,0,0,0,0,1,1,2,1,4,1,24,2,23025
2014,6,1,7,19,1,1,0,0,0,0,2,1,2,,1,,14,1,25031
2014,6,2,1,14,1,1,0,0,0,0,1,1,2,1,7,,47,1,42026
2014,6,3,2,14,1,1,0,0,0,0,1,13,2,1,4,1,16,1,52018
2014,6,4,3,23,1,1,0,0,0,0,1,1,2,3,3,2,24,1,72039
2014,6,4,3,11,1,1,0,0,0,0,1,18,2,1,2,,38,2,44021
2014,6,5,4,15,1,1,0,0,0,0,2,24,2,1,4,1,20,2,21001
2014,6,6,5,22,1,0,1,0,0,0,1,13,2,2,2,2,50,1,72039
2014,6,6,5,21,1,1,0,0,0,0,1,1,2,1,8,1,32,2,53053
2014,6,7,6,1,1,0,1,0,0,0,1,1,1,4,7,2,18,1,33037
2014,6,7,6,7,1,1,0,0,0,0,1,1,2,1,2,1,31,1,62096
2014,6,7,6,21,1,1,0,0,0,0,2,1,2,,3,,31,1,11002
2014,6,8,7,19,1,1,0,0,0,0,1,14,2,1,4,2,63,1,24059
2014,6,8,7,18,1,1,0,0,0,0,2,14,2,,,,24,2,93090
2014,6,9,1,12,1,0,1,0,0,0,1,14,2,1,4,2,36,1,13040
2014,6,10,2,14,1,1,0,0,0,0,1,22,2,1,5,,46,1,11002
2014,6,10,2,17,1,1,0,0,0,0,1,18,2,1,,2,18,2,23025
2014,6,10,2,16,1,1,0,0,0,0,2,1,2,1,4,1,22,2,43010
2014,6,11,3,10,1,1,0,0,0,0,1,18,2,1,4,1,52,1,24135
2014,6,11,3,16,1,1,0,0,0,0,1,6,1,1,3,2,,1,13001
2014,6,12,4,14,1,1,0,0,0,0,2,1,2,1,2,1,3,2,62120
2014,6,12,4,11,1,1,0,0,0,0,1,1,2,1,4,2,24,2,31012
2014,6,13,5,14,1,1,0,0,0,0,1,1,2,1,2,2,21,2,13025
2014,6,14,6,12,1,1,0,0,0,0,1,18,2,1,2,2,48,1,12009
2014,6,14,6,16,1,1,0,0,0,0,1,1,2,1,,,89,2,13008
2014,6,15,7,22,1,0,1,0,0,0,1,22,2,1,5,1,9,1,11002
2014,6,16,1,9,1,1,0,0,0,0,2,1,2,1,2,1,9,2,83012
2014,6,16,1,12,1,1,0,0,0,0,3,,2,1,,,20,1,71011
2014,6,16,1,13,1,1,0,0,0,0,1,18,2,1,4,1,13,1,46024
2014,6,17,2,21,1,1,0,0,0,0,1,14,2,1,4,1,39,1,11002
2014,6,20,5,14,1,1,0,0,0,0,1,22,2,1,5,1,17,2,11044
2014,6,20,5,21,1,1,0,0,0,0,1,18,2,1,,1,32,1,43005
2014,6,21,6,11,1,1,0,0,0,0,1,1,2,1,4,1,78,1,33011
2014,6,21,6,17,1,0,1,0,0,0,1,14,2,1,4,2,24,1,35002
2014,6,21,6,18,1,1,0,0,0,0,2,1,2,1,7,2,25,1,57081
2014,6,21,6,10,1,1,0,0,0,0,1,1,2,1,7,,23,1,55023
2014,6,22,7,21,1,0,1,0,0,0,1,13,2,1,4,1,47,1,11002
2014,6,22,7,2,2,2,0,0,0,0,2,1,2,4,7,2,25,1,13025
2014,6,23,1,19,1,1,0,0,0,0,1,1,2,1,3,2,49,1,64056
2014,6,24,2,22,1,1,0,0,0,0,1,1,2,2,2,2,18,1,11024
2014,6,24,2,20,1,1,0,0,0,0,1,1,1,,3,,20,2,46003
2014,6,25,3,19,1,1,0,0,0,0,1,2,2,,,,35,1,36015
2014,6,25,3,9,1,1,0,0,0,0,1,18,2,1,4,1,56,2,44021
2014,6,25,3,12,1,1,0,0,0,0,1,14,2,1,4,,31,1,62063
2014,6,25,3,8,1,1,0,0,0,0,1,1,2,1,4,1,31,2,62063
2014,6,25,3,16,1,1,0,0,0,0,1,18,2,1,4,1,43,1,11002
2014,6,26,4,16,1,1,0,0,0,0,1,15,2,1,4,1,45,1,21004
2014,6,26,4,23,1,1,0,0,0,0,2,1,2,1,3,2,2,1,64074
2014,6,26,4,10,1,1,0,0,0,0,1,18,2,1,6,,15,1,41002
2014,6,28,6,22,1,1,0,0,0,0,1,1,2,3,7,2,56,2,11040
2014,6,28,6,18,1,1,0,0,0,0,2,1,2,,4,,82,2,55010
2014,6,28,6,10,1,1,0,0,0,0,1,1,2,1,4,2,57,1,56078
2014,6,28,6,21,1,1,0,0,0,0,2,1,2,,7,,46,2,61068