year,month,monthDay,weekDay,hour,numVictims,numSlightlyInjured,numSeverelyInjured,numMortallyInjured,numDiedWithin24Hours,numDiedWithin30Days,victimType,roadUserType,roadType,lightConditions,collisionType,areaType,age,sex,municipality
2014,6,29,7,21,1,1,0,0,0,0,2,1,2,2,4,2,46,2,44021
2014,6,29,7,22,1,1,0,0,0,0,1,1,2,1,4,1,40,2,62051
2014,6,30,1,13,1,1,0,0,0,0,1,1,2,1,4,1,22,1,83034
2014,6,30,1,19,1,1,0,0,0,0,1,2,2,,4,,51,2,53014
2014,7,1,2,10,1,1,0,0,0,0,1,18,2,1,3,1,57,2,44021
2014,7,1,2,17,1,1,0,0,0,0,1,22,2,1,5,1,32,1,21013
2014,7,2,3,10,1,1,0,0,0,0,2,1,2,1,3,2,4,1,92006
2014,7,2,3,20,1,1,0,0,0,0,1,18,,1,4,2,33,1,43010
2014,7,3,4,17,1,1,0,0,0,0,1,18,2,1,4,2,21,2,71016
2014,7,4,5,20,1,1,0,0,0,0,1,18,2,1,4,2,52,2,24104
2014,7,4,5,21,1,1,0,0,0,0,1,15,2,1,8,1,24,1,57064
2014,7,4,5,13,1,0,1,0,0,0,2,,2,1,3,1,7,2,42006
2014,7,5,6,18,1,0,0,0,1,1,2,14,2,1,7,2,43,1,92094
2014,7,6,7,3,2,2,0,0,0,0,2,1,2,,7,,15,2,62108
2014,7,6,7,20,1,1,0,0,0,0,1,1,2,,,,29,,53053
2014,7,6,7,8,1,0,1,0,0,0,1,1,1,2,2,2,26,1,44013
2014,7,7,1,12,1,1,0,0,0,0,2,1,1,1,3,2,15,2,92094
2014,7,7,1,19,1,1,0,0,0,0,2,1,2,1,3,1,37,2,11002
2014,7,8,2,8,1,1,0,0,0,0,1,1,2,1,8,2,54,2,31003
2014,7,8,2,11,1,1,0,0,0,0,1,2,2,1,3,2,25,2,42023
2014,7,9,3,13,1,1,0,0,0,0,2,1,2,1,,,18,1,52011
2014,7,9,3,21,1,0,1,0,0,0,1,1,1,1,7,2,44,2,63020
2014,7,9,3,11,1,1,0,0,0,0,1,22,2,1,5,1,44,1,21019
2014,7,9,3,12,1,1,0,0,0,0,1,18,2,1,6,1,40,1,11002
2014,7,12,6,17,1,1,0,0,0,0,1,18,2,,6,,46,1,61068
2014,7,13,7,16,1,1,0,0,0,0,1,22,2,1,5,1,41,1,38014
2014,7,13,7,11,2,2,0,0,0,0,2,2,1,1,3,2,11,1,23047
2014,7,13,7,18,1,1,0,0,0,0,1,1,2,1,2,1,21,1,72039
2014,7,13,7,23,1,0,1,0,0,0,2,1,2,3,2,2,51,2,12034
2014,7,14,1,12,1,1,0,0,0,0,2,1,2,1,,,57,2,52012
2014,7,15,2,16,1,0,1,0,0,0,1,14,2,1,2,2,49,1,25072
2014,7,17,4,17,1,1,0,0,0,0,1,4,2,1,3,2,19,1,11002
2014,7,18,5,17,1,1,0,0,0,0,1,18,2,1,3,1,53,1,11024
2014,7,18,5,10,1,1,0,0,0,0,2,1,2,1,4,1,17,2,24008
2014,7,18,5,15,1,1,0,0,0,0,2,1,2,1,4,2,86,2,71053
2014,7,18,5,16,1,1,0,0,0,0,1,1,2,1,4,2,63,1,38016
2014,7,22,2,21,1,1,0,0,0,0,1,15,2,1,8,1,16,1,72039
2014,7,22,2,8,1,1,0,0,0,0,1,1,1,1,7,2,26,1,46003
2014,7,23,3,19,1,1,0,0,0,0,1,1,2,1,3,1,55,2,31043
2014,7,23,3,18,1,1,0,0,0,0,1,18,2,1,2,2,56,1,24066
2014,7,23,3,17,1,1,0,0,0,0,1,22,2,1,5,1,12,2,21004
2014,7,25,5,15,1,1,0,0,0,0,1,13,2,1,4,1,20,1,31043
2014,7,26,6,20,1,1,0,0,0,0,2,15,2,1,2,1,16,1,63020
2014,7,27,7,18,1,0,1,0,0,0,2,14,2,,,,27,1,56051
2014,7,28,1,19,1,1,0,0,0,0,1,15,2,,,,25,1,13031
2014,7,28,1,3,1,1,0,0,0,0,1,1,2,4,7,2,20,1,91054
2014,7,29,2,16,1,1,0,0,0,0,1,1,2,1,3,2,28,2,71022
2014,7,30,3,10,1,1,0,0,0,0,1,22,2,1,5,1,62,1,21019
2014,7,30,3,12,1,1,0,0,0,0,1,18,2,1,4,2,45,1,61041
2014,7,31,4,17,1,1,0,0,0,0,1,1,2,1,3,1,29,1,44021
2014,7,31,4,18,1,1,0,0,0,0,2,1,2,1,1,1,22,2,44011
2014,7,31,4,22,1,1,0,0,0,0,1,18,2,3,,1,17,1,44021
2014,7,31,4,17,1,1,0,0,0,0,1,4,2,1,3,1,34,1,44021
2014,7,31,4,1,1,1,0,0,0,0,1,1,2,3,1,2,58,1,81015
2014,8,3,7,16,1,1,0,0,0,0,1,18,2,1,4,2,76,1,13017
2014,8,3,7,21,1,1,0,0,0,0,2,1,2,,,,40,2,13008
2014,8,3,7,22,1,1,0,0,0,0,2,1,1,1,3,2,16,1,44049
2014,8,4,1,16,1,1,0,0,0,0,1,1,2,1,4,,57,2,44021
2014,8,5,2,12,1,1,0,0,0,0,1,17,2,1,3,1,71,2,31004
2014,8,5,2,18,1,0,1,0,0,0,1,18,2,1,4,1,69,1,72040
2014,8,6,3,17,1,1,0,0,0,0,1,18,2,1,,1,15,2,31043
2014,8,6,3,15,1,1,0,0,0,0,1,18,2,1,3,1,22,1,64075
2014,8,6,3,2,1,1,0,0,0,0,1,1,2,3,7,1,72,1,24059
2014,8,7,4,15,1,1,0,0,0,0,1,1,1,1,,2,43,1,12025
2014,8,8,5,19,1,1,0,0,0,0,1,1,2,1,2,1,64,1,37017
2014,8,10,7,7,1,1,0,0,0,0,1,4,1,1,3,2,26,2,23094
2014,8,11,1,18,1,1,0,0,0,0,1,14,2,1,4,1,48,1,11002
2014,8,11,1,20,1,0,1,0,0,0,1,18,2,1,2,1,30,1,41082
2014,8,12,2,14,1,1,0,0,0,0,1,1,1,1,3,2,62,1,31022
2014,8,15,5,22,1,1,0,0,0,0,2,1,1,4,3,2,29,2,11009
2014,8,15,5,17,1,1,0,0,0,0,1,22,2,1,5,1,87,2,24001
2014,8,17,7,13,1,1,0,0,0,0,2,16,2,1,8,2,24,2,71004
2014,8,18,1,18,1,1,0,0,0,0,1,14,2,1,3,1,31,1,21001
2014,8,19,2,19,1,1,0,0,0,0,1,1,2,1,4,1,37,2,21013
2014,8,19,2,13,1,0,1,0,0,0,2,2,2,1,4,2,73,2,36011
2014,8,20,3,18,1,1,0,0,0,0,2,,2,1,3,2,24,2,32003
2014,8,20,3,16,1,1,0,0,0,0,2,1,1,1,4,2,67,2,44001
2014,8,20,3,15,1,1,0,0,0,0,2,24,2,1,7,2,53,1,43002
2014,8,20,3,19,1,1,0,0,0,0,1,2,2,,,,47,2,92048
2014,8,21,4,10,1,0,1,0,0,0,1,22,2,1,5,1,67,2,11002
2014,8,21,4,22,1,1,0,0,0,0,1,24,2,2,8,2,19,1,25121
2014,8,21,4,9,1,1,0,0,0,0,1,18,2,,,,22,2,44021
2014,8,22,5,20,1,1,0,0,0,0,2,1,2,1,3,1,44,2,44021
2014,8,22,5,1,1,0,1,0,0,0,1,4,2,4,7,2,48,1,44049
2014,8,22,5,21,1,1,0,0,0,0,2,1,2,3,4,2,9,2,71066
2014,8,22,5,12,1,1,0,0,0,0,1,16,2,1,,,16,1,31005
2014,8,24,7,3,1,1,0,0,0,0,1,16,2,3,8,1,,,36015
2014,8,24,7,20,1,1,0,0,0,0,1,4,2,1,4,1,22,1,21010
2014,8,25,1,14,1,1,0,0,0,0,1,1,2,1,3,,21,2,38025
2014,8,26,2,18,1,1,0,0,0,0,1,1,2,1,8,2,21,2,41018
2014,8,26,2,19,1,1,0,0,0,0,2,1,2,1,7,1,18,2,21006
2014,8,27,3,7,1,1,0,0,0,0,1,1,2,1,7,2,29,1,12014
2014,8,27,3,9,1,1,0,0,0,0,1,1,1,1,3,2,27,1,44021
2014,8,28,4,23,1,1,0,0,0,0,2,2,2,4,7,2,67,2,91142
2014,8,29,5,20,1,1,0,0,0,0,1,22,2,1,5,1,4,2,13040
2014,8,29,5,17,1,1,0,0,0,0,1,16,2,1,4,2,17,1,24066
2014,8,29,5,18,1,1,0,0,0,0,1,22,2,,,,10,1,92003
2014,8,29,5,18,1,1,0,0,0,0,1,13,2,1,4,1,70,1,62006
2014,8,29,5,23,1,1,0,0,0,0,1,1,2,,,,19,1,62003
2014,8,30,6,9,1,1,0,0,0,0,2,1,2,1,,1,27,1,46014
2014,8,30,6,11,1,0,1,0,0,0,2,1,2,1,2,1,44,2,92087
2014,8,31,7,17,1,1,0,0,0,0,1,14,2,1,7,2,60,1,25121
2014,8,31,7,4,1,1,0,0,0,0,1,1,2,3,7,1,26,2,85045
2014,9,1,1,13,1,1,0,0,0,0,1,1,2,1,3,1,43,2,62096
2014,9,1,1,17,1,1,0,0,0,0,2,1,2,1,3,1,36,2,62015
2014,9,2,2,9,1,1,0,0,0,0,1,18,2,1,,1,76,1,41002
2014,9,3,3,18,1,1,0,0,0,0,2,1,2,1,3,1,6,1,52011
2014,9,3,3,19,1,0,1,0,0,0,1,18,2,1,4,1,80,1,45017
2014,9,3,3,17,1,1,0,0,0,0,1,15,2,1,3,1,31,1,21004
2014,9,4,4,7,1,1,0,0,0,0,1,18,2,2,4,2,19,2,46021
2014,9,5,5,10,1,1,0,0,0,0,1,18,2,1,6,2,36,1,31006
2014,9,5,5,11,1,1,0,0,0,0,1,16,2,1,4,1,23,1,46021
2014,9,5,5,9,1,1,0,0,0,0,2,1,2,1,4,2,6,1,71034
2014,9,6,6,19,1,1,0,0,0,0,1,2,2,1,7,1,62,2,44021
2014,9,7,7,8,1,1,0,0,0,0,1,1,1,1,7,2,26,2,62100
2014,9,7,7,18,1,1,0,0,0,0,1,1,2,1,4,1,47,2,21011
2014,9,7,7,11,1,1,0,0,0,0,2,2,2,1,7,2,17,2,11035
2014,9,8,1,16,1,1,0,0,0,0,1,18,2,1,4,1,72,1,31004
2014,9,8,1,18,1,1,0,0,0,0,1,13,2,1,4,1,36,1,21019
2014,9,9,2,21,1,0,1,0,0,0,1,13,2,4,5,1,39,1,71053
2014,9,10,3,17,1,1,0,0,0,0,1,18,2,1,4,2,48,1,46003
2014,9,10,3,13,1,1,0,0,0,0,1,18,2,1,4,1,16,1,42008
2014,9,11,4,9,1,1,0,0,0,0,1,18,2,1,4,2,26,2,46014
2014,9,12,5,20,1,1,0,0,0,0,1,22,2,,5,2,27,2,24048
2014,9,12,5,17,1,1,0,0,0,0,1,16,2,1,4,2,18,2,71004
2014,9,12,5,13,1,1,0,0,0,0,1,22,2,1,,,76,1,62063
2014,9,12,5,9,1,1,0,0,0,0,2,1,2,1,4,1,33,2,51008
2014,9,12,5,15,1,1,0,0,0,0,1,18,2,1,4,1,65,1,44011
2014,9,13,6,0,1,1,0,0,0,0,1,18,2,3,8,1,38,1,11056
2014,9,15,1,3,1,1,0,0,0,0,1,22,2,3,,1,20,1,54007
2014,9,17,3,20,1,1,0,0,0,0,1,18,2,,4,,27,1,44021
2014,9,18,4,15,1,1,0,0,0,0,1,1,2,1,3,2,48,2,71016
2014,9,19,5,11,1,1,0,0,0,0,1,1,2,1,3,1,38,2,44021
2014,9,19,5,11,1,1,0,0,0,0,1,1,2,1,8,1,70,2,62022
2014,9,19,5,18,1,1,0,0,0,0,1,14,2,,,,46,1,23045
2014,9,20,6,18,1,1,0,0,0,0,1,14,2,,3,,56,1,46025
2014,9,23,2,15,1,1,0,0,0,0,1,22,2,1,5,1,32,2,21001
2014,9,23,2,9,1,0,1,0,0,0,1,13,2,1,4,2,21,1,12009
2014,9,25,4,19,1,1,0,0,0,0,1,18,2,,,,30,1,31033
2014,9,25,4,17,1,1,0,0,0,0,1,1,2,1,4,2,22,1,43007
2014,9,25,4,18,1,1,0,0,0,0,1,1,2,1,3,1,32,1,23081
2014,9,27,6,13,1,1,0,0,0,0,1,18,2,1,3,2,67,1,38002
2014,9,27,6,19,1,0,1,0,0,0,1,1,1,,,,35,2,43018
2014,9,28,7,15,1,0,1,0,0,0,1,14,2,1,4,1,30,1,25110
2014,9,29,1,16,1,1,0,0,0,0,1,15,2,1,,,24,2,54007
2014,9,29,1,9,2,2,0,0,0,0,2,10,2,1,2,2,7,1,13017
2014,9,29,1,18,1,1,0,0,0,0,1,1,2,,,,26,2,11035
2014,9,30,2,17,1,1,0,0,0,0,1,18,2,,,,43,2,13040
2014,9,30,2,19,1,1,0,0,0,0,1,1,1,1,1,2,41,1,12040
2014,9,30,2,17,1,0,1,0,0,0,1,22,2,1,7,2,68,1,24001
2014,9,30,2,9,1,1,0,0,0,0,1,1,2,,,,23,2,64025
2014,10,1,3,15,1,1,0,0,0,0,1,24,2,1,4,1,53,1,21012
2014,10,1,3,13,1,1,0,0,0,0,1,1,2,1,4,1,78,1,21005
2014,10,1,3,18,1,1,0,0,0,0,1,18,2,1,,1,68,2,11002
2014,10,2,4,7,1,1,0,0,0,0,1,16,2,,,,22,1,54007
2014,10,3,5,15,1,1,0,0,0,0,1,1,2,1,,,36,1,35011
2014,10,3,5,12,1,1,0,0,0,0,1,1,2,1,3,2,27,1,44021
2014,10,5,7,15,1,1,0,0,0,0,1,2,2,1,7,2,18,2,93022
2014,10,5,7,6,1,1,0,0,0,0,1,22,2,3,5,1,36,1,21004
2014,10,7,2,9,1,1,0,0,0,0,1,18,2,,4,,18,2,44021
2014,10,7,2,13,1,1,0,0,0,0,1,18,2,1,6,,55,1,46021
2014,10,7,2,10,1,0,1,0,0,0,1,18,2,1,,,19,1,11002
2014,10,8,3,21,1,1,0,0,0,0,2,1,2,3,2,2,3,1,38014
2014,10,8,3,12,1,1,0,0,0,0,1,15,2,1,,,30,2,32010
2014,10,9,4,13,1,1,0,0,0,0,2,1,2,1,3,2,37,2,44064
2014,10,9,4,9,1,1,0,0,0,0,1,2,2,1,1,2,41,1,45035
2014,10,11,6,19,1,1,0,0,0,0,1,1,2,,,,68,2,63084
2014,10,12,7,8,1,1,0,0,0,0,2,2,1,2,3,2,9,1,45017
2014,10,13,1,19,1,1,0,0,0,0,1,16,2,,,,19,2,44021
2014,10,13,1,19,1,1,0,0,0,0,1,1,2,,,,55,2,46014
2014,10,13,1,9,1,1,0,0,0,0,1,1,2,,,,25,1,13037
2014,10,14,2,10,1,1,0,0,0,0,2,1,2,1,4,1,84,1,21002
2014,10,14,2,20,1,1,0,0,0,0,2,2,2,,,,25,2,23050
2014,10,15,3,19,1,1,0,0,0,0,1,2,1,1,4,2,30,1,44021
2014,10,16,4,16,1,1,0,0,0,0,1,1,2,1,4,2,80,1,13025
2014,10,16,4,8,1,1,0,0,0,0,1,18,2,2,4,1,52,2,23047
2014,10,17,5,8,1,1,0,0,0,0,1,18,2,,,2,14,1,46025
2014,10,17,5,14,1,1,0,0,0,0,1,22,2,1,,,53,1,52012
2014,10,17,5,18,1,1,0,0,0,0,1,18,2,,,,65,1,71066
2014,10,18,6,15,1,1,0,0,0,0,2,1,2,1,,,60,2,11001
2014,10,18,6,15,1,1,0,0,0,0,1,1,2,1,,,53,2,56016
2014,10,18,6,15,1,0,1,0,0,0,1,14,2,1,4,2,49,1,71004
2014,10,18,6,3,1,0,1,0,0,0,1,1,2,,,,45,2,46020
2014,10,18,6,9,1,1,0,0,0,0,1,1,2,1,2,1,,1,52018
2014,10,18,6,2,1,1,0,0,0,0,1,18,2,3,3,1,23,1,41081
2014,10,19,7,8,1,1,0,0,0,0,1,1,2,,,,27,1,44021
2014,10,20,1,17,1,1,0,0,0,0,1,1,2,1,7,2,53,1,13044
2014,10,20,1,9,1,1,0,0,0,0,1,18,2,,,,15,1,46021
2014,10,21,2,19,1,1,0,0,0,0,2,1,2,,,,22,2,63020
2014,10,21,2,9,1,1,0,0,0,0,1,15,2,1,8,1,16,1,92137
2014,10,21,2,18,1,1,0,0,0,0,1,14,2,,,,27,1,12030
2014,10,22,3,9,1,1,0,0,0,0,1,1,2,1,3,2,35,2,13049
2014,10,22,3,13,1,1,0,0,0,0,2,4,2,1,3,,37,1,91142
2014,10,22,3,8,1,1,0,0,0,0,1,1,2,1,3,2,59,1,71067
2014,10,22,3,13,1,1,0,0,0,0,1,1,2,1,3,2,44,2,72030
2014,10,23,4,17,1,1,0,0,0,0,1,1,2,,,,20,1,53053
2014,10,24,5,9,1,1,0,0,0,0,1,1,2,1,4,2,28,1,71004
2014,10,24,5,9,1,1,0,0,0,0,1,4,2,,,,22,2,44052
2014,10,25,6,1,1,1,0,0,0,0,1,1,1,4,3,2,49,1,44001
2014,10,26,7,12,1,1,0,0,0,0,1,18,2,1,,,17,1,13036
2014,10,27,1,10,1,1,0,0,0,0,1,1,2,1,8,2,22,1,44052
2014,10,27,1,17,1,1,0,0,0,0,1,13,2,1,4,,38,1,62063
2014,10,27,1,14,1,0,1,0,0,0,1,1,2,1,4,2,54,2,71024
2014,10,29,3,19,1,1,0,0,0,0,1,1,2,,,,36,2,44021
2014,10,29,3,21,1,0,1,0,0,0,2,1,2,3,2,2,10,1,41082
2014,10,30,4,8,1,1,0,0,0,0,1,15,2,,,,25,1,55022
2014,10,30,4,20,1,1,0,0,0,0,1,1,1,,,,38,1,42023
2014,11,1,6,18,1,1,0,0,0,0,2,1,2,,,,15,2,43018
2014,11,1,6,7,1,1,0,0,0,0,1,1,2,3,6,2,26,1,43005
2014,11,2,7,19,1,1,0,0,0,0,2,1,2,2,3,1,22,2,25105
2014,11,2,7,19,1,1,0,0,0,0,1,1,2,3,4,1,30,2,21013
2014,11,3,1,10,1,1,0,0,0,0,1,2,2,1,,,25,2,71022
2014,11,4,2,22,1,1,0,0,0,0,2,1,2,,,,50,1,56016
2014,11,4,2,16,1,0,1,0,0,0,1,1,2,1,3,,42,2,93022
2014,11,4,2,20,1,0,1,0,0,0,1,18,2,,,,23,2,24062
2014,11,5,3,13,1,1,0,0,0,0,1,1,2,1,4,1,29,2,13019
2014,11,5,3,10,1,1,0,0,0,0,1,1,2,1,3,1,34,2,25014
2014,11,5,3,13,1,1,0,0,0,0,1,15,2,1,,,17,1,71022
2014,11,5,3,4,1,1,0,0,0,0,2,1,2,3,4,1,38,1,62063
2014,11,6,4,9,1,1,0,0,0,0,1,1,2,,,,28,2,85047
2014,11,7,5,20,1,1,0,0,0,0,1,1,2,,,,37,2,23062
2014,11,7,5,21,1,1,0,0,0,0,1,16,1,3,7,2,49,1,61028
2014,11,8,6,20,1,1,0,0,0,0,1,1,1,,,,71,1,44021
2014,11,8,6,11,1,1,0,0,0,0,1,1,2,1,6,1,36,1,11040
2014,11,9,7,12,1,1,0,0,0,0,2,1,2,1,,,84,2,31003
2014,11,9,7,15,1,1,0,0,0,0,1,1,2,1,,,19,1,62009
2014,11,11,2,16,1,1,0,0,0,0,1,14,2,1,,,70,1,25105
2014,11,12,3,12,1,0,1,0,0,0,2,,2,1,,,26,1,13014
2014,11,13,4,14,1,1,0,0,0,0,1,2,2,1,,,25,1,25112
2014,11,15,6,4,1,1,0,0,0,0,1,22,2,,,,26,2,21009
2014,11,15,6,18,1,1,0,0,0,0,1,1,2,,,,56,2,13008
2014,11,15,6,16,1,1,0,0,0,0,1,1,2,1,,,18,2,25091
2014,11,16,7,3,1,1,0,0,0,0,1,4,2,,,,50,1,71011
2014,11,17,1,14,1,1,0,0,0,0,1,1,1,1,,,21,1,85046
2014,11,19,3,19,1,1,0,0,0,0,1,18,2,,,,23,2,11001
2014,11,19,3,11,1,1,0,0,0,0,1,2,2,1,,,42,2,24020
2014,11,19,3,16,1,1,0,0,0,0,1,18,2,1,,,14,2,35013
2014,11,20,4,0,1,1,0,0,0,0,1,1,2,,,,26,1,31022
2014,11,21,5,17,1,1,0,0,0,0,2,1,2,,,,29,2,11055
2014,11,22,6,22,1,1,0,0,0,0,2,1,2,3,4,1,33,1,35006
2014,11,22,6,8,1,0,1,0,0,0,2,1,1,3,3,2,25,2,62100
2014,11,22,6,16,1,1,0,0,0,0,1,18,2,1,,,28,1,56085
2014,11,22,6,17,1,1,0,0,0,0,1,1,2,,,,31,1,11002
2014,11,22,6,23,1,1,0,0,0,0,2,1,2,,,,31,2,11054
2014,11,23,7,21,1,1,0,0,0,0,2,1,2,,,,23,1,12025
2014,11,23,7,19,1,1,0,0,0,0,2,1,1,,,,32,,31022
2014,11,24,1,18,1,1,0,0,0,0,1,18,2,,,,23,2,44021
2014,11,24,1,17,1,1,0,0,0,0,1,18,2,,,,18,1,44021
2014,11,24,1,15,1,1,0,0,0,0,1,16,2,1,,,56,2,46025
2014,11,24,1,9,1,1,0,0,0,0,1,18,2,,,,42,2,11052
2014,11,26,3,18,1,1,0,0,0,0,1,22,2,,,,23,1,21015
2014,11,29,6,17,1,1,0,0,0,0,2,11,2,,,,32,2,11002
2014,11,29,6,18,1,0,1,0,0,0,1,18,2,,,,11,1,71004
2014,11,30,7,7,1,1,0,0,0,0,2,1,2,,,,18,2,11002
2014,12,1,1,11,1,1,0,0,0,0,1,1,2,1,,,51,1,12035
2014,12,1,1,20,1,1,0,0,0,0,1,22,2,,,,41,1,63079
2014,12,7,7,8,1,1,0,0,0,0,1,1,2,,,,25,1,53014
2014,12,10,3,20,1,1,0,0,0,0,2,1,2,,,,70,2,37020
2014,12,12,5,6,1,0,1,0,0,0,1,1,2,,,,26,1,34013
2014,12,12,5,9,1,1,0,0,0,0,1,1,2,,,,36,1,11002
2014,12,14,7,18,1,1,0,0,0,0,1,1,2,,,,22,2,52011
2014,12,15,1,19,1,1,0,0,0,0,1,1,2,,,,44,2,53053
2014,12,16,2,16,1,0,1,0,0,0,1,18,2,1,,,19,2,44021
2014,12,17,3,9,1,1,0,0,0,0,1,22,2,,,,16,2,25112
2014,12,17,3,20,1,1,0,0,0,0,1,22,2,,,,50,2,62063
2014,12,17,3,11,1,1,0,0,0,0,1,2,2,1,,,55,2,63076
2014,12,18,4,14,1,1,0,0,0,0,1,1,1,1,,,23,1,52063
2014,12,18,4,10,1,1,0,0,0,0,1,1,,1,,,25,2,56029
2014,12,18,4,19,1,1,0,0,0,0,1,22,2,,,,67,2,13025
2014,12,18,4,9,1,1,0,0,0,0,1,1,2,,,,35,1,21004
2014,12,18,4,17,1,1,0,0,0,0,1,1,2,,,,32,1,11002
2014,12,18,4,8,1,1,0,0,0,0,1,16,2,,,,25,1,11002
2014,12,20,6,6,1,1,0,0,0,0,1,1,2,,,,22,1,25050
2014,12,22,1,18,1,1,0,0,0,0,1,15,2,,,,19,1,37011
2014,12,22,1,16,1,1,0,0,0,0,1,18,2,1,,,61,2,72021
2014,12,22,1,12,1,1,0,0,0,0,1,1,2,1,,,59,1,13040
2014,12,22,1,7,1,1,0,0,0,0,1,18,2,,,,24,1,11002
2014,12,23,2,11,1,0,1,0,0,0,1,18,2,1,,,76,1,34041
2014,12,24,3,17,1,1,0,0,0,0,2,1,2,,,,41,2,21015
2014,12,25,4,17,1,1,0,0,0,0,1,1,2,,,,46,2,93090
2014,12,25,4,22,1,1,0,0,0,0,1,1,1,,,,50,1,53053
2014,12,25,4,2,1,0,1,0,0,0,1,1,1,,,,37,1,34027
2014,12,27,6,18,1,1,0,0,0,0,1,22,2,,,,60,2,34009
2014,12,28,7,17,1,1,0,0,0,0,1,1,2,,,,22,2,35011
2014,12,30,2,20,1,1,0,0,0,0,2,16,2,,,,16,1,21004
2014,12,31,3,19,1,1,0,0,0,0,2,1,2,,,,28,1,11002
2015,1,1,4,2,1,1,0,0,0,0,2,15,2,,2,,18,2,31033
2015,1,1,4,3,1,1,0,0,0,0,2,1,2,3,3,2,66,2,23088
2015,1,3,6,17,1,1,0,0,0,0,1,1,1,1,4,2,32,1,23027
2015,1,4,7,18,1,1,0,0,0,0,1,4,2,3,3,2,40,1,11008
2015,1,4,7,20,1,0,1,0,0,0,1,22,2,3,5,1,34,2,11002
2015,1,4,7,20,1,1,0,0,0,0,1,1,2,3,7,1,61,1,72025
2015,1,5,1,11,1,1,0,0,0,0,1,22,2,1,5,1,70,1,62063
2015,1,5,1,9,1,1,0,0,0,0,1,18,2,1,2,1,28,2,11002
2015,1,6,2,20,1,0,1,0,0,0,2,1,2,3,4,1,66,2,25110
2015,1,6,2,12,1,1,0,0,0,0,1,1,2,1,4,1,26,2,71037
2015,1,10,6,11,1,1,0,0,0,0,1,1,2,1,4,1,51,1,21012
2015,1,10,6,5,1,0,0,0,1,1,1,1,2,3,7,2,26,1,62027
2015,1,10,6,20,1,1,0,0,0,0,2,1,2,4,5,2,44,2,34013
2015,1,12,1,20,1,1,0,0,0,0,1,18,2,3,3,1,30,1,24055
2015,1,13,2,13,1,0,1,0,0,0,1,18,2,1,3,1,33,1,71022
2015,1,13,2,12,1,1,0,0,0,0,1,1,2,1,3,2,38,1,91030
2015,1,13,2,9,1,1,0,0,0,0,1,22,2,1,5,2,21,2,12021
2015,1,14,3,16,1,1,0,0,0,0,1,1,2,1,4,1,48,1,31005
2015,1,14,3,12,1,1,0,0,0,0,1,1,2,1,2,2,66,2,25068
2015,1,14,3,15,1,1,0,0,0,0,2,2,2,1,4,2,15,2,72020
2015,1,17,6,3,1,1,0,0,0,0,1,1,2,3,7,1,50,1,13053
2015,1,18,7,22,1,1,0,0,0,0,1,1,2,3,7,1,27,1,62051
2015,1,19,1,15,1,1,0,0,0,0,1,18,2,1,3,1,18,1,44021
2015,1,22,4,21,1,1,0,0,0,0,2,1,2,3,4,1,24,1,11002
2015,1,22,4,18,1,1,0,0,0,0,1,1,2,,8,,30,2,62063
2015,1,23,5,23,1,1,0,0,0,0,1,1,2,4,8,2,71,1,46021
2015,1,24,6,11,1,1,0,0,0,0,2,10,2,1,4,1,24,2,71016
2015,1,26,1,8,1,1,0,0,0,0,2,1,2,2,4,1,40,2,72021
2015,1,27,2,17,1,1,0,0,0,0,1,22,2,1,5,1,90,2,52011
2015,1,27,2,8,1,1,0,0,0,0,1,18,2,2,3,2,15,1,72020
2015,1,27,2,20,1,1,0,0,0,0,2,1,2,3,4,2,23,2,71066
2015,1,27,2,22,1,1,0,0,0,0,2,1,2,3,4,2,13,2,92137
2015,1,29,4,7,1,1,0,0,0,0,1,22,2,3,5,1,25,2,53039
2015,1,29,4,11,1,1,0,0,0,0,1,1,2,1,3,2,32,2,72041
2015,1,30,5,20,1,1,0,0,0,0,1,2,2,3,3,2,50,2,12030
2015,2,1,7,21,1,1,0,0,0,0,2,2,2,,,1,45,1,23016
2015,2,1,7,15,1,1,0,0,0,0,2,1,2,1,4,2,4,2,71011
2015,2,2,1,9,1,1,0,0,0,0,1,18,2,2,2,1,48,1,44021
2015,2,2,1,7,1,1,0,0,0,0,2,10,2,3,8,1,45,2,23016
2015,2,2,1,17,1,1,0,0,0,0,2,1,2,1,3,1,37,1,11002
2015,2,3,2,12,1,1,0,0,0,0,1,1,2,1,4,1,68,2,31005
2015,2,3,2,18,1,1,0,0,0,0,1,14,2,3,3,2,28,1,23081
2015,2,3,2,19,1,1,0,0,0,0,1,1,2,3,4,1,71,1,53020
2015,2,3,2,13,1,1,0,0,0,0,1,2,1,1,3,2,56,1,53053
2015,2,4,3,19,1,1,0,0,0,0,1,1,2,4,7,2,37,1,31012
2015,2,4,3,16,1,1,0,0,0,0,1,1,2,1,4,,24,1,62063