year,month,monthDay,weekDay,hour,numVictims,numSlightlyInjured,numSeverelyInjured,numMortallyInjured,numDiedWithin24Hours,numDiedWithin30Days,victimType,roadUserType,roadType,lightConditions,collisionType,areaType,age,sex,municipality
2015,2,5,4,8,1,1,0,0,0,0,1,1,2,3,4,1,31,2,35013
2015,2,5,4,0,1,1,0,0,0,0,1,1,2,3,7,2,60,1,31006
2015,2,6,5,7,1,1,0,0,0,0,1,1,2,4,8,2,20,,84077
2015,2,6,5,20,1,1,0,0,0,0,1,1,2,3,4,2,18,2,13013
2015,2,7,6,23,1,1,0,0,0,0,1,4,2,3,7,1,59,1,21011
2015,2,8,7,5,1,1,0,0,0,0,1,2,2,3,6,2,47,1,43010
2015,2,8,7,14,1,1,0,0,0,0,1,1,2,1,4,1,53,1,11002
2015,2,10,2,10,1,1,0,0,0,0,1,22,2,1,5,1,15,1,61072
2015,2,10,2,18,1,1,0,0,0,0,1,24,2,1,3,1,16,2,25110
2015,2,10,2,17,1,1,0,0,0,0,1,18,2,,4,,16,1,13040
2015,2,12,4,17,1,0,1,0,0,0,1,1,2,1,2,1,30,1,45063
2015,2,12,4,11,1,1,0,0,0,0,1,14,2,1,3,1,31,1,21004
2015,2,13,5,20,1,0,1,0,0,0,1,1,2,2,2,2,35,2,73032
2015,2,13,5,21,1,1,0,0,0,0,1,1,2,3,4,2,32,2,61003
2015,2,13,5,20,1,1,0,0,0,0,1,24,2,3,4,2,29,2,44021
2015,2,14,6,22,1,1,0,0,0,0,1,1,2,3,2,1,37,1,34042
2015,2,14,6,20,1,1,0,0,0,0,1,1,2,3,2,1,39,2,23086
2015,2,15,7,1,1,1,0,0,0,0,2,1,,3,8,2,39,2,57081
2015,2,16,1,19,1,1,0,0,0,0,1,1,2,3,7,2,26,2,34042
2015,2,16,1,9,1,1,0,0,0,0,1,1,1,1,3,2,40,2,34041
2015,2,16,1,3,1,1,0,0,0,0,2,1,2,3,6,1,46,1,31012
2015,2,16,1,20,1,1,0,0,0,0,1,18,2,3,4,1,40,1,44021
2015,2,18,3,16,1,1,0,0,0,0,1,22,2,1,5,1,81,2,46021
2015,2,18,3,20,1,1,0,0,0,0,1,1,2,3,3,2,27,2,71069
2015,2,19,4,15,1,1,0,0,0,0,1,1,2,1,4,2,25,1,31005
2015,2,19,4,21,1,1,0,0,0,0,1,1,2,3,2,1,25,1,73083
2015,2,21,6,20,1,1,0,0,0,0,1,22,2,3,5,1,6,2,21015
2015,2,21,6,17,1,1,0,0,0,0,1,1,2,1,3,2,79,2,41081
2015,2,22,7,1,1,1,0,0,0,0,1,1,2,3,7,1,34,1,52011
2015,2,22,7,15,1,1,0,0,0,0,1,18,2,1,2,2,77,2,72021
2015,2,22,7,15,1,0,1,0,0,0,1,1,2,1,2,1,52,2,23039
2015,2,22,7,15,1,0,1,0,0,0,1,1,2,1,2,1,35,2,23039
2015,2,22,7,15,1,0,1,0,0,0,2,1,2,1,2,1,80,2,23039
2015,2,22,7,19,1,1,0,0,0,0,1,1,2,3,3,2,87,1,11009
2015,2,22,7,0,1,1,0,0,0,0,2,4,2,,3,,32,2,11002
2015,2,23,1,7,1,1,0,0,0,0,1,1,2,,,,49,2,11002
2015,2,23,1,0,1,1,0,0,0,0,2,4,1,3,3,2,54,1,13040
2015,2,23,1,12,1,1,0,0,0,0,1,1,2,1,3,2,25,2,43010
2015,2,25,3,8,1,1,0,0,0,0,2,1,2,1,4,1,51,1,72020
2015,2,25,3,14,1,1,0,0,0,0,1,1,1,1,7,2,18,1,44043
2015,2,26,4,7,1,1,0,0,0,0,1,18,2,3,4,2,46,1,13053
2015,2,26,4,12,1,1,0,0,0,0,1,18,2,1,4,1,34,2,21004
2015,3,1,7,20,1,1,0,0,0,0,2,4,1,4,7,2,16,1,24059
2015,3,1,7,16,1,1,0,0,0,0,1,1,1,1,1,2,56,2,62063
2015,3,2,1,11,1,1,0,0,0,0,1,1,2,1,7,1,34,1,52074
2015,3,3,2,11,1,1,0,0,0,0,1,22,2,1,5,,54,2,21014
2015,3,3,2,19,1,0,0,0,1,1,1,1,2,3,2,1,66,1,21013
2015,3,4,3,9,1,1,0,0,0,0,1,2,2,2,7,1,39,2,63088
2015,3,4,3,7,1,1,0,0,0,0,1,18,2,2,,1,13,2,23025
2015,3,6,5,16,1,1,0,0,0,0,1,16,2,1,4,1,19,1,21004
2015,3,7,6,0,1,1,0,0,0,0,2,1,2,3,4,1,22,1,34023
2015,3,8,7,6,1,0,1,0,0,0,1,1,1,4,7,2,53,1,57081
2015,3,9,1,13,1,1,0,0,0,0,1,18,2,1,4,1,29,2,11002
2015,3,9,1,16,1,1,0,0,0,0,2,4,2,1,1,1,27,1,61041
2015,3,10,2,13,1,1,0,0,0,0,1,1,2,1,3,1,43,2,73032
2015,3,10,2,8,1,1,0,0,0,0,1,22,2,1,5,1,27,2,25091
2015,3,11,3,16,1,1,0,0,0,0,1,2,2,1,,,84,1,91030
2015,3,11,3,16,1,1,0,0,0,0,1,1,2,1,4,1,24,2,92101
2015,3,12,4,17,1,1,0,0,0,0,1,2,2,1,3,1,31,2,34027
2015,3,12,4,10,1,1,0,0,0,0,1,1,2,1,4,1,77,1,44021
2015,3,12,4,17,1,1,0,0,0,0,1,18,2,1,4,1,48,1,21018
2015,3,14,6,18,1,1,0,0,0,0,2,1,2,,4,,26,1,35013
2015,3,14,6,5,1,0,0,0,1,1,1,1,2,4,7,2,24,1,85011
2015,3,16,1,14,1,1,0,0,0,0,1,1,2,1,2,2,55,2,25037
2015,3,19,4,15,1,1,0,0,0,0,1,1,2,1,3,1,60,2,92137
2015,3,20,5,16,1,1,0,0,0,0,1,22,2,1,5,1,68,1,11002
2015,3,21,6,14,1,1,0,0,0,0,1,16,2,1,,1,17,1,44034
2015,3,24,2,14,1,1,0,0,0,0,1,18,2,1,4,2,23,1,13011
2015,3,25,3,15,1,1,0,0,0,0,1,16,2,1,2,1,25,1,52012
2015,3,26,4,18,1,1,0,0,0,0,1,1,2,1,3,1,23,2,51004
2015,3,26,4,21,1,1,0,0,0,0,1,1,2,3,7,1,29,2,92137
2015,3,26,4,19,1,1,0,0,0,0,1,18,2,2,4,1,56,2,11002
2015,3,27,5,18,1,1,0,0,0,0,1,14,2,1,3,1,49,1,21012
2015,3,27,5,10,1,1,0,0,0,0,2,1,1,1,3,2,23,,21018
2015,3,27,5,7,1,1,0,0,0,0,1,1,2,2,3,1,58,2,38014
2015,3,28,6,20,1,1,0,0,0,0,2,1,2,3,3,1,17,2,52021
2015,3,28,6,17,1,1,0,0,0,0,1,22,2,1,5,1,35,2,21012
2015,3,30,1,22,1,1,0,0,0,0,1,1,2,3,2,2,24,1,44001
2015,3,30,1,19,1,1,0,0,0,0,1,1,1,1,8,2,39,2,62120
2015,3,30,1,17,1,1,0,0,0,0,1,18,2,1,4,1,41,2,24062
2015,3,30,1,18,1,1,0,0,0,0,1,1,2,1,3,1,23,2,11022
2015,4,1,3,22,1,1,0,0,0,0,1,2,2,4,7,2,49,2,35006
2015,4,1,3,19,1,1,0,0,0,0,1,1,1,1,3,2,22,2,71037
2015,4,1,3,11,1,1,0,0,0,0,1,1,2,1,2,2,64,2,11037
2015,4,3,5,15,1,1,0,0,0,0,1,18,2,1,4,1,12,1,11040
2015,4,3,5,17,1,1,0,0,0,0,1,1,2,1,2,1,35,1,11002
2015,4,4,6,9,1,0,1,0,0,0,1,18,2,1,6,1,53,1,34022
2015,4,7,2,17,1,1,0,0,0,0,2,1,2,1,2,1,46,1,52011
2015,4,7,2,20,1,0,0,1,0,1,1,14,2,1,4,2,53,1,13037
2015,4,8,3,23,1,1,0,0,0,0,1,22,2,3,5,2,33,2,11039
2015,4,10,5,17,1,1,0,0,0,0,1,22,2,1,3,1,21,1,24137
2015,4,10,5,8,1,1,0,0,0,0,1,1,2,,,,54,2,53065
2015,4,10,5,8,1,1,0,0,0,0,1,1,2,1,4,1,74,1,52011
2015,4,11,6,13,1,1,0,0,0,0,1,22,2,1,5,1,84,2,21001
2015,4,14,2,15,1,1,0,0,0,0,2,1,2,1,3,1,42,2,63035
2015,4,15,3,14,1,1,0,0,0,0,1,22,2,1,5,1,45,2,81004
2015,4,15,3,8,1,1,0,0,0,0,1,1,2,1,3,2,51,2,25031
2015,4,16,4,16,1,1,0,0,0,0,1,1,2,1,3,,25,2,34013
2015,4,17,5,16,1,1,0,0,0,0,1,18,2,1,4,1,39,1,11038
2015,4,18,6,16,1,1,0,0,0,0,2,1,2,1,4,1,24,2,23077
2015,4,18,6,10,1,1,0,0,0,0,1,13,2,1,3,1,37,1,31043
2015,4,19,7,6,1,0,1,0,0,0,1,1,2,4,7,2,26,1,84075
2015,4,20,1,22,1,1,0,0,0,0,2,1,2,3,7,2,11,1,44048
2015,4,21,2,16,1,1,0,0,0,0,1,1,2,1,4,1,20,2,21018
2015,4,22,3,10,1,1,0,0,0,0,1,14,2,1,2,1,25,1,21017
2015,4,22,3,18,1,1,0,0,0,0,1,18,2,1,4,1,15,1,71069
2015,4,22,3,18,1,1,0,0,0,0,1,2,2,1,4,2,26,1,71002
2015,4,23,4,12,1,1,0,0,0,0,1,1,1,1,7,2,54,2,31022
2015,4,23,4,13,1,1,0,0,0,0,1,1,2,1,1,,52,2,53053
2015,4,23,4,8,1,1,0,0,0,0,1,16,2,1,4,1,58,1,31004
2015,4,23,4,6,1,1,0,0,0,0,1,16,2,3,4,2,29,1,13010
2015,4,25,6,20,1,1,0,0,0,0,1,1,2,1,7,2,22,1,57003
2015,4,27,1,17,1,1,0,0,0,0,2,1,2,1,3,2,36,2,54007
2015,4,27,1,13,1,1,0,0,0,0,1,1,2,1,4,,45,2,11008
2015,4,28,2,18,1,1,0,0,0,0,2,1,1,1,4,2,1,2,44021
2015,4,29,3,22,1,1,0,0,0,0,2,1,2,4,2,2,24,,57003
2015,4,30,4,23,1,1,0,0,0,0,1,1,2,,4,,18,1,25014
2015,5,2,6,3,1,1,0,0,0,0,1,1,1,3,3,2,34,2,84043
2015,5,4,1,7,1,1,0,0,0,0,1,18,2,1,3,2,35,2,71004
2015,5,4,1,9,1,1,0,0,0,0,2,1,1,1,3,2,57,1,46003
2015,5,5,2,15,1,1,0,0,0,0,1,1,2,1,3,1,43,1,44045
2015,5,5,2,12,1,1,0,0,0,0,1,1,2,1,4,1,50,2,52011
2015,5,5,2,17,1,0,0,0,1,1,1,1,2,1,8,1,56,1,55050
2015,5,6,3,6,1,1,0,0,0,0,1,18,2,,,,21,1,13053
2015,5,9,6,1,1,1,0,0,0,0,1,1,2,3,4,1,29,2,71022
2015,5,9,6,15,1,1,0,0,0,0,1,22,2,1,,,57,1,25048
2015,5,9,6,21,1,1,0,0,0,0,1,22,2,1,5,1,2,2,11002
2015,5,10,7,13,1,1,0,0,0,0,1,14,2,1,8,,28,2,64015
2015,5,10,7,17,1,1,0,0,0,0,1,1,2,1,1,2,54,2,41048
2015,5,11,1,8,1,1,0,0,0,0,1,1,2,1,4,2,37,1,11024
2015,5,12,2,15,1,1,0,0,0,0,1,18,2,1,5,1,33,1,12040
2015,5,13,3,14,1,1,0,0,0,0,1,18,2,1,,,26,2,11002
2015,5,15,5,18,1,1,0,0,0,0,1,14,2,1,4,1,21,1,21001
2015,5,17,7,17,1,1,0,0,0,0,1,18,2,1,4,2,60,2,31006
2015,5,17,7,15,1,1,0,0,0,0,1,16,2,1,4,1,38,2,46013
2015,5,17,7,15,1,1,0,0,0,0,2,2,1,1,3,2,46,1,71066
2015,5,17,7,19,1,1,0,0,0,0,1,1,2,1,6,1,54,2,11002
2015,5,18,1,23,1,1,0,0,0,0,1,15,2,3,4,1,16,1,92137
2015,5,18,1,18,1,1,0,0,0,0,1,4,2,1,4,2,35,1,44001
2015,5,20,3,18,1,1,0,0,0,0,1,18,2,1,2,1,9,1,11002
2015,5,20,3,10,1,0,1,0,0,0,2,1,2,1,7,2,27,2,35014
2015,5,21,4,14,1,1,0,0,0,0,1,18,2,1,3,1,13,1,81004
2015,5,21,4,17,1,1,0,0,0,0,1,2,1,1,3,2,45,1,23099
2015,5,21,4,20,1,1,0,0,0,0,1,22,2,1,5,1,6,1,11002
2015,5,22,5,10,1,1,0,0,0,0,1,18,2,1,4,1,28,2,11054
2015,5,22,5,19,1,1,0,0,0,0,1,13,2,1,4,1,28,1,21001
2015,5,22,5,15,1,1,0,0,0,0,1,13,2,1,4,2,57,1,31003
2015,5,23,6,12,1,1,0,0,0,0,1,22,2,1,5,1,85,2,12040
2015,5,24,7,11,1,1,0,0,0,0,1,1,2,1,3,1,86,1,12025
2015,5,24,7,17,1,1,0,0,0,0,2,1,1,1,7,2,11,1,92140
2015,5,24,7,16,1,1,0,0,0,0,,,2,1,,,,,92094
2015,5,25,1,15,1,1,0,0,0,0,2,16,2,1,8,1,65,2,24020
2015,5,26,2,3,1,1,0,0,0,0,1,1,2,3,7,2,21,1,41048
2015,5,27,3,16,1,1,0,0,0,0,2,1,2,1,7,1,76,2,34041
2015,5,29,5,8,1,0,1,0,0,0,1,14,,1,3,1,56,1,25072
2015,5,29,5,9,1,1,0,0,0,0,2,2,2,1,4,2,7,2,72039
2015,5,29,5,17,1,1,0,0,0,0,1,18,2,,,,16,1,13040
2015,5,30,6,0,1,1,0,0,0,0,1,1,2,,4,,59,2,13049
2015,5,31,7,21,1,1,0,0,0,0,1,4,2,3,8,2,26,1,41063
2015,6,1,1,9,1,1,0,0,0,0,1,1,2,1,4,2,57,2,37020
2015,6,2,2,15,1,1,0,0,0,0,1,14,1,1,4,2,70,1,62118
2015,6,2,2,15,1,1,0,0,0,0,2,15,2,1,2,1,31,2,11037
2015,6,4,4,16,1,0,1,0,0,0,1,18,2,1,2,2,39,2,33021
2015,6,4,4,14,1,1,0,0,0,0,1,,2,1,4,2,34,2,43018
2015,6,4,4,17,1,1,0,0,0,0,1,1,2,1,4,2,36,2,72040
2015,6,4,4,0,1,1,0,0,0,0,1,22,2,3,5,1,40,1,21014
2015,6,4,4,9,1,1,0,0,0,0,1,16,2,1,8,1,18,2,12025
2015,6,5,5,8,1,1,0,0,0,0,1,18,2,2,4,1,46,1,23025
2015,6,5,5,18,1,1,0,0,0,0,1,1,2,1,3,2,28,2,31012
2015,6,8,1,6,1,1,0,0,0,0,1,1,1,2,7,2,49,1,34022
2015,6,8,1,14,1,1,0,0,0,0,1,22,2,1,5,1,55,1,45017
2015,6,8,1,10,1,1,0,0,0,0,1,14,2,1,8,,46,1,72030
2015,6,8,1,10,1,0,1,0,0,0,1,18,2,1,,1,65,1,11002
2015,6,8,1,13,1,1,0,0,0,0,1,6,2,1,3,2,56,1,11002
2015,6,9,2,19,1,1,0,0,0,0,1,1,2,1,3,1,39,2,72039
2015,6,10,3,9,1,1,0,0,0,0,1,18,2,1,4,1,14,1,33011
2015,6,10,3,1,1,1,0,0,0,0,1,1,1,3,7,2,36,1,11056
2015,6,12,5,15,1,1,0,0,0,0,1,1,2,1,2,2,31,2,51014
2015,6,12,5,7,1,1,0,0,0,0,1,1,2,1,4,1,,1,63079
2015,6,12,5,19,1,1,0,0,0,0,2,2,2,1,1,2,5,2,23045
2015,6,12,5,18,1,1,0,0,0,0,1,22,2,1,5,1,26,2,21001
2015,6,13,6,5,1,1,0,0,0,0,2,2,1,4,7,2,35,2,34027
2015,6,14,7,21,1,1,0,0,0,0,1,4,1,1,3,2,19,1,44045
2015,6,15,1,13,1,1,0,0,0,0,1,18,2,1,4,1,26,1,11040
2015,6,15,1,17,1,1,0,0,0,0,1,15,2,1,3,2,45,2,13040
2015,6,15,1,5,1,0,0,0,1,1,1,1,2,3,7,2,28,2,73006
2015,6,15,1,0,1,0,1,0,0,0,1,1,2,4,7,1,21,2,33039
2015,6,16,2,19,1,1,0,0,0,0,1,2,2,1,8,1,20,2,25112
2015,6,16,2,17,1,1,0,0,0,0,1,1,2,1,4,1,52,2,11002
2015,6,17,3,20,1,1,0,0,0,0,1,22,2,1,,1,25,2,11002
2015,6,17,3,12,1,1,0,0,0,0,1,1,2,1,4,1,20,1,21004
2015,6,17,3,8,1,1,0,0,0,0,1,18,2,1,4,2,26,2,38014
2015,6,22,1,11,1,1,0,0,0,0,1,1,2,1,4,1,38,2,62060
2015,6,23,2,9,1,1,0,0,0,0,1,1,2,1,4,1,46,1,34022
2015,6,25,4,0,1,1,0,0,0,0,1,1,1,4,3,2,60,1,11040
2015,6,25,4,11,1,1,0,0,0,0,1,22,2,1,5,1,52,1,21005
2015,6,25,4,17,1,1,0,0,0,0,1,18,2,1,2,2,11,1,72039
2015,6,26,5,15,1,1,0,0,0,0,2,1,2,1,3,2,22,2,11037
2015,6,27,6,16,1,1,0,0,0,0,2,1,2,1,3,1,37,2,44021
2015,6,27,6,17,1,0,1,0,0,0,1,24,2,1,3,1,25,1,36012
2015,6,28,7,10,1,1,0,0,0,0,2,12,1,1,7,2,40,1,35011
2015,6,29,1,16,1,1,0,0,0,0,1,1,2,1,3,1,25,1,44001
2015,7,1,3,11,1,1,0,0,0,0,1,22,2,1,5,1,,,24062
2015,7,1,3,3,1,1,0,0,0,0,1,1,2,3,7,1,26,1,62119
2015,7,2,4,9,1,1,0,0,0,0,1,1,2,1,3,1,33,2,23003
2015,7,6,1,21,1,0,1,0,0,0,1,18,2,1,2,2,51,2,72038
2015,7,10,5,7,1,1,0,0,0,0,1,1,2,,7,,27,2,35011
2015,7,10,5,16,1,1,0,0,0,0,1,1,1,1,3,2,42,1,44040
2015,7,10,5,20,2,2,0,0,0,0,2,1,1,1,4,2,22,2,44049
2015,7,10,5,16,1,1,0,0,0,0,1,1,2,1,2,2,61,2,52025
2015,7,11,6,12,1,1,0,0,0,0,2,1,2,1,4,2,1,1,43010
2015,7,12,7,16,1,1,0,0,0,0,1,15,2,1,3,1,66,1,41002
2015,7,12,7,15,1,1,0,0,0,0,1,1,1,1,7,2,80,2,63073
2015,7,12,7,12,1,1,0,0,0,0,1,16,2,1,4,1,27,1,13019
2015,7,12,7,6,1,1,0,0,0,0,1,16,2,2,8,1,20,2,11002
2015,7,13,1,18,1,1,0,0,0,0,1,1,2,1,3,2,50,2,12007
2015,7,13,1,14,1,1,0,0,0,0,1,1,2,1,4,2,91,1,13003
2015,7,13,1,17,1,1,0,0,0,0,1,1,2,1,2,2,24,2,56005
2015,7,13,1,12,1,1,0,0,0,0,2,1,2,1,2,1,13,2,43010
2015,7,13,1,16,1,1,0,0,0,0,1,1,1,1,3,2,47,2,44021
2015,7,14,2,17,1,1,0,0,0,0,1,6,2,1,3,2,37,,13040
2015,7,15,3,14,1,1,0,0,0,0,1,1,2,1,2,2,45,2,11023
2015,7,16,4,14,1,1,0,0,0,0,1,18,2,1,4,,14,1,34041
2015,7,16,4,13,1,1,0,0,0,0,1,18,2,1,4,,23,1,44043
2015,7,17,5,20,1,1,0,0,0,0,1,22,2,1,5,1,44,2,23098
2015,7,18,6,3,1,1,0,0,0,0,1,1,2,,2,,55,2,57081
2015,7,19,7,19,1,1,0,0,0,0,1,16,2,1,2,1,35,2,31043
2015,7,20,1,11,1,1,0,0,0,0,1,2,2,1,3,1,76,1,57062
2015,7,20,1,18,1,1,0,0,0,0,2,3,1,1,4,2,6,2,11002
2015,7,20,1,13,1,1,0,0,0,0,1,14,2,1,8,2,31,2,11035
2015,7,24,5,18,1,1,0,0,0,0,1,15,2,1,4,2,41,1,72020
2015,7,28,2,21,1,1,0,0,0,0,1,18,2,1,4,1,20,1,31043
2015,7,29,3,8,1,1,0,0,0,0,1,4,1,1,3,2,50,1,73107
2015,7,29,3,17,1,1,0,0,0,0,1,2,2,1,2,2,28,1,52075
2015,7,29,3,15,1,1,0,0,0,0,1,18,2,1,4,,74,1,62063
2015,7,31,5,10,1,1,0,0,0,0,1,1,2,1,2,2,62,1,44021
2015,8,1,6,10,1,1,0,0,0,0,1,1,2,1,7,2,38,2,61031
2015,8,1,6,22,1,1,0,0,0,0,1,2,2,3,7,1,64,1,92087
2015,8,1,6,12,1,1,0,0,0,0,1,18,2,1,2,1,48,1,12007
2015,8,2,7,22,1,1,0,0,0,0,1,1,2,,4,,44,2,91114
2015,8,3,1,5,1,1,0,0,0,0,1,1,2,3,8,1,25,1,63048
2015,8,3,1,11,1,1,0,0,0,0,1,2,2,1,2,1,38,1,62079
2015,8,3,1,11,1,1,0,0,0,0,2,1,1,1,1,2,61,2,23094
2015,8,4,2,18,1,1,0,0,0,0,1,2,1,1,4,2,67,1,52012
2015,8,4,2,10,1,1,0,0,0,0,1,6,2,1,4,2,39,1,46021
2015,8,4,2,3,1,1,0,0,0,0,1,18,2,3,8,1,21,2,44021
2015,8,5,3,11,1,1,0,0,0,0,1,18,2,1,2,2,26,1,61072
2015,8,6,4,11,1,1,0,0,0,0,1,7,1,1,6,2,34,1,53053
2015,8,6,4,10,1,1,0,0,0,0,1,16,2,1,8,2,23,2,31033
2015,8,7,5,19,1,1,0,0,0,0,1,18,2,1,,1,9,1,21006
2015,8,8,6,17,1,1,0,0,0,0,2,1,2,,4,,46,2,92094
2015,8,9,7,18,1,1,0,0,0,0,1,18,2,1,8,1,55,2,42003
2015,8,9,7,11,1,1,0,0,0,0,1,14,2,1,2,2,53,1,45017
2015,8,9,7,20,1,0,0,0,1,1,1,24,2,1,7,2,22,1,72041
2015,8,11,2,20,1,1,0,0,0,0,2,1,2,1,4,1,32,2,62096
2015,8,12,3,17,1,1,0,0,0,0,1,19,2,1,2,1,26,2,31005
2015,8,12,3,14,1,1,0,0,0,0,1,1,2,1,2,1,59,1,62096
2015,8,13,4,22,1,1,0,0,0,0,1,13,2,,,,57,1,62108
2015,8,13,4,14,1,1,0,0,0,0,1,18,2,1,4,2,47,1,73109
2015,8,14,5,8,1,1,0,0,0,0,1,1,1,1,4,2,49,1,62096
2015,8,14,5,8,1,1,0,0,0,0,1,18,2,1,4,2,48,1,64029
2015,8,14,5,22,1,1,0,0,0,0,1,1,2,2,7,2,53,1,31006
2015,8,15,6,11,1,1,0,0,0,0,2,1,,1,3,1,78,2,41002
2015,8,15,6,17,1,1,0,0,0,0,2,13,2,1,8,1,28,2,44021
2015,8,16,7,21,1,1,0,0,0,0,1,1,1,1,3,2,24,2,35011
2015,8,17,1,17,1,1,0,0,0,0,1,4,2,1,3,1,46,1,34022
2015,8,17,1,15,1,1,0,0,0,0,1,1,1,1,3,2,29,1,23027
2015,8,19,3,17,1,1,0,0,0,0,1,22,2,1,5,1,41,1,21004
2015,8,20,4,15,1,1,0,0,0,0,1,1,2,1,3,1,38,1,21001
2015,8,20,4,15,1,1,0,0,0,0,2,10,2,1,3,1,1,1,21001
2015,8,20,4,16,1,1,0,0,0,0,1,18,2,1,2,2,34,2,71070
2015,8,20,4,7,1,0,1,0,0,0,1,22,2,2,5,2,18,1,11057
2015,8,20,4,11,1,1,0,0,0,0,1,13,2,1,4,1,35,1,53070
2015,8,20,4,17,1,0,1,0,0,0,1,1,1,1,3,2,18,2,31022
2015,8,21,5,11,1,1,0,0,0,0,1,1,2,1,4,1,74,2,72004
2015,8,22,6,7,1,1,0,0,0,0,2,1,2,,4,1,17,1,11002
2015,8,22,6,14,1,1,0,0,0,0,1,1,1,1,3,,32,,21001
2015,8,22,6,20,1,1,0,0,0,0,1,22,2,1,,1,24,2,21012
2015,8,22,6,18,1,1,0,0,0,0,1,13,2,1,4,1,54,1,23025
2015,8,22,6,12,1,1,0,0,0,0,2,1,1,1,3,2,5,1,52011
2015,8,23,7,17,1,1,0,0,0,0,1,22,2,1,5,1,18,2,36015
2015,8,24,1,21,1,1,0,0,0,0,1,18,2,1,4,1,34,1,21004
2015,8,25,2,4,1,1,0,0,0,0,1,1,2,3,6,2,27,2,62060
2015,8,26,3,18,1,1,0,0,0,0,1,2,2,1,1,2,41,2,92094
2015,8,30,7,17,1,1,0,0,0,0,1,22,2,1,5,2,47,2,34022
2015,8,31,1,12,1,1,0,0,0,0,1,4,2,1,7,2,59,1,38002
2015,8,31,1,11,1,1,0,0,0,0,1,18,2,1,4,1,8,2,55022
2015,9,1,2,17,1,1,0,0,0,0,1,1,2,1,3,2,31,2,24055
2015,9,1,2,17,1,0,1,0,0,0,1,18,2,1,,2,54,1,72021
2015,9,3,4,18,1,1,0,0,0,0,1,14,2,1,3,2,39,1,31005
2015,9,3,4,17,1,1,0,0,0,0,1,1,2,1,4,2,31,2,23024
2015,9,3,4,17,1,1,0,0,0,0,1,22,2,1,5,1,11,1,55010
2015,9,3,4,8,1,1,0,0,0,0,1,22,2,1,5,1,23,,62063
2015,9,3,4,17,1,1,0,0,0,0,1,13,2,1,4,2,29,1,51008
2015,9,4,5,20,1,1,0,0,0,0,1,1,2,,4,1,47,1,35013
2015,9,4,5,16,1,1,0,0,0,0,1,18,2,1,8,1,63,2,44064
2015,9,4,5,19,1,1,0,0,0,0,1,1,2,1,7,2,19,1,62119
2015,9,5,6,0,1,1,0,0,0,0,1,2,2,3,4,2,63,2,23096
2015,9,5,6,10,1,1,0,0,0,0,1,18,2,1,3,1,57,1,54010
2015,9,5,6,5,1,1,0,0,0,0,1,4,2,4,2,2,20,1,56005
2015,9,5,6,6,1,1,0,0,0,0,1,1,1,1,3,2,35,2,31022
2015,9,6,7,4,1,1,0,0,0,0,1,,2,,,,26,1,57081
2015,9,7,1,13,1,1,0,0,0,0,2,1,2,1,3,1,74,2,11002
2015,9,7,1,14,1,1,0,0,0,0,1,1,1,1,4,2,58,2,62051
2015,9,8,2,10,1,1,0,0,0,0,1,18,2,1,4,1,16,2,42026
2015,9,8,2,7,1,1,0,0,0,0,1,1,1,2,7,2,46,1,24062
2015,9,10,4,9,1,1,0,0,0,0,1,,2,,,,46,2,64074
2015,9,10,4,16,1,1,0,0,0,0,1,1,2,1,3,,26,1,83028
2015,9,11,5,17,1,0,1,0,0,0,1,18,2,1,3,1,56,2,11040
2015,9,12,6,3,1,1,0,0,0,0,1,1,2,3,7,1,28,1,52022
2015,9,12,6,14,1,1,0,0,0,0,1,22,2,1,5,1,60,2,12025
2015,9,13,7,7,1,1,0,0,0,0,1,1,2,3,7,2,45,1,23023
2015,9,14,1,15,1,1,0,0,0,0,1,1,2,1,7,1,47,1,21005
2015,9,14,1,8,1,0,1,0,0,0,1,1,1,1,7,2,26,2,11002
2015,9,15,2,7,1,1,0,0,0,0,1,1,1,2,3,2,22,1,53053
2015,9,16,3,19,1,1,0,0,0,0,2,1,2,1,4,1,,1,63079
2015,9,16,3,17,1,1,0,0,0,0,1,1,1,1,7,2,65,1,92094
2015,9,17,4,18,1,1,0,0,0,0,1,1,2,3,7,1,39,2,21012
2015,9,18,5,9,1,1,0,0,0,0,1,15,2,1,4,1,46,2,55022
2015,9,18,5,9,1,1,0,0,0,0,1,2,2,1,3,1,35,2,25105
2015,9,19,6,7,1,1,0,0,0,0,1,1,2,3,7,2,28,1,24107
2015,9,19,6,11,1,1,0,0,0,0,2,1,2,1,7,2,63,2,91141
2015,9,20,7,3,1,1,0,0,0,0,1,1,2,3,7,1,44,1,52012
2015,9,20,7,19,1,1,0,0,0,0,2,4,1,1,3,2,13,1,62108
2015,9,21,1,18,1,1,0,0,0,0,1,18,2,1,4,1,14,1,24020
2015,9,21,1,9,1,1,0,0,0,0,1,1,2,1,2,2,62,2,71016
2015,9,21,1,4,1,1,0,0,0,0,2,1,2,3,7,1,24,1,93022
2015,9,22,2,22,1,1,0,0,0,0,1,1,2,3,7,2,35,2,55039
2015,9,22,2,9,1,1,0,0,0,0,1,18,2,1,4,2,21,2,73042