year,month,monthDay,weekDay,hour,numVictims,numSlightlyInjured,numSeverelyInjured,numMortallyInjured,numDiedWithin24Hours,numDiedWithin30Days,victimType,roadUserType,roadType,lightConditions,collisionType,areaType,age,sex,municipality
2015,9,22,2,18,1,1,0,0,0,0,1,18,2,1,4,2,13,1,24001
2015,9,22,2,16,1,1,0,0,0,0,1,4,1,1,3,2,29,1,23016
2015,9,23,3,15,1,1,0,0,0,0,2,1,2,1,3,1,31,2,21019
2015,9,23,3,19,1,0,1,0,0,0,1,18,2,1,4,2,16,1,46025
2015,9,24,4,12,1,1,0,0,0,0,1,18,2,1,4,1,58,1,35006
2015,9,24,4,17,1,1,0,0,0,0,2,2,1,1,3,2,14,2,13014
2015,9,25,5,9,1,1,0,0,0,0,1,1,2,1,4,1,61,1,23025
2015,9,25,5,9,1,1,0,0,0,0,1,4,2,1,3,1,44,2,31022
2015,9,25,5,13,1,1,0,0,0,0,2,1,2,1,4,2,15,2,31042
2015,9,26,6,18,1,1,0,0,0,0,2,2,2,1,3,1,10,2,62063
2015,9,28,1,17,1,1,0,0,0,0,2,1,2,,3,,5,1,71053
2015,9,28,1,16,1,1,0,0,0,0,1,1,2,1,4,1,53,2,25112
2015,9,28,1,18,1,0,1,0,0,0,2,1,2,1,3,1,17,2,21011
2015,9,30,3,15,1,1,0,0,0,0,1,1,2,1,3,2,74,2,36010
2015,9,30,3,13,1,1,0,0,0,0,1,22,2,1,5,,15,2,46024
2015,9,30,3,9,1,1,0,0,0,0,1,18,2,1,4,1,65,2,11009
2015,10,1,4,14,1,1,0,0,0,0,1,1,2,1,1,1,31,2,21004
2015,10,1,4,10,1,1,0,0,0,0,1,18,2,1,2,,55,2,13040
2015,10,3,6,16,1,1,0,0,0,0,1,14,2,1,6,2,47,2,12026
2015,10,3,6,18,1,1,0,0,0,0,1,13,2,1,4,2,53,1,71004
2015,10,3,6,19,1,1,0,0,0,0,2,1,2,1,1,1,25,2,38014
2015,10,4,7,9,1,0,1,0,0,0,1,14,2,3,7,2,19,1,34040
2015,10,4,7,6,1,1,0,0,0,0,2,1,1,3,7,2,18,2,44021
2015,10,6,2,9,1,1,0,0,0,0,1,1,1,1,3,2,29,2,34009
2015,10,6,2,9,1,1,0,0,0,0,1,1,2,1,4,2,40,1,64029
2015,10,6,2,18,1,1,0,0,0,0,1,22,2,1,5,1,46,2,53053
2015,10,7,3,13,1,1,0,0,0,0,1,18,2,1,4,1,77,2,11055
2015,10,7,3,17,1,1,0,0,0,0,1,15,2,1,4,1,21,1,13008
2015,10,7,3,20,1,1,0,0,0,0,1,1,2,4,7,1,61,2,61039
2015,10,9,5,1,1,1,0,0,0,0,1,1,2,3,4,1,37,1,24062
2015,10,9,5,8,1,1,0,0,0,0,1,15,2,1,3,1,16,1,46020
2015,10,9,5,13,1,1,0,0,0,0,1,16,2,1,4,2,25,1,38014
2015,10,9,5,11,1,0,1,0,0,0,1,15,2,1,8,1,53,1,32011
2015,10,10,6,15,1,1,0,0,0,0,1,18,2,1,4,2,29,1,23050
2015,10,11,7,2,1,1,0,0,0,0,2,1,2,3,7,1,47,2,71053
2015,10,11,7,4,1,1,0,0,0,0,,,2,,,,,,56051
2015,10,12,1,20,1,0,1,0,0,0,1,18,2,3,2,1,47,1,12025
2015,10,14,3,18,1,1,0,0,0,0,1,18,2,2,3,1,39,2,44021
2015,10,14,3,17,1,1,0,0,0,0,1,13,2,1,3,1,50,1,21009
2015,10,18,7,18,1,1,0,0,0,0,,,2,2,,2,,,55004
2015,10,18,7,12,1,1,0,0,0,0,,,2,1,,,,,92094
2015,10,20,2,15,1,1,0,0,0,0,1,1,2,1,4,,66,1,42010
2015,10,20,2,19,1,1,0,0,0,0,1,1,2,1,7,1,22,1,52021
2015,10,21,3,20,1,1,0,0,0,0,1,18,2,3,4,1,26,2,21009
2015,10,22,4,21,1,1,0,0,0,0,1,4,2,4,7,2,49,1,83012
2015,10,22,4,8,1,1,0,0,0,0,1,1,2,,,,40,2,31003
2015,10,23,5,12,1,1,0,0,0,0,1,2,1,1,3,2,67,1,12030
2015,10,24,6,18,1,1,0,0,0,0,2,1,2,1,2,2,72,1,52055
2015,10,26,1,13,1,1,0,0,0,0,1,22,2,1,5,1,43,2,53053
2015,10,26,1,18,1,1,0,0,0,0,2,1,2,,4,,9,1,56011
2015,10,26,1,19,1,1,0,0,0,0,1,13,1,3,3,2,46,1,23016
2015,10,26,1,17,1,1,0,0,0,0,1,1,2,1,7,2,47,2,11022
2015,10,27,2,8,1,1,0,0,0,0,1,1,2,,3,,45,2,42006
2015,10,28,3,13,1,0,1,0,0,0,1,18,2,1,4,1,12,2,23088
2015,10,28,3,21,1,1,0,0,0,0,1,22,2,3,5,1,27,1,23016
2015,10,30,5,12,1,1,0,0,0,0,1,1,2,1,2,2,45,2,36015
2015,10,31,6,18,1,1,0,0,0,0,1,18,2,3,4,2,81,1,73066
2015,10,31,6,21,1,1,0,0,0,0,2,1,2,3,4,2,21,2,42008
2015,11,1,7,15,1,1,0,0,0,0,1,14,2,1,,2,39,1,12025
2015,11,1,7,18,1,1,0,0,0,0,2,2,1,2,3,2,43,2,11053
2015,11,2,1,15,1,1,0,0,0,0,2,2,2,1,3,2,26,2,71016
2015,11,4,3,9,1,1,0,0,0,0,1,1,2,1,4,2,33,2,23064
2015,11,4,3,16,1,1,0,0,0,0,2,10,2,1,4,1,50,2,36015
2015,11,5,4,19,1,1,0,0,0,0,2,1,1,3,,2,17,2,11035
2015,11,6,5,21,1,1,0,0,0,0,1,1,2,3,4,2,32,2,72039
2015,11,6,5,0,1,1,0,0,0,0,1,1,2,3,2,1,28,1,83013
2015,11,7,6,14,1,1,0,0,0,0,2,13,2,1,,1,47,2,46014
2015,11,7,6,12,1,1,0,0,0,0,1,1,2,1,7,2,19,1,45035
2015,11,8,7,15,1,1,0,0,0,0,1,16,2,1,4,1,24,1,42008
2015,11,9,1,14,1,1,0,0,0,0,1,18,2,1,4,1,38,2,44021
2015,11,9,1,21,1,1,0,0,0,0,1,1,2,3,4,2,21,1,92140
2015,11,10,2,20,1,1,0,0,0,0,2,1,2,4,3,2,27,1,72037
2015,11,10,2,22,1,1,0,0,0,0,1,1,2,3,2,1,32,1,24007
2015,11,10,2,15,1,0,0,0,1,1,1,2,2,1,7,2,32,1,57094
2015,11,11,3,15,1,1,0,0,0,0,2,2,1,1,3,2,33,2,53053
2015,11,11,3,23,1,1,0,0,0,0,1,22,2,3,5,2,32,1,61031
2015,11,12,4,18,1,1,0,0,0,0,1,2,1,3,1,2,37,1,13021
2015,11,13,5,17,1,1,0,0,0,0,1,16,2,1,8,1,19,1,34013
2015,11,13,5,18,1,1,0,0,0,0,1,22,2,1,,1,72,2,45041
2015,11,13,5,17,1,0,1,0,0,0,1,18,2,1,2,2,59,1,24062
2015,11,14,6,21,1,1,0,0,0,0,1,18,2,,4,,33,1,62063
2015,11,16,1,9,1,1,0,0,0,0,1,18,2,2,4,1,16,1,72038
2015,11,16,1,19,1,1,0,0,0,0,1,1,2,3,,1,61,2,25014
2015,11,17,2,11,1,1,0,0,0,0,1,18,2,1,2,1,59,1,44019
2015,11,17,2,18,1,0,1,0,0,0,1,13,2,3,4,2,41,1,44034
2015,11,17,2,18,1,1,0,0,0,0,1,22,2,3,5,1,14,2,63035
2015,11,18,3,15,1,0,1,0,0,0,1,18,2,1,4,2,72,2,35029
2015,11,19,4,8,1,1,0,0,0,0,1,24,2,,2,,28,1,34041
2015,11,19,4,2,1,1,0,0,0,0,1,1,,3,3,1,23,1,21004
2015,11,20,5,12,1,1,0,0,0,0,1,1,2,1,4,,30,1,31005
2015,11,21,6,20,1,1,0,0,0,0,1,1,2,3,2,1,43,2,54007
2015,11,22,7,20,1,0,1,0,0,0,1,13,2,3,7,1,29,1,46003
2015,11,22,7,0,1,1,0,0,0,0,1,1,2,3,7,2,24,2,46021
2015,11,23,1,12,1,1,0,0,0,0,1,22,2,1,,,68,1,23016
2015,11,24,2,9,1,1,0,0,0,0,1,22,2,2,5,1,41,1,24062
2015,11,25,3,14,1,1,0,0,0,0,1,22,2,1,5,2,75,1,46021
2015,11,25,3,9,1,1,0,0,0,0,1,18,2,1,,1,16,1,46003
2015,11,25,3,11,1,1,0,0,0,0,1,15,2,1,4,1,30,2,72029
2015,11,25,3,16,1,1,0,0,0,0,1,1,2,1,4,2,24,2,11016
2015,11,26,4,22,1,1,0,0,0,0,1,1,2,3,,1,28,2,83044
2015,11,27,5,10,1,1,0,0,0,0,1,18,2,1,4,2,83,1,72020
2015,11,27,5,23,1,1,0,0,0,0,1,14,2,3,4,1,27,1,21013
2015,11,28,6,13,1,1,0,0,0,0,1,13,2,1,2,2,41,1,12021
2015,11,28,6,3,1,1,0,0,0,0,1,1,2,4,7,2,37,1,71022
2015,11,28,6,11,1,1,0,0,0,0,1,22,2,1,5,1,12,1,52015
2015,12,1,2,11,1,1,0,0,0,0,1,18,2,1,,1,25,2,44021
2015,12,1,2,8,1,1,0,0,0,0,1,22,2,3,5,1,49,2,21015
2015,12,1,2,8,1,1,0,0,0,0,1,18,2,3,4,1,34,1,11013
2015,12,2,3,14,1,1,0,0,0,0,1,1,2,1,2,2,40,2,23104
2015,12,3,4,8,1,1,0,0,0,0,1,18,2,,,,13,2,71066
2015,12,4,5,15,1,1,0,0,0,0,1,1,2,1,4,1,33,1,21007
2015,12,4,5,15,1,1,0,0,0,0,2,1,2,1,7,,82,2,71070
2015,12,4,5,15,1,1,0,0,0,0,1,1,2,1,7,,83,1,71070
2015,12,5,6,6,1,0,1,0,0,0,1,22,2,3,5,2,22,2,36007
2015,12,5,6,1,1,1,0,0,0,0,1,22,2,4,5,2,23,1,57094
2015,12,6,7,17,1,1,0,0,0,0,1,1,2,3,3,1,63,2,11052
2015,12,6,7,22,1,1,0,0,0,0,1,22,2,2,5,1,19,2,21015
2015,12,7,1,9,1,1,0,0,0,0,1,1,2,,3,,30,1,53070
2015,12,7,1,13,1,1,0,0,0,0,1,18,2,1,4,2,77,1,24054
2015,12,8,2,14,1,1,0,0,0,0,1,16,2,1,4,1,20,2,11052
2015,12,9,3,7,1,1,0,0,0,0,1,22,2,3,5,1,,,21004
2015,12,9,3,15,1,1,0,0,0,0,1,1,2,1,3,2,49,2,13031
2015,12,10,4,9,1,1,0,0,0,0,1,18,2,1,3,1,10,1,11018
2015,12,13,7,18,1,1,0,0,0,0,1,16,2,3,4,1,18,1,31005
2015,12,15,2,14,1,1,0,0,0,0,1,18,2,1,4,1,18,1,44021
2015,12,15,2,10,1,1,0,0,0,0,1,18,2,1,7,2,82,2,45017
2015,12,15,2,16,1,1,0,0,0,0,1,4,1,1,7,2,45,1,62063
2015,12,15,2,15,1,0,1,0,0,0,1,22,2,1,5,1,60,1,11037
2015,12,16,3,18,1,1,0,0,0,0,1,1,2,3,,2,24,1,12025
2015,12,16,3,9,1,1,0,0,0,0,1,1,2,,,,44,1,25014
2015,12,16,3,11,1,1,0,0,0,0,1,1,2,1,1,2,24,1,44001
2015,12,18,5,23,1,1,0,0,0,0,1,1,2,3,3,1,39,1,21004
2015,12,18,5,10,1,1,0,0,0,0,1,15,2,1,4,1,34,1,23088
2015,12,18,5,11,1,1,0,0,0,0,1,16,2,1,,1,19,1,24048
2015,12,19,6,4,1,1,0,0,0,0,1,1,2,3,,2,18,1,41018
2015,12,19,6,4,1,1,0,0,0,0,2,1,2,3,,2,20,1,41018
2015,12,19,6,12,1,0,1,0,0,0,1,22,2,1,5,1,66,2,63079
2015,12,19,6,17,1,1,0,0,0,0,1,17,2,1,8,1,46,1,64034
2015,12,21,1,23,1,1,0,0,0,0,1,15,2,3,8,1,45,1,62120
2015,12,21,1,21,1,1,0,0,0,0,2,1,2,3,4,2,25,1,11002
2015,12,25,5,22,1,1,0,0,0,0,1,22,2,3,5,1,15,2,62063
2015,12,26,6,13,1,1,0,0,0,0,1,1,2,1,4,2,63,1,63001
2015,12,29,2,8,1,1,0,0,0,0,1,15,2,,,,17,2,12026
2015,12,30,3,11,1,1,0,0,0,0,1,22,2,1,,1,78,1,55022
2015,12,31,4,16,1,1,0,0,0,0,1,13,2,1,4,1,38,1,34042
2015,12,31,4,12,1,1,0,0,0,0,1,22,2,1,,1,60,1,55022
2016,1,1,5,8,1,1,0,0,0,0,1,5,2,3,7,1,28,1,44013
2016,1,2,6,21,1,1,0,0,0,0,1,1,2,3,2,1,37,1,46025
2016,1,3,7,5,1,1,0,0,0,0,2,1,2,3,7,1,22,2,57027
2016,1,3,7,4,1,1,0,0,0,0,2,1,2,3,2,1,24,2,44021
2016,1,4,1,20,1,0,1,0,0,0,1,1,2,3,6,2,18,1,41081
2016,1,4,1,13,1,1,0,0,0,0,1,4,2,1,2,2,21,1,92006
2016,1,4,1,16,1,1,0,0,0,0,1,1,2,1,4,2,35,2,23047
2016,1,6,3,19,1,1,0,0,0,0,1,18,2,3,4,2,18,2,44021
2016,1,6,3,13,1,1,0,0,0,0,1,22,2,1,5,2,10,1,23016
2016,1,8,5,18,1,1,0,0,0,0,1,22,2,3,5,1,17,1,23045
2016,1,9,6,15,1,1,0,0,0,0,1,2,2,1,4,2,27,2,51004
2016,1,10,7,9,1,1,0,0,0,0,1,1,2,1,4,2,27,2,92087
2016,1,10,7,1,2,2,0,0,0,0,2,1,2,3,2,1,23,2,25110
2016,1,14,4,23,1,1,0,0,0,0,1,22,2,3,5,1,43,2,52011
2016,1,14,4,19,1,1,0,0,0,0,1,16,2,3,4,1,21,1,24062
2016,1,16,6,0,1,1,0,0,0,0,2,1,2,3,4,1,20,1,52043
2016,1,20,3,19,1,1,0,0,0,0,2,2,2,3,4,1,10,1,11002
2016,1,20,3,16,1,1,0,0,0,0,1,22,2,1,,,22,2,11005
2016,1,22,5,11,1,1,0,0,0,0,1,18,2,1,5,1,47,2,11002
2016,1,25,1,7,1,1,0,0,0,0,1,2,2,3,4,1,41,1,21013
2016,1,25,1,8,1,1,0,0,0,0,1,22,2,3,5,1,69,1,11002
2016,1,25,1,8,1,1,0,0,0,0,1,18,2,2,2,2,36,1,44021
2016,1,27,3,13,1,1,0,0,0,0,1,16,2,1,2,2,17,1,72037
2016,1,27,3,8,1,1,0,0,0,0,1,1,2,3,3,2,25,1,44020
2016,1,28,4,23,1,1,0,0,0,0,2,1,2,3,4,2,64,2,43010
2016,1,30,6,18,1,1,0,0,0,0,1,1,2,3,6,1,73,2,12014
2016,1,30,6,6,1,1,0,0,0,0,2,1,2,3,7,1,19,1,21019
2016,2,1,1,8,1,1,0,0,0,0,1,15,2,3,5,1,26,1,46003
2016,2,2,2,18,1,1,0,0,0,0,1,1,2,1,2,2,23,2,23060
2016,2,2,2,18,1,1,0,0,0,0,1,1,2,2,2,1,51,1,61028
2016,2,2,2,9,1,1,0,0,0,0,1,1,1,1,3,2,25,2,42025
2016,2,3,3,10,1,1,0,0,0,0,1,4,2,1,4,1,20,1,23077
2016,2,4,4,9,1,1,0,0,0,0,1,22,2,2,5,1,30,2,44021
2016,2,5,5,16,1,1,0,0,0,0,1,1,2,1,1,2,44,2,11002
2016,2,5,5,8,1,1,0,0,0,0,1,1,2,3,4,2,38,1,33011
2016,2,8,1,10,1,1,0,0,0,0,2,1,2,1,3,1,4,1,11040
2016,2,9,2,8,1,1,0,0,0,0,1,6,1,1,3,2,24,1,44021
2016,2,9,2,15,1,1,0,0,0,0,1,1,1,1,3,2,63,1,57081
2016,2,9,2,13,1,1,0,0,0,0,1,1,2,1,4,1,31,1,31004
2016,2,10,3,12,1,1,0,0,0,0,1,18,2,1,4,1,54,2,24055
2016,2,10,3,23,1,0,1,0,0,0,1,16,2,3,2,2,51,2,31040
2016,2,10,3,17,1,1,0,0,0,0,2,1,2,1,4,1,,2,21012
2016,2,10,3,16,1,1,0,0,0,0,1,1,2,2,2,1,36,2,11002
2016,2,11,4,21,1,1,0,0,0,0,1,1,1,3,7,2,63,1,52015
2016,2,11,4,7,1,1,0,0,0,0,1,1,2,3,7,2,18,1,45035
2016,2,11,4,8,1,1,0,0,0,0,1,18,2,2,8,1,53,2,24062
2016,2,14,7,15,1,1,0,0,0,0,1,2,2,1,7,1,32,1,85045
2016,2,15,1,14,1,1,0,0,0,0,1,1,2,1,4,1,25,2,62063
2016,2,16,2,16,1,1,0,0,0,0,2,1,1,1,3,2,59,2,46003
2016,2,19,5,11,1,1,0,0,0,0,2,2,2,1,,1,32,2,42011
2016,2,19,5,23,1,1,0,0,0,0,2,1,2,3,3,1,33,1,25110
2016,2,20,6,17,1,1,0,0,0,0,1,1,2,1,3,2,27,1,34027
2016,2,21,7,2,1,1,0,0,0,0,2,1,1,4,3,2,,2,34013
2016,2,23,2,15,1,1,0,0,0,0,1,18,2,1,,1,14,2,46021
2016,2,24,3,12,1,1,0,0,0,0,1,1,2,1,2,2,57,2,13006
2016,2,25,4,11,1,1,0,0,0,0,1,7,1,1,3,2,43,1,62099
2016,2,25,4,19,1,1,0,0,0,0,1,13,2,3,5,1,31,1,21004
2016,2,26,5,9,1,1,0,0,0,0,1,15,2,1,4,1,18,1,23045
2016,2,27,6,16,1,1,0,0,0,0,1,17,2,1,3,2,77,2,71016
2016,2,27,6,14,1,1,0,0,0,0,1,,2,1,,2,57,1,63057
2016,2,27,6,6,1,1,0,0,0,0,2,1,2,3,7,1,21,1,85045
2016,2,28,7,18,1,1,0,0,0,0,2,2,2,3,2,1,16,2,71004
2016,2,29,1,15,1,1,0,0,0,0,2,1,1,1,4,2,31,2,55035
2016,3,1,2,8,1,1,0,0,0,0,1,22,2,,5,1,17,1,23027
2016,3,2,3,21,1,1,0,0,0,0,1,1,2,3,4,1,28,1,91013
2016,3,5,6,6,1,1,0,0,0,0,1,1,1,3,3,2,25,1,11001
2016,3,7,1,17,1,1,0,0,0,0,1,18,2,1,4,1,22,1,21018
2016,3,8,2,13,1,1,0,0,0,0,1,1,2,1,2,1,34,2,11002
2016,3,9,3,7,1,1,0,0,0,0,1,18,2,3,2,1,54,1,31012
2016,3,10,4,11,1,1,0,0,0,0,1,,2,1,,,42,2,62063
2016,3,10,4,12,1,1,0,0,0,0,1,1,2,1,4,1,86,1,73083
2016,3,10,4,11,1,1,0,0,0,0,1,15,2,1,4,1,34,2,31043
2016,3,11,5,9,1,1,0,0,0,0,1,1,2,1,4,2,42,2,23077
2016,3,11,5,8,1,1,0,0,0,0,2,1,2,,,,14,2,12021
2016,3,12,6,18,1,1,0,0,0,0,1,1,1,1,7,2,70,2,42025
2016,3,13,7,12,1,1,0,0,0,0,1,22,2,1,5,1,46,2,24130
2016,3,14,1,9,1,1,0,0,0,0,2,10,2,1,4,1,45,2,21009
2016,3,14,1,8,1,1,0,0,0,0,1,1,2,1,,1,28,2,31005
2016,3,15,2,18,1,1,0,0,0,0,1,18,2,1,4,1,64,2,36008
2016,3,16,3,8,1,0,1,0,0,0,1,2,2,1,2,2,39,2,92035
2016,3,17,4,14,1,1,0,0,0,0,1,1,2,1,3,1,47,2,25121
2016,3,18,5,17,1,1,0,0,0,0,1,17,2,1,4,1,77,1,13014
2016,3,19,6,3,1,1,0,0,0,0,2,1,2,3,8,1,35,2,11002
2016,3,21,1,9,1,1,0,0,0,0,1,1,2,1,4,1,35,1,13008
2016,3,21,1,9,1,1,0,0,0,0,1,1,2,1,3,2,35,1,41024
2016,3,22,2,9,1,1,0,0,0,0,1,1,2,1,4,2,39,2,31022
2016,3,23,3,7,1,1,0,0,0,0,2,2,1,2,3,2,34,1,13029
2016,3,24,4,22,1,1,0,0,0,0,2,1,2,3,7,1,18,1,44072
2016,3,25,5,13,1,1,0,0,0,0,1,15,2,1,3,1,43,2,44021
2016,3,26,6,17,1,0,1,0,0,0,1,18,2,1,2,2,15,1,56022
2016,3,27,7,15,1,1,0,0,0,0,1,18,2,1,4,1,25,1,11002
2016,3,29,2,8,1,1,0,0,0,0,1,1,2,1,2,2,29,2,46003
2016,3,31,4,18,1,1,0,0,0,0,1,15,2,1,4,1,19,2,92140
2016,3,31,4,20,1,0,1,0,0,0,1,18,2,1,4,2,78,1,13040
2016,3,31,4,18,1,1,0,0,0,0,1,1,2,1,2,2,37,2,13053
2016,4,1,5,16,1,0,1,0,0,0,1,22,2,1,5,1,85,2,42006
2016,4,2,6,13,1,1,0,0,0,0,1,18,2,1,,1,58,1,11040
2016,4,2,6,11,1,0,0,0,1,1,1,22,2,1,5,1,67,2,46014
2016,4,3,7,16,1,1,0,0,0,0,1,1,2,1,3,1,50,2,11053
2016,4,3,7,18,1,0,1,0,0,0,2,1,2,1,7,2,33,1,13003
2016,4,4,1,15,1,1,0,0,0,0,1,18,2,1,4,,14,1,34022
2016,4,5,2,6,1,1,0,0,0,0,2,1,,3,4,1,21,1,21004
2016,4,7,4,13,1,1,0,0,0,0,1,18,2,1,4,1,41,1,11002
2016,4,7,4,13,1,0,1,0,0,0,1,16,2,1,4,1,,1,21001
2016,4,7,4,14,1,1,0,0,0,0,1,22,2,1,5,1,6,1,21001
2016,4,7,4,18,1,0,1,0,0,0,2,2,2,1,3,2,6,1,84077
2016,4,8,5,12,1,1,0,0,0,0,2,1,2,1,3,,42,2,62063
2016,4,9,6,15,1,1,0,0,0,0,2,14,2,1,3,1,18,2,43005
2016,4,10,7,1,1,1,0,0,0,0,1,1,2,3,,1,19,1,21015
2016,4,11,1,19,1,1,0,0,0,0,1,22,2,1,5,1,51,2,62079
2016,4,12,2,17,1,1,0,0,0,0,1,1,2,1,2,1,52,2,25120
2016,4,14,4,12,1,1,0,0,0,0,1,22,2,1,5,1,54,2,21004
2016,4,14,4,12,1,1,0,0,0,0,1,15,2,1,4,2,41,2,13029
2016,4,14,4,17,1,1,0,0,0,0,1,16,2,1,8,1,17,1,44043
2016,4,15,5,11,1,1,0,0,0,0,1,18,2,1,5,1,59,1,12025
2016,4,15,5,2,1,1,0,0,0,0,1,1,2,3,7,2,55,1,31005
2016,4,16,6,13,1,1,0,0,0,0,1,1,2,1,3,1,27,2,31005
2016,4,16,6,20,1,1,0,0,0,0,1,1,2,1,4,2,23,1,11024
2016,4,18,1,20,1,1,0,0,0,0,1,13,2,2,4,1,43,1,11002
2016,4,18,1,15,1,1,0,0,0,0,1,4,1,1,4,2,48,,84035
2016,4,20,3,19,1,1,0,0,0,0,1,18,2,,,,66,1,11013
2016,4,21,4,17,1,1,0,0,0,0,1,1,2,1,7,1,60,1,62096
2016,4,22,5,9,1,1,0,0,0,0,1,18,2,1,4,1,8,1,11005
2016,4,22,5,9,1,1,0,0,0,0,1,18,2,1,4,1,25,2,44021
2016,4,24,7,14,1,1,0,0,0,0,1,22,2,1,5,1,5,1,21010
2016,4,24,7,16,1,1,0,0,0,0,1,14,2,1,4,,72,1,37020
2016,4,26,2,9,1,1,0,0,0,0,1,1,2,1,4,1,20,1,13019
2016,4,28,4,22,1,1,0,0,0,0,1,18,2,3,4,1,18,2,11002
2016,4,28,4,23,1,1,0,0,0,0,1,1,2,4,7,2,19,1,63087
2016,4,28,4,20,1,1,0,0,0,0,1,1,2,1,7,2,52,1,63057
2016,4,29,5,8,1,1,0,0,0,0,1,1,2,1,3,1,71,1,52011
2016,4,29,5,6,1,1,0,0,0,0,1,13,2,,4,1,56,1,44021
2016,4,29,5,13,1,0,1,0,0,0,1,1,2,1,7,2,24,1,73040
2016,4,29,5,11,1,1,0,0,0,0,1,1,2,1,3,1,29,2,12009
2016,4,29,5,9,1,1,0,0,0,0,1,1,2,1,7,2,51,1,31003
2016,4,30,6,23,1,1,0,0,0,0,2,1,2,3,4,1,39,2,11002
2016,5,2,1,17,1,1,0,0,0,0,2,1,2,1,3,1,24,2,21004
2016,5,3,2,21,1,1,0,0,0,0,2,16,2,2,4,1,19,1,12025
2016,5,4,3,18,1,1,0,0,0,0,1,18,2,1,,2,34,1,41081
2016,5,5,4,12,1,0,1,0,0,0,1,18,2,1,4,1,36,1,36015
2016,5,5,4,20,1,1,0,0,0,0,2,1,2,1,4,1,25,1,11002
2016,5,5,4,16,1,1,0,0,0,0,2,1,2,1,3,2,59,2,13025
2016,5,6,5,17,1,1,0,0,0,0,1,1,2,,4,,18,1,25112
2016,5,7,6,16,1,1,0,0,0,0,2,1,2,1,7,2,82,2,24045
2016,5,8,7,3,1,1,0,0,0,0,1,1,2,3,4,1,20,1,11002
2016,5,8,7,13,1,1,0,0,0,0,2,1,2,1,4,2,14,2,11039
2016,5,8,7,16,1,1,0,0,0,0,1,1,2,1,3,2,54,2,45064
2016,5,8,7,4,1,1,0,0,0,0,2,1,2,3,4,2,24,1,92094
2016,5,9,1,16,1,1,0,0,0,0,1,1,2,1,2,1,24,2,42023
2016,5,9,1,12,1,1,0,0,0,0,1,4,2,1,4,2,52,1,73032
2016,5,9,1,15,1,1,0,0,0,0,1,22,2,1,5,1,21,1,24059
2016,5,10,2,9,1,1,0,0,0,0,1,1,2,1,3,2,35,2,82005
2016,5,10,2,8,1,1,0,0,0,0,1,22,2,1,5,1,4,1,44021
2016,5,10,2,11,1,1,0,0,0,0,1,1,2,1,7,,51,2,35014
2016,5,10,2,12,1,1,0,0,0,0,1,15,2,1,4,1,48,2,41048
2016,5,11,3,18,2,2,0,0,0,0,1,1,2,,3,,33,2,63049
2016,5,12,4,9,1,1,0,0,0,0,1,1,2,1,4,1,41,2,21010
2016,5,12,4,18,1,1,0,0,0,0,2,1,2,1,2,2,57,2,44081
2016,5,15,7,13,1,1,0,0,0,0,2,1,2,1,4,1,29,2,35011
2016,5,15,7,11,1,1,0,0,0,0,2,1,2,1,4,,15,2,52011
2016,5,15,7,22,1,1,0,0,0,0,1,1,2,4,4,2,36,1,93014
2016,5,16,1,14,1,1,0,0,0,0,1,2,2,1,2,1,36,1,25120
2016,5,17,2,12,1,1,0,0,0,0,1,1,2,1,4,2,28,2,32030
2016,5,17,2,15,1,1,0,0,0,0,2,1,2,1,6,1,81,2,11002
2016,5,18,3,17,1,1,0,0,0,0,1,22,2,1,,1,29,2,21004
2016,5,18,3,20,1,1,0,0,0,0,1,18,2,,4,1,28,2,44021
2016,5,20,5,9,1,1,0,0,0,0,1,18,2,,4,1,11,1,24094
2016,5,20,5,9,1,1,0,0,0,0,1,1,2,,2,,39,2,11002
2016,5,22,7,16,1,1,0,0,0,0,2,1,2,1,7,2,30,2,23081
2016,5,22,7,18,1,1,0,0,0,0,2,1,2,1,4,2,48,2,41082
2016,5,24,2,17,1,0,1,0,0,0,1,18,2,1,3,1,67,2,34022
2016,5,24,2,16,1,1,0,0,0,0,1,18,2,1,2,2,14,2,44001
2016,5,25,3,2,1,1,0,0,0,0,1,2,2,3,7,2,26,1,83012
2016,5,25,3,11,1,1,0,0,0,0,1,16,2,1,4,1,59,2,11029
2016,5,26,4,14,1,1,0,0,0,0,2,1,2,1,3,,42,2,13049
2016,5,26,4,9,1,1,0,0,0,0,1,1,2,1,4,2,40,2,12030
2016,5,28,6,8,1,1,0,0,0,0,1,1,2,1,7,1,26,1,21004
2016,5,28,6,13,1,1,0,0,0,0,1,1,2,1,4,1,68,1,11009
2016,5,28,6,12,1,1,0,0,0,0,2,1,2,1,4,2,63,2,83028
2016,5,29,7,16,1,1,0,0,0,0,1,1,2,1,4,2,31,1,53070
2016,5,29,7,19,1,1,0,0,0,0,2,1,2,1,2,1,54,2,52011