year,month,monthDay,weekDay,hour,numVictims,numSlightlyInjured,numSeverelyInjured,numMortallyInjured,numDiedWithin24Hours,numDiedWithin30Days,victimType,roadUserType,roadType,lightConditions,collisionType,areaType,age,sex,municipality
2016,5,29,7,17,1,0,1,0,0,0,2,1,2,1,7,2,32,1,33021
2016,5,30,1,16,1,1,0,0,0,0,2,1,2,1,4,1,2,1,21009
2016,5,31,2,21,1,1,0,0,0,0,1,1,2,1,4,1,39,2,52015
2016,5,31,2,12,1,1,0,0,0,0,1,13,2,1,,,57,2,52015
2016,5,31,2,9,1,1,0,0,0,0,2,1,2,1,3,1,30,2,44019
2016,5,31,2,14,1,1,0,0,0,0,2,15,2,1,4,1,29,2,56087
2016,5,31,2,7,1,1,0,0,0,0,1,1,2,1,3,1,29,2,21008
2016,6,1,3,19,1,1,0,0,0,0,1,22,2,1,5,1,24,2,21016
2016,6,1,3,18,1,1,0,0,0,0,1,4,2,1,4,2,21,1,73107
2016,6,2,4,17,1,1,0,0,0,0,2,1,2,1,2,1,14,1,62093
2016,6,2,4,18,1,1,0,0,0,0,1,16,2,1,4,1,33,2,21004
2016,6,2,4,17,1,1,0,0,0,0,1,1,2,1,1,2,40,2,13029
2016,6,3,5,14,1,1,0,0,0,0,1,18,2,1,2,2,20,1,51004
2016,6,4,6,11,1,1,0,0,0,0,2,2,2,1,4,,38,2,62063
2016,6,4,6,15,1,1,0,0,0,0,1,1,2,1,7,2,19,2,55050
2016,6,5,7,19,1,1,0,0,0,0,1,16,2,1,4,1,45,1,62038
2016,6,5,7,9,1,1,0,0,0,0,1,18,2,1,4,1,60,2,35013
2016,6,6,1,13,1,1,0,0,0,0,1,1,2,1,3,,37,2,41027
2016,6,6,1,19,1,1,0,0,0,0,1,1,1,1,4,2,81,1,11002
2016,6,7,2,17,1,1,0,0,0,0,1,1,2,1,2,2,25,1,72040
2016,6,7,2,16,1,1,0,0,0,0,2,1,2,1,4,,5,2,71053
2016,6,7,2,17,1,1,0,0,0,0,2,4,2,1,4,2,42,2,71022
2016,6,7,2,19,1,1,0,0,0,0,1,18,2,1,4,1,25,2,44021
2016,6,8,3,8,1,1,0,0,0,0,1,18,2,1,2,1,41,1,44001
2016,6,8,3,10,1,1,0,0,0,0,1,18,2,1,4,1,59,2,11002
2016,6,8,3,19,1,1,0,0,0,0,1,22,2,1,5,1,43,2,21013
2016,6,10,5,10,1,1,0,0,0,0,1,1,2,1,4,2,22,1,91054
2016,6,10,5,11,1,1,0,0,0,0,1,18,2,1,,2,56,2,12029
2016,6,10,5,1,1,1,0,0,0,0,1,1,1,,,,53,2,23025
2016,6,11,6,16,1,1,0,0,0,0,1,1,2,1,4,2,24,1,24008
2016,6,11,6,0,1,0,1,0,0,0,1,15,2,4,4,1,16,1,52010
2016,6,12,7,17,1,1,0,0,0,0,1,15,2,1,,2,49,1,51009
2016,6,13,1,21,1,1,0,0,0,0,1,16,2,1,4,1,37,1,45035
2016,6,13,1,14,1,1,0,0,0,0,2,2,2,1,3,2,7,1,46020
2016,6,14,2,18,1,1,0,0,0,0,1,18,2,1,4,1,10,1,21015
2016,6,16,4,8,1,1,0,0,0,0,1,15,2,1,4,1,16,1,51004
2016,6,16,4,9,1,1,0,0,0,0,1,1,2,1,3,1,53,2,52011
2016,6,17,5,17,1,1,0,0,0,0,1,1,2,1,7,2,59,2,11024
2016,6,17,5,12,1,1,0,0,0,0,1,1,2,1,3,2,44,2,92035
2016,6,17,5,12,1,1,0,0,0,0,2,1,2,1,3,2,56,2,72029
2016,6,17,5,12,1,1,0,0,0,0,1,16,2,1,2,2,17,1,46021
2016,6,18,6,15,1,0,0,1,0,1,1,18,2,1,4,2,87,1,11055
2016,6,18,6,3,1,1,0,0,0,0,1,1,2,3,2,2,28,1,11001
2016,6,18,6,19,1,1,0,0,0,0,1,1,2,1,3,1,79,1,21004
2016,6,19,7,12,1,1,0,0,0,0,1,18,2,1,2,1,44,2,13023
2016,6,21,2,12,1,0,1,0,0,0,2,1,1,1,4,2,48,1,12040
2016,6,22,3,1,1,1,0,0,0,0,1,1,1,4,3,2,23,2,25105
2016,6,22,3,19,1,1,0,0,0,0,1,18,2,1,3,1,10,1,24104
2016,6,23,4,23,1,1,0,0,0,0,1,1,1,3,3,2,23,1,24059
2016,6,23,4,7,1,1,0,0,0,0,1,1,2,,3,1,37,2,12030
2016,6,24,5,23,1,1,0,0,0,0,1,14,2,2,8,2,44,2,93056
2016,6,24,5,14,1,1,0,0,0,0,1,18,2,1,8,1,48,2,21004
2016,6,27,1,10,1,1,0,0,0,0,2,1,1,1,4,2,34,2,92140
2016,6,27,1,21,1,1,0,0,0,0,2,1,2,1,3,1,13,1,71016
2016,6,27,1,11,1,1,0,0,0,0,1,22,2,1,5,1,81,2,55022
2016,6,27,1,7,1,1,0,0,0,0,1,15,2,2,4,1,54,1,45041
2016,6,27,1,21,1,1,0,0,0,0,1,15,2,1,4,1,22,1,52011
2016,6,29,3,19,1,1,0,0,0,0,1,1,1,1,3,2,24,2,24009
2016,6,29,3,2,1,1,0,0,0,0,1,4,1,4,3,2,40,2,71016
2016,6,29,3,2,1,1,0,0,0,0,2,1,1,4,3,2,23,2,71016
2016,6,30,4,8,1,0,1,0,0,0,1,1,2,1,4,2,37,1,93022
2016,7,1,5,8,1,1,0,0,0,0,1,22,2,,5,,9,1,62063
2016,7,1,5,0,1,1,0,0,0,0,1,1,2,,4,,27,2,62063
2016,7,3,7,13,1,1,0,0,0,0,1,16,2,1,4,2,16,1,23081
2016,7,3,7,12,1,0,1,0,0,0,1,18,2,1,,2,81,2,13021
2016,7,3,7,0,1,0,1,0,0,0,1,1,2,4,7,2,23,1,56005
2016,7,4,1,11,1,1,0,0,0,0,1,6,2,1,8,2,52,1,81003
2016,7,4,1,9,1,1,0,0,0,0,1,18,2,1,2,1,69,1,21019
2016,7,6,3,0,1,1,0,0,0,0,1,22,2,3,5,1,21,2,62096
2016,7,7,4,20,2,2,0,0,0,0,2,1,2,1,2,1,19,1,33011
2016,7,7,4,18,1,1,0,0,0,0,1,1,,1,8,2,56,1,57064
2016,7,9,6,16,1,1,0,0,0,0,2,1,2,1,3,2,18,2,23038
2016,7,10,7,6,1,1,0,0,0,0,1,1,2,2,4,1,24,1,55022
2016,7,10,7,16,1,0,1,0,0,0,1,14,2,1,8,2,60,1,71016
2016,7,11,1,21,1,1,0,0,0,0,1,1,2,1,7,2,18,1,31033
2016,7,12,2,8,1,1,0,0,0,0,1,1,2,1,7,2,62,2,45065
2016,7,12,2,14,1,1,0,0,0,0,1,18,2,1,4,1,19,1,11002
2016,7,13,3,19,1,1,0,0,0,0,1,18,2,1,4,2,29,1,25121
2016,7,13,3,18,1,0,1,0,0,0,2,1,2,1,3,1,7,1,52018
2016,7,15,5,12,1,1,0,0,0,0,1,16,2,1,4,1,49,1,31005
2016,7,16,6,13,1,1,0,0,0,0,1,13,2,1,4,1,34,1,24062
2016,7,17,7,12,1,1,0,0,0,0,1,18,,1,6,2,48,2,72020
2016,7,18,1,20,1,1,0,0,0,0,1,13,2,1,4,1,,1,35013
2016,7,18,1,19,1,1,0,0,0,0,1,1,2,1,4,1,66,2,62096
2016,7,19,2,18,1,1,0,0,0,0,1,1,2,1,6,1,22,2,55040
2016,7,19,2,19,1,1,0,0,0,0,1,1,2,1,3,1,61,2,36015
2016,7,20,3,8,1,1,0,0,0,0,1,18,2,1,4,1,25,1,23027
2016,7,22,5,13,1,1,0,0,0,0,2,1,2,1,4,1,24,1,62051
2016,7,23,6,8,1,1,0,0,0,0,1,1,2,1,4,2,38,1,23016
2016,7,23,6,18,1,1,0,0,0,0,2,2,2,1,2,2,33,2,51065
2016,7,24,7,17,1,1,0,0,0,0,1,1,2,1,3,2,35,1,71053
2016,7,25,1,15,1,1,0,0,0,0,2,1,2,1,2,1,18,2,12021
2016,7,26,2,10,1,1,0,0,0,0,1,1,2,1,7,2,60,1,52022
2016,7,26,2,22,1,1,0,0,0,0,1,15,2,1,8,1,63,1,53053
2016,7,28,4,9,1,1,0,0,0,0,1,1,1,1,2,1,37,2,62118
2016,7,29,5,0,1,1,0,0,0,0,1,16,2,3,4,1,17,2,62096
2016,7,29,5,13,1,1,0,0,0,0,1,16,2,1,4,,37,1,41002
2016,7,31,7,13,1,1,0,0,0,0,1,1,2,1,4,1,53,1,42008
2016,8,1,1,12,1,1,0,0,0,0,2,11,2,1,3,1,30,2,11002
2016,8,3,3,12,1,1,0,0,0,0,1,18,2,1,4,1,53,2,44072
2016,8,3,3,16,1,1,0,0,0,0,2,10,2,1,4,1,81,2,44021
2016,8,3,3,2,1,1,0,0,0,0,1,1,2,,7,,23,2,62063
2016,8,3,3,11,1,1,0,0,0,0,1,22,2,1,5,1,48,1,62096
2016,8,4,4,18,1,1,0,0,0,0,1,14,2,1,4,1,25,1,21004
2016,8,4,4,16,1,1,0,0,0,0,1,1,2,1,8,1,64,1,21005
2016,8,4,4,10,1,1,0,0,0,0,1,4,2,1,4,2,36,1,56044
2016,8,4,4,17,1,1,0,0,0,0,1,1,2,1,,2,40,1,46024
2016,8,6,6,5,1,1,0,0,0,0,1,1,2,4,7,2,20,1,11009
2016,8,6,6,13,1,0,1,0,0,0,1,18,2,1,2,1,53,1,92006
2016,8,7,7,20,1,1,0,0,0,0,1,1,2,1,7,1,82,1,72004
2016,8,7,7,11,1,1,0,0,0,0,1,18,2,1,4,1,52,2,31005
2016,8,7,7,13,1,1,0,0,0,0,1,18,2,1,6,1,66,2,25110
2016,8,8,1,8,1,1,0,0,0,0,2,1,1,1,7,2,18,1,11002
2016,8,10,3,17,1,1,0,0,0,0,2,10,2,1,4,1,22,2,11002
2016,8,11,4,18,1,1,0,0,0,0,1,22,2,1,5,1,69,1,44043
2016,8,11,4,21,1,1,0,0,0,0,1,1,2,2,4,2,47,1,63076
2016,8,11,4,11,1,1,0,0,0,0,1,22,2,1,5,1,69,1,21007
2016,8,12,5,9,1,1,0,0,0,0,1,18,2,1,4,1,53,1,21004
2016,8,12,5,18,1,1,0,0,0,0,1,18,2,1,3,2,71,1,44049
2016,8,13,6,15,1,1,0,0,0,0,1,18,2,1,3,1,70,2,44011
2016,8,13,6,18,1,1,0,0,0,0,1,16,2,1,4,1,16,1,44080
2016,8,13,6,13,1,1,0,0,0,0,1,1,2,1,4,1,32,2,55022
2016,8,14,7,0,1,1,0,0,0,0,1,18,2,3,4,1,26,1,21005
2016,8,14,7,20,1,1,0,0,0,0,1,18,2,1,,1,7,2,38014
2016,8,15,1,2,1,1,0,0,0,0,2,1,1,4,3,2,2,,92138
2016,8,16,2,18,1,1,0,0,0,0,1,1,1,1,,2,44,1,24104
2016,8,16,2,16,1,1,0,0,0,0,1,1,2,1,,,43,2,71066
2016,8,16,2,16,1,0,1,0,0,0,1,22,2,1,5,1,35,2,38008
2016,8,18,4,19,1,1,0,0,0,0,1,22,2,1,,1,26,1,12025
2016,8,19,5,18,1,1,0,0,0,0,1,1,2,1,3,2,63,1,46021
2016,8,19,5,23,1,1,0,0,0,0,2,1,2,3,4,1,38,1,71022
2016,8,19,5,15,1,1,0,0,0,0,1,1,2,1,7,1,38,1,21013
2016,8,21,7,23,1,1,0,0,0,0,1,1,2,3,4,2,45,1,54007
2016,8,21,7,15,1,1,0,0,0,0,1,1,2,1,1,,66,2,13011
2016,8,22,1,21,1,0,0,1,0,1,1,14,2,,7,2,37,1,81001
2016,8,22,1,18,1,1,0,0,0,0,1,1,2,1,1,2,49,1,35014
2016,8,23,2,17,1,0,1,0,0,0,1,1,2,1,4,2,86,1,37018
2016,8,24,3,9,1,1,0,0,0,0,1,2,1,,3,,67,2,24001
2016,8,24,3,18,1,1,0,0,0,0,1,18,2,1,2,2,48,2,12040
2016,8,24,3,17,1,1,0,0,0,0,1,18,2,1,,1,50,2,43018
2016,8,25,4,18,1,1,0,0,0,0,1,1,2,1,4,1,26,2,46003
2016,8,25,4,9,1,1,0,0,0,0,1,1,2,1,4,2,27,2,73066
2016,8,25,4,20,1,1,0,0,0,0,1,18,2,1,8,2,36,1,92094
2016,8,25,4,19,1,1,0,0,0,0,2,1,1,1,3,2,76,2,92006
2016,8,26,5,0,1,0,1,0,0,0,1,14,2,3,7,2,57,1,23052
2016,8,26,5,12,1,1,0,0,0,0,1,1,1,1,3,2,22,1,23016
2016,8,26,5,10,1,1,0,0,0,0,1,1,2,1,4,1,25,2,61043
2016,8,28,7,16,1,1,0,0,0,0,1,14,2,1,4,2,41,1,57064
2016,8,29,1,8,1,0,1,0,0,0,1,18,2,2,7,2,55,1,31043
2016,8,30,2,3,1,1,0,0,0,0,2,1,2,3,4,1,28,2,21001
2016,8,30,2,12,1,1,0,0,0,0,1,18,2,1,4,1,62,1,35002
2016,8,30,2,12,1,0,1,0,0,0,1,18,2,1,4,1,59,1,35002
2016,8,30,2,8,1,1,0,0,0,0,1,14,2,1,4,2,51,1,42010
2016,9,1,4,14,1,1,0,0,0,0,1,1,2,1,4,1,59,1,23003
2016,9,2,5,18,1,1,0,0,0,0,1,18,2,1,4,1,47,2,42026
2016,9,2,5,12,1,1,0,0,0,0,1,4,2,1,4,2,57,1,53046
2016,9,2,5,17,1,0,0,0,1,1,1,14,2,1,4,1,39,1,21001
2016,9,3,6,4,1,1,0,0,0,0,1,1,2,3,7,2,23,1,73006
2016,9,4,7,3,1,1,0,0,0,0,1,1,2,3,8,2,26,1,62096
2016,9,6,2,10,1,1,0,0,0,0,1,22,2,1,5,1,59,1,52011
2016,9,6,2,19,1,0,1,0,0,0,1,14,1,1,3,2,43,1,13008
2016,9,7,3,18,1,1,0,0,0,0,1,22,2,1,5,1,7,1,63020
2016,9,8,4,8,1,1,0,0,0,0,1,18,2,1,2,2,39,1,41002
2016,9,9,5,0,1,1,0,0,0,0,1,13,2,,4,,24,1,62051
2016,9,10,6,17,1,1,0,0,0,0,1,1,2,1,3,2,41,1,11001
2016,9,11,7,8,1,1,0,0,0,0,1,1,2,1,2,1,46,1,11055
2016,9,11,7,14,1,0,1,0,0,0,1,14,2,1,8,2,30,2,63075
2016,9,13,2,9,1,1,0,0,0,0,1,1,2,1,3,2,25,2,12014
2016,9,13,2,23,1,1,0,0,0,0,1,1,2,4,,2,26,1,91013
2016,9,14,3,8,1,1,0,0,0,0,1,1,2,1,3,1,34,2,62063
2016,9,14,3,8,1,1,0,0,0,0,1,18,2,1,2,2,12,2,12025
2016,9,14,3,10,1,1,0,0,0,0,2,1,1,1,3,2,47,2,23062
2016,9,15,4,12,1,1,0,0,0,0,1,22,2,1,5,1,35,2,21018
2016,9,15,4,20,1,1,0,0,0,0,1,18,2,2,4,1,21,1,21019
2016,9,15,4,17,1,1,0,0,0,0,1,1,2,1,3,2,49,2,55039
2016,9,17,6,19,1,0,1,0,0,0,1,18,2,1,4,1,11,1,23052
2016,9,17,6,9,1,1,0,0,0,0,1,1,2,1,3,2,38,1,23094
2016,9,17,6,15,1,1,0,0,0,0,1,18,2,1,2,2,23,1,71016
2016,9,18,7,17,1,1,0,0,0,0,2,14,2,1,2,2,23,2,23025
2016,9,21,3,12,1,1,0,0,0,0,1,1,2,1,3,1,48,2,24062
2016,9,21,3,14,1,1,0,0,0,0,2,10,2,1,2,1,3,1,21011
2016,9,21,3,18,1,0,1,0,0,0,1,18,2,1,2,2,83,1,11052
2016,9,22,4,15,1,1,0,0,0,0,1,1,2,1,4,,23,2,62063
2016,9,22,4,21,1,1,0,0,0,0,1,18,2,3,4,2,16,2,13011
2016,9,23,5,16,1,1,0,0,0,0,1,22,2,1,5,,8,1,41002
2016,9,24,6,9,1,1,0,0,0,0,1,13,2,1,3,1,56,1,55022
2016,9,24,6,13,1,1,0,0,0,0,2,4,2,1,,2,28,2,13040
2016,9,24,6,12,1,1,0,0,0,0,1,1,2,1,1,2,47,2,13025
2016,9,24,6,18,1,0,1,0,0,0,1,4,2,1,7,2,29,1,13014
2016,9,26,1,14,1,1,0,0,0,0,1,14,1,1,,,,,34027
2016,9,26,1,8,1,1,0,0,0,0,1,15,2,,,,19,2,57081
2016,9,27,2,9,1,1,0,0,0,0,1,18,2,1,3,1,24,1,21002
2016,9,27,2,16,1,1,0,0,0,0,2,15,2,1,4,1,30,1,62108
2016,9,27,2,15,1,1,0,0,0,0,1,22,2,1,5,,51,1,62063
2016,9,27,2,20,1,1,0,0,0,0,2,1,2,2,7,1,43,2,41002
2016,9,28,3,15,1,1,0,0,0,0,1,22,2,1,5,1,13,2,52011
2016,9,28,3,16,1,1,0,0,0,0,2,15,2,1,4,2,6,1,13011
2016,9,29,4,16,1,1,0,0,0,0,1,1,2,1,4,2,53,2,13019
2016,9,30,5,17,1,1,0,0,0,0,2,1,1,1,3,2,25,2,46013
2016,9,30,5,17,1,1,0,0,0,0,1,22,2,1,5,2,11,1,46013
2016,9,30,5,21,1,1,0,0,0,0,1,15,2,3,8,1,22,1,23027
2016,10,1,6,10,1,1,0,0,0,0,1,2,2,1,4,2,66,1,57094
2016,10,1,6,22,1,1,0,0,0,0,2,1,2,3,3,1,50,2,34023
2016,10,1,6,20,1,1,0,0,0,0,1,1,2,3,8,2,23,2,34042
2016,10,2,7,16,1,1,0,0,0,0,1,1,2,1,7,2,18,1,63023
2016,10,2,7,15,1,1,0,0,0,0,2,1,2,1,4,2,43,2,11024
2016,10,3,1,16,1,1,0,0,0,0,1,1,2,1,3,1,37,2,13011
2016,10,3,1,9,1,1,0,0,0,0,1,1,2,2,7,2,39,2,46003
2016,10,4,2,15,1,0,1,0,0,0,1,22,2,1,,1,55,2,54007
2016,10,5,3,10,1,0,1,0,0,0,1,16,2,1,4,2,30,1,72041
2016,10,5,3,17,1,1,0,0,0,0,1,22,2,1,5,1,37,2,61031
2016,10,5,3,11,1,1,0,0,0,0,1,18,2,1,4,1,63,2,44011
2016,10,6,4,15,1,1,0,0,0,0,1,18,2,1,4,,38,1,41081
2016,10,7,5,17,1,1,0,0,0,0,1,15,2,1,3,1,25,1,63023
2016,10,7,5,8,1,1,0,0,0,0,1,1,2,3,3,2,20,2,42006
2016,10,8,6,17,1,1,0,0,0,0,1,22,2,1,5,1,13,2,62079
2016,10,8,6,11,1,1,0,0,0,0,1,1,2,1,,2,25,1,11055
2016,10,8,6,18,1,0,1,0,0,0,1,18,2,1,2,1,74,2,31005
2016,10,8,6,16,1,1,0,0,0,0,1,18,2,1,3,2,54,1,24001
2016,10,10,1,23,1,1,0,0,0,0,1,1,2,3,7,2,42,1,31005
2016,10,11,2,7,1,1,0,0,0,0,1,22,2,2,5,1,74,1,25068
2016,10,12,3,8,1,1,0,0,0,0,1,1,2,1,2,2,59,2,23099
2016,10,13,4,14,1,1,0,0,0,0,1,22,2,1,5,1,1,2,11002
2016,10,13,4,14,1,1,0,0,0,0,1,1,2,1,,1,,,11002
2016,10,14,5,7,1,1,0,0,0,0,1,1,2,3,2,2,38,1,25050
2016,10,15,6,21,1,1,0,0,0,0,1,1,1,3,7,2,61,2,63045
2016,10,17,1,11,1,1,0,0,0,0,1,18,2,1,4,1,61,2,31005
2016,10,18,2,16,1,1,0,0,0,0,1,18,2,1,3,1,17,2,36008
2016,10,19,3,9,1,1,0,0,0,0,1,,2,,,,43,2,55050
2016,10,19,3,0,1,1,0,0,0,0,1,1,2,3,,2,29,1,55040
2016,10,19,3,17,1,1,0,0,0,0,1,1,2,1,2,2,46,1,46020
2016,10,20,4,16,1,1,0,0,0,0,1,16,2,1,3,1,19,1,42008
2016,10,20,4,19,1,1,0,0,0,0,1,1,1,2,,2,26,1,34022
2016,10,20,4,16,1,1,0,0,0,0,1,18,2,1,4,2,35,1,23047
2016,10,21,5,22,1,1,0,0,0,0,2,,2,3,,1,44,2,24055
2016,10,21,5,18,1,1,0,0,0,0,1,1,2,1,,2,17,1,54007
2016,10,21,5,23,1,0,1,0,0,0,1,1,2,3,7,2,26,1,44021
2016,10,21,5,18,1,1,0,0,0,0,1,1,2,1,3,2,22,1,42025
2016,10,24,1,20,1,1,0,0,0,0,1,18,2,3,,1,55,1,43005
2016,10,25,2,8,1,1,0,0,0,0,1,1,2,3,4,1,44,1,11037
2016,10,25,2,6,1,1,0,0,0,0,1,1,2,4,3,1,38,1,34041
2016,10,26,3,9,1,1,0,0,0,0,1,18,2,2,4,1,12,1,34013
2016,10,26,3,0,1,1,0,0,0,0,1,1,2,3,4,1,26,1,25072
2016,10,27,4,22,1,1,0,0,0,0,1,6,2,3,3,2,23,1,24007
2016,10,27,4,9,1,1,0,0,0,0,2,1,2,2,4,1,11,2,55022
2016,10,28,5,8,2,2,0,0,0,0,2,10,2,1,3,1,12,1,35011
2016,10,28,5,12,1,1,0,0,0,0,1,1,2,1,4,1,40,1,63079
2016,10,28,5,16,1,1,0,0,0,0,1,13,2,1,,2,49,1,23033
2016,10,28,5,21,1,1,0,0,0,0,1,16,2,3,7,2,40,1,23023
2016,10,30,7,14,1,1,0,0,0,0,1,15,2,1,4,1,18,2,34022
2016,11,2,3,8,1,1,0,0,0,0,1,16,2,,4,,27,2,31005
2016,11,4,5,20,1,1,0,0,0,0,,,2,3,,1,,,31043
2016,11,5,6,18,1,1,0,0,0,0,1,14,2,2,8,1,53,1,25123
2016,11,6,7,14,1,1,0,0,0,0,2,1,2,1,,2,8,2,13029
2016,11,6,7,13,1,0,1,0,0,0,1,14,2,1,3,1,49,1,31005
2016,11,7,1,19,1,1,0,0,0,0,1,18,2,3,4,1,17,2,33029
2016,11,7,1,18,1,1,0,0,0,0,1,18,2,3,4,1,72,1,44019
2016,11,7,1,14,1,1,0,0,0,0,1,1,,1,4,1,37,2,11002
2016,11,8,2,18,1,1,0,0,0,0,1,18,2,3,2,1,54,1,11002
2016,11,9,3,17,1,1,0,0,0,0,1,18,2,4,4,1,20,1,52011
2016,11,10,4,17,1,1,0,0,0,0,1,18,2,,,,13,1,12034
2016,11,11,5,20,1,1,0,0,0,0,1,22,2,3,5,1,,2,21018
2016,11,11,5,15,1,1,0,0,0,0,1,1,2,1,3,1,48,1,21004
2016,11,13,7,8,1,1,0,0,0,0,2,2,1,2,7,2,45,1,52043
2016,11,13,7,6,1,1,0,0,0,0,1,2,2,4,,2,18,1,63075
2016,11,14,1,17,1,1,0,0,0,0,2,1,2,2,7,1,68,2,84075
2016,11,14,1,13,1,1,0,0,0,0,1,1,2,1,4,2,27,1,71016
2016,11,14,1,14,1,0,1,0,0,0,1,18,2,1,2,1,57,2,46021
2016,11,16,3,7,1,1,0,0,0,0,1,1,2,2,3,2,49,1,44021
2016,11,17,4,17,1,1,0,0,0,0,1,1,2,2,4,1,49,2,24008
2016,11,19,6,1,1,1,0,0,0,0,1,1,2,3,4,2,42,1,34040
2016,11,19,6,2,1,1,0,0,0,0,1,1,2,3,3,2,24,1,51004
2016,11,19,6,4,1,0,1,0,0,0,2,1,2,3,7,1,27,1,62063
2016,11,19,6,15,1,1,0,0,0,0,2,1,2,1,,1,43,2,13008
2016,11,24,4,21,1,1,0,0,0,0,1,18,2,3,,1,32,2,44021
2016,11,24,4,17,1,1,0,0,0,0,1,18,2,1,,1,24,2,46003
2016,11,24,4,10,1,1,0,0,0,0,1,1,2,1,4,2,80,1,36006
2016,11,25,5,21,1,1,0,0,0,0,1,18,2,3,4,1,57,2,41002
2016,11,25,5,15,1,1,0,0,0,0,2,10,2,1,7,,18,2,62063
2016,11,25,5,12,1,1,0,0,0,0,1,2,2,1,2,2,26,2,91141
2016,11,28,1,9,1,1,0,0,0,0,1,,2,,,,26,2,91141
2016,11,28,1,14,1,1,0,0,0,0,1,9,2,1,7,2,40,1,44019
2016,11,29,2,13,1,1,0,0,0,0,1,1,2,1,2,1,44,2,21004
2016,11,29,2,9,1,1,0,0,0,0,1,18,2,1,8,1,54,1,25072
2016,12,1,4,18,1,1,0,0,0,0,1,18,2,3,4,1,32,2,11002
2016,12,2,5,16,1,1,0,0,0,0,2,1,2,1,4,1,28,2,21004
2016,12,2,5,23,1,1,0,0,0,0,2,1,2,3,4,1,45,1,44021
2016,12,3,6,1,1,0,1,0,0,0,2,1,2,3,7,1,17,1,53053
2016,12,3,6,14,1,1,0,0,0,0,1,18,2,1,4,1,59,2,72003
2016,12,3,6,0,1,1,0,0,0,0,1,1,2,3,4,1,39,2,11002
2016,12,3,6,19,1,1,0,0,0,0,2,2,2,3,1,1,35,1,21001
2016,12,4,7,17,1,1,0,0,0,0,2,1,2,1,,1,33,2,13008
2016,12,4,7,16,1,1,0,0,0,0,1,1,2,1,1,2,33,1,83040
2016,12,4,7,2,1,1,0,0,0,0,1,1,2,3,7,2,37,1,53053
2016,12,5,1,17,1,1,0,0,0,0,1,1,2,1,,2,18,2,13004
2016,12,6,2,21,1,1,0,0,0,0,1,1,2,3,3,2,25,2,24062
2016,12,7,3,18,1,0,1,0,0,0,1,1,2,3,2,1,29,2,61003
2016,12,7,3,8,1,1,0,0,0,0,1,1,2,3,4,2,27,1,24009
2016,12,8,4,19,1,1,0,0,0,0,1,18,2,,2,2,29,1,11002
2016,12,9,5,18,1,1,0,0,0,0,1,14,2,3,4,1,24,1,42006
2016,12,9,5,15,1,1,0,0,0,0,1,2,2,1,8,2,61,2,92094
2016,12,9,5,19,1,1,0,0,0,0,1,1,2,3,3,1,45,2,25123
2016,12,9,5,15,1,1,0,0,0,0,1,18,2,1,7,2,44,1,23047
2016,12,10,6,5,1,1,0,0,0,0,1,1,2,3,4,1,29,1,62063
2016,12,10,6,20,1,1,0,0,0,0,2,1,1,3,,2,23,2,34013
2016,12,11,7,19,1,1,0,0,0,0,1,2,2,3,,2,67,1,55004
2016,12,11,7,3,1,1,0,0,0,0,2,1,1,3,7,2,13,1,23047
2016,12,12,1,16,1,1,0,0,0,0,1,1,2,1,4,1,40,2,35013
2016,12,13,2,18,1,1,0,0,0,0,1,22,2,3,5,2,7,2,62063
2016,12,15,4,19,1,1,0,0,0,0,1,1,2,3,3,1,38,1,44052
2016,12,15,4,22,1,0,0,0,1,1,1,1,2,4,7,2,50,1,57081
2016,12,15,4,18,1,1,0,0,0,0,1,1,2,3,4,1,23,2,82014
2016,12,16,5,16,1,0,1,0,0,0,1,,2,1,,,47,2,92094
2016,12,18,7,17,1,1,0,0,0,0,1,15,2,1,,1,16,2,35013
2016,12,19,1,15,1,1,0,0,0,0,2,4,2,1,3,1,53,2,21010
2016,12,19,1,8,1,1,0,0,0,0,1,13,1,2,4,2,46,1,23062
2016,12,20,2,11,1,1,0,0,0,0,,,2,1,,,,,21004
2016,12,21,3,10,1,1,0,0,0,0,1,1,2,1,7,2,27,2,83040
2016,12,22,4,13,1,1,0,0,0,0,1,1,2,1,4,1,24,2,23025
2016,12,23,5,0,1,0,0,0,1,1,1,16,2,3,2,1,30,1,62108
2016,12,24,6,13,1,1,0,0,0,0,2,,2,1,,1,51,2,11002
2016,12,27,2,3,1,1,0,0,0,0,2,2,1,3,3,2,40,2,84033
2016,12,29,4,13,1,1,0,0,0,0,1,22,2,1,,,44,2,52011
2016,12,29,4,17,1,1,0,0,0,0,1,18,2,2,,1,11,2,46003
2016,12,29,4,11,1,1,0,0,0,0,1,2,2,1,7,2,21,1,25031
2016,12,30,5,1,1,1,0,0,0,0,1,1,2,3,7,1,44,1,25048
2016,12,30,5,15,1,1,0,0,0,0,1,1,2,1,2,1,18,2,21009